[Info  - 3:09:43 PM] 2026/05/31 15:09:43 Created View (#1)
	directory=/home/maksim/Projects/Go/Project/permissions
	view_type="GoMod"
	root_dir="file:///home/maksim/Projects/Go/Project/permissions"
	go_version="go version go1.26.3-X:nodwarf5 linux/amd64"
	build_flags=[]
	env={GOOS:linux GOARCH:amd64 GOCACHE:/home/maksim/.cache/go-build GOMODCACHE:/home/maksim/go/pkg/mod GOPATH:/home/maksim/go GOPRIVATE:github.com/PoinkCorporation/* GOFLAGS: GO111MODULE: GOTOOLCHAIN:auto GOROOT:/usr/lib/go GoVersion:26 GoVersionOutput:go version go1.26.3-X:nodwarf5 linux/amd64
 ExplicitGOWORK: EffectiveGOPACKAGESDRIVER:}
	env_overlay=[]

[Info  - 3:09:43 PM] 2026/05/31 15:09:43 go/packages.Load #1
	view_id="1"
	snapshot=0
	directory=/home/maksim/Projects/Go/Project/permissions
	query=[/home/maksim/Projects/Go/Project/permissions/... builtin]
	packages=17
	duration=101.184125ms

[Error - 3:09:48 PM] Request textDocument/inlayHint failed.
  Message: /home/maksim/Projects/Go/Project/permissions/go.mod:1: unknown directive: github.com/PoinkCorporation/Permissions-service
  Code: 0 
[Error - 3:09:48 PM] Request textDocument/definition failed.
  Message: can't find definitions for file type go.mod
  Code: 0 
[Error - 3:09:48 PM] 2026/05/31 15:09:48 code lens vendor failed: /home/maksim/Projects/Go/Project/permissions/go.mod:1: unknown directive: github.com/PoinkCorporation/Permissions-service

[Error - 3:09:48 PM] 2026/05/31 15:09:48 code lens run_govulncheck failed: /home/maksim/Projects/Go/Project/permissions/go.mod:1: unknown directive: github.com/PoinkCorporation/Permissions-service

[Error - 3:09:48 PM] 2026/05/31 15:09:48 code lens upgrade_dependency failed: /home/maksim/Projects/Go/Project/permissions/go.mod:1: unknown directive: github.com/PoinkCorporation/Permissions-service

[Error - 3:09:48 PM] 2026/05/31 15:09:48 code lens tidy failed: /home/maksim/Projects/Go/Project/permissions/go.mod:1: unknown directive: github.com/PoinkCorporation/Permissions-service

[Error - 3:09:48 PM] Request textDocument/inlayHint failed.
  Message: /home/maksim/Projects/Go/Project/permissions/go.mod:1: unknown directive: github.com/PoinkCorporation/Permissions-service
  Code: 0 
[Error - 3:09:48 PM] Request textDocument/inlayHint failed.
  Message: /home/maksim/Projects/Go/Project/permissions/go.mod:1: unknown directive: github.com/PoinkCorporation/Permissions-service
  Code: 0 
[Error - 3:09:49 PM] 2026/05/31 15:09:49 failed to compute document links: /home/maksim/Projects/Go/Project/permissions/go.mod:1: unknown directive: github.com/PoinkCorporation/Permissions-service
	URI=file:///home/maksim/Projects/Go/Project/permissions/go.mod

[Error - 3:09:49 PM] Request textDocument/hover failed.
  Message: getting modfile handle: /home/maksim/Projects/Go/Project/permissions/go.mod:1: unknown directive: github.com/PoinkCorporation/Permissions-service
  Code: 0 
[Error - 3:09:50 PM] Request textDocument/hover failed.
  Message: getting modfile handle: /home/maksim/Projects/Go/Project/permissions/go.mod:1: unknown directive: github.com/PoinkCorporation/Permissions-service
  Code: 0 
[Error - 3:09:50 PM] Request textDocument/inlayHint failed.
  Message: /home/maksim/Projects/Go/Project/permissions/go.mod:1: unknown directive: mgithub.com/PoinkCorporation/Permissions-service
  Code: 0 
[Error - 3:09:50 PM] Request textDocument/inlayHint failed.
  Message: /home/maksim/Projects/Go/Project/permissions/go.mod:1: unknown directive: mogithub.com/PoinkCorporation/Permissions-service
  Code: 0 
[Error - 3:09:51 PM] Request textDocument/inlayHint failed.
  Message: /home/maksim/Projects/Go/Project/permissions/go.mod:1: unknown directive: modgithub.com/PoinkCorporation/Permissions-service
  Code: 0 
[Error - 3:09:51 PM] 2026/05/31 15:09:51 code lens run_govulncheck failed: /home/maksim/Projects/Go/Project/permissions/go.mod:1: unknown directive: modgithub.com/PoinkCorporation/Permissions-service

[Error - 3:09:51 PM] 2026/05/31 15:09:51 code lens upgrade_dependency failed: /home/maksim/Projects/Go/Project/permissions/go.mod:1: unknown directive: modgithub.com/PoinkCorporation/Permissions-service

[Error - 3:09:51 PM] 2026/05/31 15:09:51 code lens tidy failed: /home/maksim/Projects/Go/Project/permissions/go.mod:1: unknown directive: modgithub.com/PoinkCorporation/Permissions-service

[Error - 3:09:51 PM] 2026/05/31 15:09:51 code lens vendor failed: /home/maksim/Projects/Go/Project/permissions/go.mod:1: unknown directive: modgithub.com/PoinkCorporation/Permissions-service

[Error - 3:09:51 PM] Request textDocument/inlayHint failed.
  Message: /home/maksim/Projects/Go/Project/permissions/go.mod:1: unknown directive: modugithub.com/PoinkCorporation/Permissions-service
  Code: 0 
[Error - 3:09:51 PM] 2026/05/31 15:09:51 code lens upgrade_dependency failed: /home/maksim/Projects/Go/Project/permissions/go.mod:1: unknown directive: modugithub.com/PoinkCorporation/Permissions-service

[Error - 3:09:51 PM] 2026/05/31 15:09:51 code lens tidy failed: /home/maksim/Projects/Go/Project/permissions/go.mod:1: unknown directive: modugithub.com/PoinkCorporation/Permissions-service

[Error - 3:09:51 PM] 2026/05/31 15:09:51 code lens vendor failed: /home/maksim/Projects/Go/Project/permissions/go.mod:1: unknown directive: modugithub.com/PoinkCorporation/Permissions-service

[Error - 3:09:51 PM] 2026/05/31 15:09:51 code lens run_govulncheck failed: /home/maksim/Projects/Go/Project/permissions/go.mod:1: unknown directive: modugithub.com/PoinkCorporation/Permissions-service

[Error - 3:09:51 PM] Request textDocument/inlayHint failed.
  Message: /home/maksim/Projects/Go/Project/permissions/go.mod:1: unknown directive: modulgithub.com/PoinkCorporation/Permissions-service
  Code: 0 
[Error - 3:09:51 PM] Request textDocument/inlayHint failed.
  Message: /home/maksim/Projects/Go/Project/permissions/go.mod:1: unknown directive: modulegithub.com/PoinkCorporation/Permissions-service
  Code: 0 
[Error - 3:09:52 PM] Request textDocument/definition failed.
  Message: can't find definitions for file type go.mod
  Code: 0 
[Error - 3:09:52 PM] Request textDocument/definition failed.
  Message: can't find definitions for file type go.mod
  Code: 0 
[Error - 3:09:52 PM] Request textDocument/definition failed.
  Message: can't find definitions for file type go.mod
  Code: 0 
[Info  - 3:09:53 PM] 2026/05/31 15:09:53 go/packages.Load #3
	view_id="1"
	snapshot=11
	directory=/home/maksim/Projects/Go/Project/permissions
	query=[/home/maksim/Projects/Go/Project/permissions/... builtin]
	packages=17
	duration=91.096835ms

[Info  - 3:09:54 PM] 2026/05/31 15:09:54 go/packages.Load #4
	view_id="1"
	snapshot=12
	directory=/home/maksim/Projects/Go/Project/permissions
	query=[permissions/cmd/migrator permissions/cmd/permissions permissions/gen/go/permissions permissions/internal/app permissions/internal/app/grpc permissions/internal/config permissions/internal/domain/models permissions/internal/grpc/permissions permissions/internal/lib/logger/sl permissions/internal/services/permissions permissions/internal/storage permissions/internal/storage/postgresql permissions/tests permissions/tests/suite]
	packages=14
	duration=10.822206ms

[Error - 3:10:02 PM] Request textDocument/hover failed.
  Message: no package data for import "permissions/gen/go/permissions"
  Code: 0 
[Error - 3:10:02 PM] Request textDocument/hover failed.
  Message: no package data for import "permissions/gen/go/permissions"
  Code: 0 
[Info  - 3:10:13 PM] 2026/05/31 15:10:13 background imports cache refresh starting

[Info  - 3:10:13 PM] 2026/05/31 15:10:13 background refresh finished after 53.355478ms

[Error - 3:10:22 PM] Request textDocument/hover failed.
  Message: no package data for import "permissions/gen/go/permissions"
  Code: 0 
[Error - 3:10:36 PM] Request textDocument/hover failed.
  Message: no package data for import "permissions/gen/go/permissions"
  Code: 0 
[Info  - 3:10:38 PM] 2026/05/31 15:10:38 go/packages.Load #5
	view_id="1"
	snapshot=16
	directory=/home/maksim/Projects/Go/Project/permissions
	query=[file=/home/maksim/Projects/Go/Project/permissions/tests/permission_test.go]
	packages=1
	duration=68.733624ms

[Info  - 3:10:38 PM] 2026/05/31 15:10:38 go/packages.Load #6
	view_id="1"
	snapshot=16
	directory=/home/maksim/Projects/Go/Project/permissions
	query=[file=/home/maksim/Projects/Go/Project/permissions/tests/permission_test.go]
	packages=1
	duration=69.609602ms

[Info  - 3:10:39 PM] 2026/05/31 15:10:39 go/packages.Load #7
	view_id="1"
	snapshot=17
	directory=/home/maksim/Projects/Go/Project/permissions
	query=[file=/home/maksim/Projects/Go/Project/permissions/tests/permission_test.go]
	packages=1
	duration=68.020712ms

[Info  - 3:10:39 PM] 2026/05/31 15:10:39 go/packages.Load #8
	view_id="1"
	snapshot=17
	directory=/home/maksim/Projects/Go/Project/permissions
	query=[file=/home/maksim/Projects/Go/Project/permissions/tests/permission_test.go]
	packages=1
	duration=67.666931ms

[Info  - 3:10:39 PM] 2026/05/31 15:10:39 go/packages.Load #10
	view_id="1"
	snapshot=18
	directory=/home/maksim/Projects/Go/Project/permissions
	query=[file=/home/maksim/Projects/Go/Project/permissions/tests/permission_test.go]
	packages=1
	duration=67.934685ms

[Info  - 3:10:39 PM] 2026/05/31 15:10:39 go/packages.Load #9
	view_id="1"
	snapshot=18
	directory=/home/maksim/Projects/Go/Project/permissions
	query=[file=/home/maksim/Projects/Go/Project/permissions/tests/permission_test.go]
	packages=1
	duration=70.667477ms

[Info  - 3:10:40 PM] 2026/05/31 15:10:40 go/packages.Load #12
	view_id="1"
	snapshot=19
	directory=/home/maksim/Projects/Go/Project/permissions
	query=[file=/home/maksim/Projects/Go/Project/permissions/tests/permission_test.go]
	packages=1
	duration=66.576419ms

[Info  - 3:10:40 PM] 2026/05/31 15:10:40 go/packages.Load #11
	view_id="1"
	snapshot=19
	directory=/home/maksim/Projects/Go/Project/permissions
	query=[file=/home/maksim/Projects/Go/Project/permissions/tests/permission_test.go]
	packages=1
	duration=67.678811ms

[Info  - 3:10:40 PM] 2026/05/31 15:10:40 go/packages.Load #14
	view_id="1"
	snapshot=20
	directory=/home/maksim/Projects/Go/Project/permissions
	query=[file=/home/maksim/Projects/Go/Project/permissions/tests/permission_test.go]
	packages=1
	duration=68.802614ms

[Info  - 3:10:40 PM] 2026/05/31 15:10:40 go/packages.Load #13
	view_id="1"
	snapshot=20
	directory=/home/maksim/Projects/Go/Project/permissions
	query=[file=/home/maksim/Projects/Go/Project/permissions/tests/permission_test.go]
	packages=1
	duration=69.479136ms

[Info  - 3:10:40 PM] 2026/05/31 15:10:40 go/packages.Load #15
	view_id="1"
	snapshot=21
	directory=/home/maksim/Projects/Go/Project/permissions
	query=[file=/home/maksim/Projects/Go/Project/permissions/tests/permission_test.go]
	packages=1
	duration=66.994449ms

[Info  - 3:10:40 PM] 2026/05/31 15:10:40 go/packages.Load #16
	view_id="1"
	snapshot=21
	directory=/home/maksim/Projects/Go/Project/permissions
	query=[file=/home/maksim/Projects/Go/Project/permissions/tests/permission_test.go]
	packages=1
	duration=66.50503ms

[Info  - 3:10:40 PM] 2026/05/31 15:10:40 go/packages.Load #17
	view_id="1"
	snapshot=22
	directory=/home/maksim/Projects/Go/Project/permissions
	query=[file=/home/maksim/Projects/Go/Project/permissions/tests/permission_test.go]
	packages=1
	duration=67.986654ms

[Info  - 3:10:40 PM] 2026/05/31 15:10:40 go/packages.Load #18
	view_id="1"
	snapshot=22
	directory=/home/maksim/Projects/Go/Project/permissions
	query=[file=/home/maksim/Projects/Go/Project/permissions/tests/permission_test.go]
	packages=1
	duration=70.870213ms

[Info  - 3:10:41 PM] 2026/05/31 15:10:41 go/packages.Load #20
	view_id="1"
	snapshot=23
	directory=/home/maksim/Projects/Go/Project/permissions
	query=[file=/home/maksim/Projects/Go/Project/permissions/tests/permission_test.go]
	packages=1
	duration=67.453688ms

[Info  - 3:10:41 PM] 2026/05/31 15:10:41 go/packages.Load #19
	view_id="1"
	snapshot=23
	directory=/home/maksim/Projects/Go/Project/permissions
	query=[file=/home/maksim/Projects/Go/Project/permissions/tests/permission_test.go]
	packages=1
	duration=70.012064ms

[Info  - 3:10:42 PM] 2026/05/31 15:10:42 go/packages.Load #22
	view_id="1"
	snapshot=24
	directory=/home/maksim/Projects/Go/Project/permissions
	query=[file=/home/maksim/Projects/Go/Project/permissions/tests/permission_test.go]
	packages=1
	duration=69.957976ms

[Info  - 3:10:42 PM] 2026/05/31 15:10:42 go/packages.Load #21
	view_id="1"
	snapshot=24
	directory=/home/maksim/Projects/Go/Project/permissions
	query=[file=/home/maksim/Projects/Go/Project/permissions/tests/permission_test.go]
	packages=1
	duration=71.359541ms

[Info  - 3:10:43 PM] 2026/05/31 15:10:43 go/packages.Load #24
	view_id="1"
	snapshot=25
	directory=/home/maksim/Projects/Go/Project/permissions
	query=[file=/home/maksim/Projects/Go/Project/permissions/tests/permission_test.go]
	packages=1
	duration=79.881332ms

[Info  - 3:10:43 PM] 2026/05/31 15:10:43 go/packages.Load #23
	view_id="1"
	snapshot=25
	directory=/home/maksim/Projects/Go/Project/permissions
	query=[file=/home/maksim/Projects/Go/Project/permissions/tests/permission_test.go]
	packages=1
	duration=80.932446ms

[Info  - 3:10:43 PM] 2026/05/31 15:10:43 go/packages.Load #25
	view_id="1"
	snapshot=26
	directory=/home/maksim/Projects/Go/Project/permissions
	query=[file=/home/maksim/Projects/Go/Project/permissions/tests/permission_test.go]
	packages=1
	duration=68.813666ms

[Info  - 3:10:43 PM] 2026/05/31 15:10:43 go/packages.Load #26
	view_id="1"
	snapshot=26
	directory=/home/maksim/Projects/Go/Project/permissions
	query=[file=/home/maksim/Projects/Go/Project/permissions/tests/permission_test.go]
	packages=1
	duration=68.432266ms

[Info  - 3:10:43 PM] 2026/05/31 15:10:43 go/packages.Load #28
	view_id="1"
	snapshot=27
	directory=/home/maksim/Projects/Go/Project/permissions
	query=[file=/home/maksim/Projects/Go/Project/permissions/tests/permission_test.go]
	packages=1
	duration=70.341178ms

[Info  - 3:10:43 PM] 2026/05/31 15:10:43 go/packages.Load #27
	view_id="1"
	snapshot=27
	directory=/home/maksim/Projects/Go/Project/permissions
	query=[file=/home/maksim/Projects/Go/Project/permissions/tests/permission_test.go]
	packages=1
	duration=72.710619ms

[Info  - 3:10:43 PM] 2026/05/31 15:10:43 go/packages.Load #30
	view_id="1"
	snapshot=28
	directory=/home/maksim/Projects/Go/Project/permissions
	query=[file=/home/maksim/Projects/Go/Project/permissions/tests/permission_test.go]
	packages=1
	duration=68.006166ms

[Info  - 3:10:43 PM] 2026/05/31 15:10:43 go/packages.Load #29
	view_id="1"
	snapshot=28
	directory=/home/maksim/Projects/Go/Project/permissions
	query=[file=/home/maksim/Projects/Go/Project/permissions/tests/permission_test.go]
	packages=1
	duration=70.184822ms

[Info  - 3:10:44 PM] 2026/05/31 15:10:44 go/packages.Load #32
	view_id="1"
	snapshot=29
	directory=/home/maksim/Projects/Go/Project/permissions
	query=[file=/home/maksim/Projects/Go/Project/permissions/tests/permission_test.go]
	packages=1
	duration=66.453815ms

[Info  - 3:10:44 PM] 2026/05/31 15:10:44 go/packages.Load #31
	view_id="1"
	snapshot=29
	directory=/home/maksim/Projects/Go/Project/permissions
	query=[file=/home/maksim/Projects/Go/Project/permissions/tests/permission_test.go]
	packages=1
	duration=67.393392ms

[Error - 3:10:47 PM] Request textDocument/hover failed.
  Message: no package data for import "github/gen/go/permissions"
  Code: 0 
[Error - 3:10:47 PM] Request textDocument/hover failed.
  Message: no package data for import "github/gen/go/permissions"
  Code: 0 
[Info  - 3:10:49 PM] 2026/05/31 15:10:49 go/packages.Load #34
	view_id="1"
	snapshot=30
	directory=/home/maksim/Projects/Go/Project/permissions
	query=[file=/home/maksim/Projects/Go/Project/permissions/tests/permission_test.go]
	packages=1
	duration=70.452571ms

[Info  - 3:10:49 PM] 2026/05/31 15:10:49 go/packages.Load #33
	view_id="1"
	snapshot=30
	directory=/home/maksim/Projects/Go/Project/permissions
	query=[file=/home/maksim/Projects/Go/Project/permissions/tests/permission_test.go]
	packages=1
	duration=72.036302ms

[Info  - 3:10:49 PM] 2026/05/31 15:10:49 go/packages.Load #35
	view_id="1"
	snapshot=31
	directory=/home/maksim/Projects/Go/Project/permissions
	query=[file=/home/maksim/Projects/Go/Project/permissions/tests/permission_test.go]
	packages=1
	duration=68.431551ms

[Info  - 3:10:49 PM] 2026/05/31 15:10:49 go/packages.Load #36
	view_id="1"
	snapshot=31
	directory=/home/maksim/Projects/Go/Project/permissions
	query=[file=/home/maksim/Projects/Go/Project/permissions/tests/permission_test.go]
	packages=1
	duration=68.375592ms

[Info  - 3:10:49 PM] 2026/05/31 15:10:49 go/packages.Load #38
	view_id="1"
	snapshot=32
	directory=/home/maksim/Projects/Go/Project/permissions
	query=[file=/home/maksim/Projects/Go/Project/permissions/tests/permission_test.go]
	packages=1
	duration=68.45086ms

[Info  - 3:10:49 PM] 2026/05/31 15:10:49 go/packages.Load #37
	view_id="1"
	snapshot=32
	directory=/home/maksim/Projects/Go/Project/permissions
	query=[file=/home/maksim/Projects/Go/Project/permissions/tests/permission_test.go]
	packages=1
	duration=70.787892ms

[Info  - 3:10:49 PM] 2026/05/31 15:10:49 go/packages.Load #40
	view_id="1"
	snapshot=33
	directory=/home/maksim/Projects/Go/Project/permissions
	query=[file=/home/maksim/Projects/Go/Project/permissions/tests/permission_test.go]
	packages=1
	duration=69.049375ms

[Info  - 3:10:49 PM] 2026/05/31 15:10:49 go/packages.Load #39
	view_id="1"
	snapshot=33
	directory=/home/maksim/Projects/Go/Project/permissions
	query=[file=/home/maksim/Projects/Go/Project/permissions/tests/permission_test.go]
	packages=1
	duration=70.094129ms

[Info  - 3:10:49 PM] 2026/05/31 15:10:49 go/packages.Load #42
	view_id="1"
	snapshot=34
	directory=/home/maksim/Projects/Go/Project/permissions
	query=[file=/home/maksim/Projects/Go/Project/permissions/tests/permission_test.go]
	packages=1
	duration=68.098999ms

[Info  - 3:10:49 PM] 2026/05/31 15:10:49 go/packages.Load #41
	view_id="1"
	snapshot=34
	directory=/home/maksim/Projects/Go/Project/permissions
	query=[file=/home/maksim/Projects/Go/Project/permissions/tests/permission_test.go]
	packages=1
	duration=69.996102ms

[Info  - 3:10:50 PM] 2026/05/31 15:10:50 go/packages.Load #43
	view_id="1"
	snapshot=35
	directory=/home/maksim/Projects/Go/Project/permissions
	query=[file=/home/maksim/Projects/Go/Project/permissions/tests/permission_test.go]
	packages=1
	duration=67.397016ms

[Info  - 3:10:50 PM] 2026/05/31 15:10:50 go/packages.Load #44
	view_id="1"
	snapshot=35
	directory=/home/maksim/Projects/Go/Project/permissions
	query=[file=/home/maksim/Projects/Go/Project/permissions/tests/permission_test.go]
	packages=1
	duration=67.400876ms

[Info  - 3:10:50 PM] 2026/05/31 15:10:50 go/packages.Load #46
	view_id="1"
	snapshot=36
	directory=/home/maksim/Projects/Go/Project/permissions
	query=[file=/home/maksim/Projects/Go/Project/permissions/tests/permission_test.go]
	packages=1
	duration=65.919904ms

[Info  - 3:10:50 PM] 2026/05/31 15:10:50 go/packages.Load #45
	view_id="1"
	snapshot=36
	directory=/home/maksim/Projects/Go/Project/permissions
	query=[file=/home/maksim/Projects/Go/Project/permissions/tests/permission_test.go]
	packages=1
	duration=67.251041ms

[Info  - 3:10:51 PM] 2026/05/31 15:10:51 go/packages.Load #48
	view_id="1"
	snapshot=37
	directory=/home/maksim/Projects/Go/Project/permissions
	query=[file=/home/maksim/Projects/Go/Project/permissions/tests/permission_test.go]
	packages=1
	duration=67.778358ms

[Info  - 3:10:51 PM] 2026/05/31 15:10:51 go/packages.Load #47
	view_id="1"
	snapshot=37
	directory=/home/maksim/Projects/Go/Project/permissions
	query=[file=/home/maksim/Projects/Go/Project/permissions/tests/permission_test.go]
	packages=1
	duration=69.267621ms

[Info  - 3:10:51 PM] 2026/05/31 15:10:51 go/packages.Load #49
	view_id="1"
	snapshot=38
	directory=/home/maksim/Projects/Go/Project/permissions
	query=[file=/home/maksim/Projects/Go/Project/permissions/tests/permission_test.go]
	packages=1
	duration=66.493241ms

[Info  - 3:10:51 PM] 2026/05/31 15:10:51 go/packages.Load #50
	view_id="1"
	snapshot=38
	directory=/home/maksim/Projects/Go/Project/permissions
	query=[file=/home/maksim/Projects/Go/Project/permissions/tests/permission_test.go]
	packages=1
	duration=67.772398ms

[Info  - 3:10:51 PM] 2026/05/31 15:10:51 go/packages.Load #51
	view_id="1"
	snapshot=39
	directory=/home/maksim/Projects/Go/Project/permissions
	query=[file=/home/maksim/Projects/Go/Project/permissions/tests/permission_test.go]
	packages=1
	duration=66.89781ms

[Info  - 3:10:51 PM] 2026/05/31 15:10:51 go/packages.Load #52
	view_id="1"
	snapshot=39
	directory=/home/maksim/Projects/Go/Project/permissions
	query=[file=/home/maksim/Projects/Go/Project/permissions/tests/permission_test.go]
	packages=1
	duration=69.682531ms

[Info  - 3:10:51 PM] 2026/05/31 15:10:51 go/packages.Load #54
	view_id="1"
	snapshot=40
	directory=/home/maksim/Projects/Go/Project/permissions
	query=[file=/home/maksim/Projects/Go/Project/permissions/tests/permission_test.go]
	packages=1
	duration=70.172599ms

[Info  - 3:10:51 PM] 2026/05/31 15:10:51 go/packages.Load #53
	view_id="1"
	snapshot=40
	directory=/home/maksim/Projects/Go/Project/permissions
	query=[file=/home/maksim/Projects/Go/Project/permissions/tests/permission_test.go]
	packages=1
	duration=71.369619ms

[Info  - 3:10:51 PM] 2026/05/31 15:10:51 go/packages.Load #55
	view_id="1"
	snapshot=41
	directory=/home/maksim/Projects/Go/Project/permissions
	query=[file=/home/maksim/Projects/Go/Project/permissions/tests/permission_test.go]
	packages=1
	duration=73.664733ms

[Info  - 3:10:51 PM] 2026/05/31 15:10:51 go/packages.Load #56
	view_id="1"
	snapshot=41
	directory=/home/maksim/Projects/Go/Project/permissions
	query=[file=/home/maksim/Projects/Go/Project/permissions/tests/permission_test.go]
	packages=1
	duration=74.836584ms

[Info  - 3:10:52 PM] 2026/05/31 15:10:52 go/packages.Load #58
	view_id="1"
	snapshot=42
	directory=/home/maksim/Projects/Go/Project/permissions
	query=[file=/home/maksim/Projects/Go/Project/permissions/tests/permission_test.go]
	packages=1
	duration=66.389594ms

[Info  - 3:10:52 PM] 2026/05/31 15:10:52 go/packages.Load #57
	view_id="1"
	snapshot=42
	directory=/home/maksim/Projects/Go/Project/permissions
	query=[file=/home/maksim/Projects/Go/Project/permissions/tests/permission_test.go]
	packages=1
	duration=68.244188ms

[Info  - 3:10:52 PM] 2026/05/31 15:10:52 background imports cache refresh starting

[Info  - 3:10:52 PM] 2026/05/31 15:10:52 background refresh finished after 4.692604ms

[Info  - 3:10:52 PM] 2026/05/31 15:10:52 go/packages.Load #59
	view_id="1"
	snapshot=43
	directory=/home/maksim/Projects/Go/Project/permissions
	query=[file=/home/maksim/Projects/Go/Project/permissions/tests/permission_test.go]
	packages=1
	duration=75.282014ms

[Info  - 3:10:52 PM] 2026/05/31 15:10:52 go/packages.Load #60
	view_id="1"
	snapshot=43
	directory=/home/maksim/Projects/Go/Project/permissions
	query=[file=/home/maksim/Projects/Go/Project/permissions/tests/permission_test.go]
	packages=1
	duration=75.161717ms

[Info  - 3:10:53 PM] 2026/05/31 15:10:53 go/packages.Load #61
	view_id="1"
	snapshot=44
	directory=/home/maksim/Projects/Go/Project/permissions
	query=[file=/home/maksim/Projects/Go/Project/permissions/tests/permission_test.go]
	packages=1
	duration=66.655818ms

[Info  - 3:10:53 PM] 2026/05/31 15:10:53 go/packages.Load #62
	view_id="1"
	snapshot=44
	directory=/home/maksim/Projects/Go/Project/permissions
	query=[file=/home/maksim/Projects/Go/Project/permissions/tests/permission_test.go]
	packages=1
	duration=67.898316ms

[Info  - 3:10:53 PM] 2026/05/31 15:10:53 go/packages.Load #63
	view_id="1"
	snapshot=45
	directory=/home/maksim/Projects/Go/Project/permissions
	query=[file=/home/maksim/Projects/Go/Project/permissions/tests/permission_test.go]
	packages=1
	duration=69.733243ms

[Info  - 3:10:53 PM] 2026/05/31 15:10:53 go/packages.Load #64
	view_id="1"
	snapshot=45
	directory=/home/maksim/Projects/Go/Project/permissions
	query=[file=/home/maksim/Projects/Go/Project/permissions/tests/permission_test.go]
	packages=1
	duration=70.836037ms

[Info  - 3:10:54 PM] 2026/05/31 15:10:54 go/packages.Load #65
	view_id="1"
	snapshot=46
	directory=/home/maksim/Projects/Go/Project/permissions
	query=[file=/home/maksim/Projects/Go/Project/permissions/tests/permission_test.go]
	packages=1
	duration=76.279781ms

[Info  - 3:10:54 PM] 2026/05/31 15:10:54 go/packages.Load #66
	view_id="1"
	snapshot=46
	directory=/home/maksim/Projects/Go/Project/permissions
	query=[file=/home/maksim/Projects/Go/Project/permissions/tests/permission_test.go]
	packages=1
	duration=75.726694ms

[Info  - 3:10:54 PM] 2026/05/31 15:10:54 go/packages.Load #68
	view_id="1"
	snapshot=47
	directory=/home/maksim/Projects/Go/Project/permissions
	query=[file=/home/maksim/Projects/Go/Project/permissions/tests/permission_test.go]
	packages=1
	duration=65.996654ms

[Info  - 3:10:54 PM] 2026/05/31 15:10:54 go/packages.Load #67
	view_id="1"
	snapshot=47
	directory=/home/maksim/Projects/Go/Project/permissions
	query=[file=/home/maksim/Projects/Go/Project/permissions/tests/permission_test.go]
	packages=1
	duration=67.567286ms

[Info  - 3:10:54 PM] 2026/05/31 15:10:54 go/packages.Load #69
	view_id="1"
	snapshot=48
	directory=/home/maksim/Projects/Go/Project/permissions
	query=[file=/home/maksim/Projects/Go/Project/permissions/tests/permission_test.go]
	packages=1
	duration=70.041845ms

[Info  - 3:10:54 PM] 2026/05/31 15:10:54 go/packages.Load #70
	view_id="1"
	snapshot=48
	directory=/home/maksim/Projects/Go/Project/permissions
	query=[file=/home/maksim/Projects/Go/Project/permissions/tests/permission_test.go]
	packages=1
	duration=70.681639ms

[Info  - 3:10:54 PM] 2026/05/31 15:10:54 go/packages.Load #72
	view_id="1"
	snapshot=49
	directory=/home/maksim/Projects/Go/Project/permissions
	query=[file=/home/maksim/Projects/Go/Project/permissions/tests/permission_test.go]
	packages=1
	duration=66.695968ms

[Info  - 3:10:54 PM] 2026/05/31 15:10:54 go/packages.Load #71
	view_id="1"
	snapshot=49
	directory=/home/maksim/Projects/Go/Project/permissions
	query=[file=/home/maksim/Projects/Go/Project/permissions/tests/permission_test.go]
	packages=1
	duration=70.172831ms

[Info  - 3:10:54 PM] 2026/05/31 15:10:54 go/packages.Load #73
	view_id="1"
	snapshot=50
	directory=/home/maksim/Projects/Go/Project/permissions
	query=[file=/home/maksim/Projects/Go/Project/permissions/tests/permission_test.go]
	packages=1
	duration=66.602159ms

[Info  - 3:10:54 PM] 2026/05/31 15:10:54 go/packages.Load #74
	view_id="1"
	snapshot=50
	directory=/home/maksim/Projects/Go/Project/permissions
	query=[file=/home/maksim/Projects/Go/Project/permissions/tests/permission_test.go]
	packages=1
	duration=67.526527ms

[Info  - 3:10:55 PM] 2026/05/31 15:10:55 go/packages.Load #75
	view_id="1"
	snapshot=51
	directory=/home/maksim/Projects/Go/Project/permissions
	query=[file=/home/maksim/Projects/Go/Project/permissions/tests/permission_test.go]
	packages=1
	duration=67.156787ms

[Info  - 3:10:55 PM] 2026/05/31 15:10:55 go/packages.Load #76
	view_id="1"
	snapshot=51
	directory=/home/maksim/Projects/Go/Project/permissions
	query=[file=/home/maksim/Projects/Go/Project/permissions/tests/permission_test.go]
	packages=1
	duration=69.399412ms

[Info  - 3:10:55 PM] 2026/05/31 15:10:55 go/packages.Load #78
	view_id="1"
	snapshot=52
	directory=/home/maksim/Projects/Go/Project/permissions
	query=[file=/home/maksim/Projects/Go/Project/permissions/tests/permission_test.go]
	packages=1
	duration=68.508814ms

[Info  - 3:10:55 PM] 2026/05/31 15:10:55 go/packages.Load #77
	view_id="1"
	snapshot=52
	directory=/home/maksim/Projects/Go/Project/permissions
	query=[file=/home/maksim/Projects/Go/Project/permissions/tests/permission_test.go]
	packages=1
	duration=70.384948ms

[Info  - 3:10:55 PM] 2026/05/31 15:10:55 go/packages.Load #79
	view_id="1"
	snapshot=53
	directory=/home/maksim/Projects/Go/Project/permissions
	query=[file=/home/maksim/Projects/Go/Project/permissions/tests/permission_test.go]
	packages=1
	duration=69.308463ms

[Info  - 3:10:55 PM] 2026/05/31 15:10:55 go/packages.Load #80
	view_id="1"
	snapshot=53
	directory=/home/maksim/Projects/Go/Project/permissions
	query=[file=/home/maksim/Projects/Go/Project/permissions/tests/permission_test.go]
	packages=1
	duration=69.04907ms

[Info  - 3:10:55 PM] 2026/05/31 15:10:55 go/packages.Load #81
	view_id="1"
	snapshot=54
	directory=/home/maksim/Projects/Go/Project/permissions
	query=[file=/home/maksim/Projects/Go/Project/permissions/tests/permission_test.go]
	packages=1
	duration=65.669594ms

[Info  - 3:10:55 PM] 2026/05/31 15:10:55 go/packages.Load #82
	view_id="1"
	snapshot=54
	directory=/home/maksim/Projects/Go/Project/permissions
	query=[file=/home/maksim/Projects/Go/Project/permissions/tests/permission_test.go]
	packages=1
	duration=67.108608ms

[Info  - 3:10:55 PM] 2026/05/31 15:10:55 go/packages.Load #83
	view_id="1"
	snapshot=55
	directory=/home/maksim/Projects/Go/Project/permissions
	query=[file=/home/maksim/Projects/Go/Project/permissions/tests/permission_test.go]
	packages=1
	duration=67.157467ms

[Info  - 3:10:55 PM] 2026/05/31 15:10:55 go/packages.Load #84
	view_id="1"
	snapshot=55
	directory=/home/maksim/Projects/Go/Project/permissions
	query=[file=/home/maksim/Projects/Go/Project/permissions/tests/permission_test.go]
	packages=1
	duration=67.233196ms

[Info  - 3:10:55 PM] 2026/05/31 15:10:55 go/packages.Load #86
	view_id="1"
	snapshot=56
	directory=/home/maksim/Projects/Go/Project/permissions
	query=[file=/home/maksim/Projects/Go/Project/permissions/tests/permission_test.go]
	packages=1
	duration=68.276319ms

[Info  - 3:10:55 PM] 2026/05/31 15:10:55 go/packages.Load #85
	view_id="1"
	snapshot=56
	directory=/home/maksim/Projects/Go/Project/permissions
	query=[file=/home/maksim/Projects/Go/Project/permissions/tests/permission_test.go]
	packages=1
	duration=69.441181ms

[Info  - 3:10:56 PM] 2026/05/31 15:10:56 go/packages.Load #87
	view_id="1"
	snapshot=57
	directory=/home/maksim/Projects/Go/Project/permissions
	query=[file=/home/maksim/Projects/Go/Project/permissions/tests/permission_test.go]
	packages=1
	duration=69.073971ms

[Info  - 3:10:56 PM] 2026/05/31 15:10:56 go/packages.Load #88
	view_id="1"
	snapshot=57
	directory=/home/maksim/Projects/Go/Project/permissions
	query=[file=/home/maksim/Projects/Go/Project/permissions/tests/permission_test.go]
	packages=1
	duration=68.543323ms

[Info  - 3:10:56 PM] 2026/05/31 15:10:56 go/packages.Load #90
	view_id="1"
	snapshot=58
	directory=/home/maksim/Projects/Go/Project/permissions
	query=[file=/home/maksim/Projects/Go/Project/permissions/tests/permission_test.go]
	packages=1
	duration=67.735814ms

[Info  - 3:10:56 PM] 2026/05/31 15:10:56 go/packages.Load #89
	view_id="1"
	snapshot=58
	directory=/home/maksim/Projects/Go/Project/permissions
	query=[file=/home/maksim/Projects/Go/Project/permissions/tests/permission_test.go]
	packages=1
	duration=72.650682ms

[Info  - 3:10:56 PM] 2026/05/31 15:10:56 go/packages.Load #91
	view_id="1"
	snapshot=59
	directory=/home/maksim/Projects/Go/Project/permissions
	query=[file=/home/maksim/Projects/Go/Project/permissions/tests/permission_test.go]
	packages=1
	duration=67.638996ms

[Info  - 3:10:56 PM] 2026/05/31 15:10:56 go/packages.Load #92
	view_id="1"
	snapshot=59
	directory=/home/maksim/Projects/Go/Project/permissions
	query=[file=/home/maksim/Projects/Go/Project/permissions/tests/permission_test.go]
	packages=1
	duration=68.015837ms

[Info  - 3:10:56 PM] 2026/05/31 15:10:56 go/packages.Load #94
	view_id="1"
	snapshot=60
	directory=/home/maksim/Projects/Go/Project/permissions
	query=[file=/home/maksim/Projects/Go/Project/permissions/tests/permission_test.go]
	packages=1
	duration=69.947499ms

[Info  - 3:10:56 PM] 2026/05/31 15:10:56 go/packages.Load #93
	view_id="1"
	snapshot=60
	directory=/home/maksim/Projects/Go/Project/permissions
	query=[file=/home/maksim/Projects/Go/Project/permissions/tests/permission_test.go]
	packages=1
	duration=71.420553ms

[Info  - 3:10:56 PM] 2026/05/31 15:10:56 go/packages.Load #96
	view_id="1"
	snapshot=61
	directory=/home/maksim/Projects/Go/Project/permissions
	query=[file=/home/maksim/Projects/Go/Project/permissions/tests/permission_test.go]
	packages=1
	duration=68.797118ms

[Info  - 3:10:56 PM] 2026/05/31 15:10:56 go/packages.Load #95
	view_id="1"
	snapshot=61
	directory=/home/maksim/Projects/Go/Project/permissions
	query=[file=/home/maksim/Projects/Go/Project/permissions/tests/permission_test.go]
	packages=1
	duration=69.981458ms

[Info  - 3:10:56 PM] 2026/05/31 15:10:56 go/packages.Load #97
	view_id="1"
	snapshot=62
	directory=/home/maksim/Projects/Go/Project/permissions
	query=[file=/home/maksim/Projects/Go/Project/permissions/tests/permission_test.go]
	packages=1
	duration=68.771729ms

[Info  - 3:10:56 PM] 2026/05/31 15:10:56 go/packages.Load #98
	view_id="1"
	snapshot=62
	directory=/home/maksim/Projects/Go/Project/permissions
	query=[file=/home/maksim/Projects/Go/Project/permissions/tests/permission_test.go]
	packages=1
	duration=68.518294ms

[Info  - 3:10:57 PM] 2026/05/31 15:10:57 go/packages.Load #99
	view_id="1"
	snapshot=63
	directory=/home/maksim/Projects/Go/Project/permissions
	query=[file=/home/maksim/Projects/Go/Project/permissions/tests/permission_test.go]
	packages=1
	duration=75.501194ms

[Info  - 3:10:57 PM] 2026/05/31 15:10:57 go/packages.Load #100
	view_id="1"
	snapshot=63
	directory=/home/maksim/Projects/Go/Project/permissions
	query=[file=/home/maksim/Projects/Go/Project/permissions/tests/permission_test.go]
	packages=1
	duration=76.626636ms

[Info  - 3:10:57 PM] 2026/05/31 15:10:57 go/packages.Load #101
	view_id="1"
	snapshot=64
	directory=/home/maksim/Projects/Go/Project/permissions
	query=[file=/home/maksim/Projects/Go/Project/permissions/tests/permission_test.go]
	packages=1
	duration=70.971195ms

[Info  - 3:10:57 PM] 2026/05/31 15:10:57 go/packages.Load #102
	view_id="1"
	snapshot=64
	directory=/home/maksim/Projects/Go/Project/permissions
	query=[file=/home/maksim/Projects/Go/Project/permissions/tests/permission_test.go]
	packages=1
	duration=72.232833ms

[Info  - 3:10:57 PM] 2026/05/31 15:10:57 go/packages.Load #103
	view_id="1"
	snapshot=65
	directory=/home/maksim/Projects/Go/Project/permissions
	query=[file=/home/maksim/Projects/Go/Project/permissions/tests/permission_test.go]
	packages=1
	duration=67.074481ms

[Info  - 3:10:57 PM] 2026/05/31 15:10:57 go/packages.Load #104
	view_id="1"
	snapshot=65
	directory=/home/maksim/Projects/Go/Project/permissions
	query=[file=/home/maksim/Projects/Go/Project/permissions/tests/permission_test.go]
	packages=1
	duration=68.279211ms

[Info  - 3:10:57 PM] 2026/05/31 15:10:57 go/packages.Load #105
	view_id="1"
	snapshot=66
	directory=/home/maksim/Projects/Go/Project/permissions
	query=[file=/home/maksim/Projects/Go/Project/permissions/tests/permission_test.go]
	packages=1
	duration=68.468236ms

[Info  - 3:10:57 PM] 2026/05/31 15:10:57 go/packages.Load #106
	view_id="1"
	snapshot=66
	directory=/home/maksim/Projects/Go/Project/permissions
	query=[file=/home/maksim/Projects/Go/Project/permissions/tests/permission_test.go]
	packages=1
	duration=68.389119ms

[Info  - 3:10:58 PM] 2026/05/31 15:10:58 go/packages.Load #107
	view_id="1"
	snapshot=67
	directory=/home/maksim/Projects/Go/Project/permissions
	query=[file=/home/maksim/Projects/Go/Project/permissions/tests/permission_test.go]
	packages=1
	duration=69.301807ms

[Info  - 3:10:58 PM] 2026/05/31 15:10:58 go/packages.Load #108
	view_id="1"
	snapshot=67
	directory=/home/maksim/Projects/Go/Project/permissions
	query=[file=/home/maksim/Projects/Go/Project/permissions/tests/permission_test.go]
	packages=1
	duration=71.21122ms

[Info  - 3:10:58 PM] 2026/05/31 15:10:58 go/packages.Load #110
	view_id="1"
	snapshot=68
	directory=/home/maksim/Projects/Go/Project/permissions
	query=[file=/home/maksim/Projects/Go/Project/permissions/tests/permission_test.go]
	packages=1
	duration=67.653907ms

[Info  - 3:10:58 PM] 2026/05/31 15:10:58 go/packages.Load #109
	view_id="1"
	snapshot=68
	directory=/home/maksim/Projects/Go/Project/permissions
	query=[file=/home/maksim/Projects/Go/Project/permissions/tests/permission_test.go]
	packages=1
	duration=68.387569ms

[Info  - 3:10:58 PM] 2026/05/31 15:10:58 go/packages.Load #112
	view_id="1"
	snapshot=69
	directory=/home/maksim/Projects/Go/Project/permissions
	query=[file=/home/maksim/Projects/Go/Project/permissions/tests/permission_test.go]
	packages=1
	duration=65.940719ms

[Info  - 3:10:58 PM] 2026/05/31 15:10:58 go/packages.Load #111
	view_id="1"
	snapshot=69
	directory=/home/maksim/Projects/Go/Project/permissions
	query=[file=/home/maksim/Projects/Go/Project/permissions/tests/permission_test.go]
	packages=1
	duration=68.238973ms

[Info  - 3:10:58 PM] 2026/05/31 15:10:58 go/packages.Load #113
	view_id="1"
	snapshot=70
	directory=/home/maksim/Projects/Go/Project/permissions
	query=[file=/home/maksim/Projects/Go/Project/permissions/tests/permission_test.go]
	packages=1
	duration=70.171785ms

[Info  - 3:10:58 PM] 2026/05/31 15:10:58 go/packages.Load #114
	view_id="1"
	snapshot=70
	directory=/home/maksim/Projects/Go/Project/permissions
	query=[file=/home/maksim/Projects/Go/Project/permissions/tests/permission_test.go]
	packages=1
	duration=70.125156ms

[Info  - 3:10:58 PM] 2026/05/31 15:10:58 go/packages.Load #115
	view_id="1"
	snapshot=71
	directory=/home/maksim/Projects/Go/Project/permissions
	query=[file=/home/maksim/Projects/Go/Project/permissions/tests/permission_test.go]
	packages=1
	duration=68.096976ms

[Info  - 3:10:58 PM] 2026/05/31 15:10:58 go/packages.Load #116
	view_id="1"
	snapshot=71
	directory=/home/maksim/Projects/Go/Project/permissions
	query=[file=/home/maksim/Projects/Go/Project/permissions/tests/permission_test.go]
	packages=1
	duration=70.215074ms

[Info  - 3:10:59 PM] 2026/05/31 15:10:59 go/packages.Load #117
	view_id="1"
	snapshot=72
	directory=/home/maksim/Projects/Go/Project/permissions
	query=[file=/home/maksim/Projects/Go/Project/permissions/tests/permission_test.go]
	packages=1
	duration=68.624034ms

[Info  - 3:10:59 PM] 2026/05/31 15:10:59 go/packages.Load #118
	view_id="1"
	snapshot=72
	directory=/home/maksim/Projects/Go/Project/permissions
	query=[file=/home/maksim/Projects/Go/Project/permissions/tests/permission_test.go]
	packages=1
	duration=68.804089ms

[Info  - 3:10:59 PM] 2026/05/31 15:10:59 go/packages.Load #120
	view_id="1"
	snapshot=73
	directory=/home/maksim/Projects/Go/Project/permissions
	query=[file=/home/maksim/Projects/Go/Project/permissions/tests/permission_test.go]
	packages=1
	duration=70.054699ms

[Info  - 3:10:59 PM] 2026/05/31 15:10:59 go/packages.Load #119
	view_id="1"
	snapshot=73
	directory=/home/maksim/Projects/Go/Project/permissions
	query=[file=/home/maksim/Projects/Go/Project/permissions/tests/permission_test.go]
	packages=1
	duration=70.843359ms

[Info  - 3:10:59 PM] 2026/05/31 15:10:59 go/packages.Load #122
	view_id="1"
	snapshot=74
	directory=/home/maksim/Projects/Go/Project/permissions
	query=[file=/home/maksim/Projects/Go/Project/permissions/tests/permission_test.go]
	packages=1
	duration=67.55199ms

[Info  - 3:10:59 PM] 2026/05/31 15:10:59 go/packages.Load #121
	view_id="1"
	snapshot=74
	directory=/home/maksim/Projects/Go/Project/permissions
	query=[file=/home/maksim/Projects/Go/Project/permissions/tests/permission_test.go]
	packages=1
	duration=69.803095ms

[Info  - 3:10:59 PM] 2026/05/31 15:10:59 go/packages.Load #123
	view_id="1"
	snapshot=75
	directory=/home/maksim/Projects/Go/Project/permissions
	query=[file=/home/maksim/Projects/Go/Project/permissions/tests/permission_test.go]
	packages=1
	duration=77.72153ms

[Info  - 3:10:59 PM] 2026/05/31 15:10:59 go/packages.Load #124
	view_id="1"
	snapshot=75
	directory=/home/maksim/Projects/Go/Project/permissions
	query=[file=/home/maksim/Projects/Go/Project/permissions/tests/permission_test.go]
	packages=1
	duration=77.511786ms

[Info  - 3:10:59 PM] 2026/05/31 15:10:59 go/packages.Load #126
	view_id="1"
	snapshot=76
	directory=/home/maksim/Projects/Go/Project/permissions
	query=[file=/home/maksim/Projects/Go/Project/permissions/tests/permission_test.go]
	packages=1
	duration=68.644703ms

[Info  - 3:10:59 PM] 2026/05/31 15:10:59 go/packages.Load #125
	view_id="1"
	snapshot=76
	directory=/home/maksim/Projects/Go/Project/permissions
	query=[file=/home/maksim/Projects/Go/Project/permissions/tests/permission_test.go]
	packages=1
	duration=69.543161ms

[Info  - 3:11:00 PM] 2026/05/31 15:11:00 go/packages.Load #128
	view_id="1"
	snapshot=77
	directory=/home/maksim/Projects/Go/Project/permissions
	query=[file=/home/maksim/Projects/Go/Project/permissions/tests/permission_test.go]
	packages=1
	duration=66.984815ms

[Info  - 3:11:00 PM] 2026/05/31 15:11:00 go/packages.Load #127
	view_id="1"
	snapshot=77
	directory=/home/maksim/Projects/Go/Project/permissions
	query=[file=/home/maksim/Projects/Go/Project/permissions/tests/permission_test.go]
	packages=1
	duration=68.594405ms

[Info  - 3:11:00 PM] 2026/05/31 15:11:00 go/packages.Load #129
	view_id="1"
	snapshot=78
	directory=/home/maksim/Projects/Go/Project/permissions
	query=[file=/home/maksim/Projects/Go/Project/permissions/tests/permission_test.go]
	packages=1
	duration=67.57404ms

[Info  - 3:11:00 PM] 2026/05/31 15:11:00 go/packages.Load #130
	view_id="1"
	snapshot=78
	directory=/home/maksim/Projects/Go/Project/permissions
	query=[file=/home/maksim/Projects/Go/Project/permissions/tests/permission_test.go]
	packages=1
	duration=68.210895ms

[Info  - 3:11:00 PM] 2026/05/31 15:11:00 go/packages.Load #131
	view_id="1"
	snapshot=79
	directory=/home/maksim/Projects/Go/Project/permissions
	query=[file=/home/maksim/Projects/Go/Project/permissions/tests/permission_test.go]
	packages=1
	duration=66.626433ms

[Info  - 3:11:00 PM] 2026/05/31 15:11:00 go/packages.Load #132
	view_id="1"
	snapshot=79
	directory=/home/maksim/Projects/Go/Project/permissions
	query=[file=/home/maksim/Projects/Go/Project/permissions/tests/permission_test.go]
	packages=1
	duration=66.79654ms

[Info  - 3:11:01 PM] 2026/05/31 15:11:01 go/packages.Load #134
	view_id="1"
	snapshot=80
	directory=/home/maksim/Projects/Go/Project/permissions
	query=[file=/home/maksim/Projects/Go/Project/permissions/tests/permission_test.go]
	packages=1
	duration=69.522923ms

[Info  - 3:11:01 PM] 2026/05/31 15:11:01 go/packages.Load #133
	view_id="1"
	snapshot=80
	directory=/home/maksim/Projects/Go/Project/permissions
	query=[file=/home/maksim/Projects/Go/Project/permissions/tests/permission_test.go]
	packages=1
	duration=73.081316ms

[Info  - 3:11:01 PM] 2026/05/31 15:11:01 go/packages.Load #135
	view_id="1"
	snapshot=81
	directory=/home/maksim/Projects/Go/Project/permissions
	query=[file=/home/maksim/Projects/Go/Project/permissions/tests/permission_test.go]
	packages=1
	duration=67.356457ms

[Info  - 3:11:01 PM] 2026/05/31 15:11:01 go/packages.Load #136
	view_id="1"
	snapshot=81
	directory=/home/maksim/Projects/Go/Project/permissions
	query=[file=/home/maksim/Projects/Go/Project/permissions/tests/permission_test.go]
	packages=1
	duration=67.62819ms

[Info  - 3:11:01 PM] 2026/05/31 15:11:01 go/packages.Load #137
	view_id="1"
	snapshot=82
	directory=/home/maksim/Projects/Go/Project/permissions
	query=[file=/home/maksim/Projects/Go/Project/permissions/tests/permission_test.go]
	packages=1
	duration=70.90088ms

[Info  - 3:11:01 PM] 2026/05/31 15:11:01 go/packages.Load #138
	view_id="1"
	snapshot=82
	directory=/home/maksim/Projects/Go/Project/permissions
	query=[file=/home/maksim/Projects/Go/Project/permissions/tests/permission_test.go]
	packages=1
	duration=70.416441ms

[Info  - 3:11:01 PM] 2026/05/31 15:11:01 go/packages.Load #140
	view_id="1"
	snapshot=83
	directory=/home/maksim/Projects/Go/Project/permissions
	query=[file=/home/maksim/Projects/Go/Project/permissions/tests/permission_test.go]
	packages=1
	duration=66.825269ms

[Info  - 3:11:01 PM] 2026/05/31 15:11:01 go/packages.Load #139
	view_id="1"
	snapshot=83
	directory=/home/maksim/Projects/Go/Project/permissions
	query=[file=/home/maksim/Projects/Go/Project/permissions/tests/permission_test.go]
	packages=1
	duration=68.86202ms

[Info  - 3:11:01 PM] 2026/05/31 15:11:01 go/packages.Load #141
	view_id="1"
	snapshot=84
	directory=/home/maksim/Projects/Go/Project/permissions
	query=[file=/home/maksim/Projects/Go/Project/permissions/tests/permission_test.go]
	packages=1
	duration=85.760226ms

[Info  - 3:11:01 PM] 2026/05/31 15:11:01 go/packages.Load #142
	view_id="1"
	snapshot=84
	directory=/home/maksim/Projects/Go/Project/permissions
	query=[file=/home/maksim/Projects/Go/Project/permissions/tests/permission_test.go]
	packages=1
	duration=88.107348ms

[Error - 3:11:06 PM] Request textDocument/definition failed.
  Message: failed to resolve import "permissions/tests/suite"
  Code: 0 
[Error - 3:11:07 PM] Request textDocument/hover failed.
  Message: no package data for import "permissions/tests/suite"
  Code: 0 
[Error - 3:11:07 PM] Request textDocument/definition failed.
  Message: failed to resolve import "permissions/tests/suite"
  Code: 0 
[Error - 3:11:07 PM] Request textDocument/definition failed.
  Message: failed to resolve import "permissions/tests/suite"
  Code: 0 
[Error - 3:11:07 PM] Request textDocument/hover failed.
  Message: no package data for import "permissions/tests/suite"
  Code: 0 
[Error - 3:11:07 PM] Request textDocument/hover failed.
  Message: no package data for import "permissions/tests/suite"
  Code: 0 
[Error - 3:11:08 PM] Request textDocument/definition failed.
  Message: failed to resolve import "permissions/tests/suite"
  Code: 0 
[Info  - 3:11:09 PM] 2026/05/31 15:11:09 go/packages.Load #144
	view_id="1"
	snapshot=85
	directory=/home/maksim/Projects/Go/Project/permissions
	query=[file=/home/maksim/Projects/Go/Project/permissions/tests/permission_test.go]
	packages=1
	duration=92.019381ms

[Info  - 3:11:09 PM] 2026/05/31 15:11:09 go/packages.Load #143
	view_id="1"
	snapshot=85
	directory=/home/maksim/Projects/Go/Project/permissions
	query=[file=/home/maksim/Projects/Go/Project/permissions/tests/permission_test.go]
	packages=1
	duration=97.644302ms

[Error - 3:11:12 PM] Request textDocument/hover failed.
  Message: no package data for import "permissions/gen/go/permissions"
  Code: 0 
[Error - 3:11:13 PM] Request textDocument/hover failed.
  Message: no package data for import "permissions/gen/go/permissions"
  Code: 0 
[Error - 3:11:13 PM] Request textDocument/hover failed.
  Message: no package data for import "permissions/gen/go/permissions"
  Code: 0 
[Error - 3:11:15 PM] Request textDocument/definition failed.
  Message: failed to resolve import "permissions/gen/go/permissions"
  Code: 0 
[Error - 3:11:15 PM] Request workspace/executeCommand failed.
  Message: no package data for import "permissions/gen/go/permissions"
  Code: 0 
[Info  - 3:11:15 PM] 2026/05/31 15:11:15 go/packages.Load #145
	view_id="1"
	snapshot=89
	directory=/home/maksim/Projects/Go/Project/permissions
	query=[file=/home/maksim/Projects/Go/Project/permissions/tests/suite/suite.go]
	packages=1
	duration=82.44111ms

[Info  - 3:11:15 PM] 2026/05/31 15:11:15 go/packages.Load #146
	view_id="1"
	snapshot=89
	directory=/home/maksim/Projects/Go/Project/permissions
	query=[file=/home/maksim/Projects/Go/Project/permissions/tests/suite/suite.go]
	packages=1
	duration=74.498904ms

[Error - 3:11:15 PM] Request textDocument/definition failed.
  Message: failed to resolve import "permissions/internal/config"
  Code: 0 
[Error - 3:11:15 PM] Request textDocument/hover failed.
  Message: no package data for import "permissions/internal/config"
  Code: 0 
[Error - 3:11:16 PM] Request textDocument/hover failed.
  Message: no package data for import "permissions/internal/config"
  Code: 0 
[Info  - 3:11:16 PM] 2026/05/31 15:11:16 go/packages.Load #147
	view_id="1"
	snapshot=89
	directory=/home/maksim/Projects/Go/Project/permissions
	query=[github.com/PoinkCorporation/Permissions-service/tests]
	packages=3
	duration=78.704682ms

[Error - 3:11:17 PM] Request textDocument/definition failed.
  Message: failed to resolve import "permissions/internal/config"
  Code: 0 
[Error - 3:11:17 PM] Request textDocument/definition failed.
  Message: failed to resolve import "permissions/internal/config"
  Code: 0 
[Info  - 3:11:17 PM] 2026/05/31 15:11:17 go/packages.Load #148
	view_id="1"
	snapshot=90
	directory=/home/maksim/Projects/Go/Project/permissions
	query=[file=/home/maksim/Projects/Go/Project/permissions/tests/suite/suite.go]
	packages=1
	duration=74.144894ms

[Info  - 3:11:17 PM] 2026/05/31 15:11:17 go/packages.Load #149
	view_id="1"
	snapshot=90
	directory=/home/maksim/Projects/Go/Project/permissions
	query=[file=/home/maksim/Projects/Go/Project/permissions/tests/suite/suite.go]
	packages=1
	duration=74.489205ms

[Info  - 3:11:18 PM] 2026/05/31 15:11:18 go/packages.Load #150
	view_id="1"
	snapshot=90
	directory=/home/maksim/Projects/Go/Project/permissions
	query=[github.com/PoinkCorporation/Permissions-service/tests]
	packages=3
	duration=79.305499ms

[Error - 3:11:22 PM] Request textDocument/hover failed.
  Message: no package data for import "permissions/internal/storage"
  Code: 0 
[Info  - 3:11:23 PM] 2026/05/31 15:11:23 background imports cache refresh starting

[Info  - 3:11:23 PM] 2026/05/31 15:11:23 background refresh finished after 4.758894ms

[Error - 3:11:23 PM] Request textDocument/hover failed.
  Message: no package data for import "permissions/internal/storage"
  Code: 0 
[Error - 3:11:23 PM] Request textDocument/hover failed.
  Message: no package data for import "permissions/internal/storage"
  Code: 0 
[Error - 3:11:24 PM] Request workspace/executeCommand failed.
  Message: no package data for import "permissions/internal/storage"
  Code: 0 
[Error - 3:11:24 PM] Request textDocument/definition failed.
  Message: failed to resolve import "permissions/internal/storage"
  Code: 0 
[Info  - 3:11:24 PM] 2026/05/31 15:11:24 go/packages.Load #151
	view_id="1"
	snapshot=92
	directory=/home/maksim/Projects/Go/Project/permissions
	query=[file=/home/maksim/Projects/Go/Project/permissions/internal/storage/postgresql/permissions.go]
	packages=1
	duration=59.414797ms

[Info  - 3:11:24 PM] 2026/05/31 15:11:24 go/packages.Load #152
	view_id="1"
	snapshot=92
	directory=/home/maksim/Projects/Go/Project/permissions
	query=[file=/home/maksim/Projects/Go/Project/permissions/internal/storage/postgresql/permissions.go]
	packages=1
	duration=60.197989ms

[Error - 3:11:27 PM] Request textDocument/hover failed.
  Message: no package data for import "permissions/internal/storage"
  Code: 0 
[Error - 3:11:28 PM] Request textDocument/hover failed.
  Message: no package data for import "permissions/internal/lib/logger/sl"
  Code: 0 
[Error - 3:11:28 PM] Request textDocument/hover failed.
  Message: no package data for import "permissions/internal/lib/logger/sl"
  Code: 0 
[Error - 3:11:29 PM] Request textDocument/definition failed.
  Message: failed to resolve import "permissions/internal/lib/logger/sl"
  Code: 0 
[Error - 3:11:29 PM] Request textDocument/definition failed.
  Message: failed to resolve import "permissions/internal/storage"
  Code: 0 
[Info  - 3:11:30 PM] 2026/05/31 15:11:30 go/packages.Load #153
	view_id="1"
	snapshot=96
	directory=/home/maksim/Projects/Go/Project/permissions
	query=[file=/home/maksim/Projects/Go/Project/permissions/internal/services/permissions/permissions.go]
	packages=1
	duration=43.913777ms

[Info  - 3:11:30 PM] 2026/05/31 15:11:30 go/packages.Load #154
	view_id="1"
	snapshot=96
	directory=/home/maksim/Projects/Go/Project/permissions
	query=[file=/home/maksim/Projects/Go/Project/permissions/internal/services/permissions/permissions.go]
	packages=1
	duration=42.853602ms

[Error - 3:11:30 PM] Request textDocument/definition failed.
  Message: failed to resolve import "permissions/internal/storage"
  Code: 0 
[Error - 3:11:30 PM] Request textDocument/hover failed.
  Message: no package data for import "permissions/internal/storage"
  Code: 0 
[Error - 3:11:31 PM] Request textDocument/definition failed.
  Message: failed to resolve import "permissions/internal/storage"
  Code: 0 
[Info  - 3:11:32 PM] 2026/05/31 15:11:32 go/packages.Load #155
	view_id="1"
	snapshot=97
	directory=/home/maksim/Projects/Go/Project/permissions
	query=[file=/home/maksim/Projects/Go/Project/permissions/internal/services/permissions/permissions.go]
	packages=1
	duration=41.606074ms

[Info  - 3:11:32 PM] 2026/05/31 15:11:32 go/packages.Load #156
	view_id="1"
	snapshot=97
	directory=/home/maksim/Projects/Go/Project/permissions
	query=[file=/home/maksim/Projects/Go/Project/permissions/internal/services/permissions/permissions.go]
	packages=1
	duration=39.542653ms

[Error - 3:11:33 PM] Request textDocument/hover failed.
  Message: no package data for import "permissions/internal/services/permissions"
  Code: 0 
[Error - 3:11:33 PM] Request textDocument/hover failed.
  Message: no package data for import "permissions/gen/go/permissions"
  Code: 0 
[Error - 3:11:35 PM] Request textDocument/definition failed.
  Message: failed to resolve import "permissions/gen/go/permissions"
  Code: 0 
[Error - 3:11:35 PM] Request textDocument/definition failed.
  Message: failed to resolve import "permissions/internal/services/permissions"
  Code: 0 
[Error - 3:11:35 PM] Request textDocument/definition failed.
  Message: failed to resolve import "permissions/internal/services/permissions"
  Code: 0 
[Info  - 3:11:35 PM] 2026/05/31 15:11:35 go/packages.Load #157
	view_id="1"
	snapshot=99
	directory=/home/maksim/Projects/Go/Project/permissions
	query=[file=/home/maksim/Projects/Go/Project/permissions/internal/grpc/permissions/server.go]
	packages=1
	duration=73.988683ms

[Info  - 3:11:35 PM] 2026/05/31 15:11:35 go/packages.Load #158
	view_id="1"
	snapshot=99
	directory=/home/maksim/Projects/Go/Project/permissions
	query=[file=/home/maksim/Projects/Go/Project/permissions/internal/grpc/permissions/server.go]
	packages=1
	duration=73.120734ms

[Error - 3:11:35 PM] Request textDocument/definition failed.
  Message: failed to resolve import "permissions/internal/services/permissions"
  Code: 0 
[Error - 3:11:35 PM] Request textDocument/hover failed.
  Message: no package data for import "permissions/internal/services/permissions"
  Code: 0 
[Error - 3:11:36 PM] Request textDocument/definition failed.
  Message: failed to resolve import "permissions/internal/services/permissions"
  Code: 0 
[Info  - 3:11:37 PM] 2026/05/31 15:11:37 go/packages.Load #159
	view_id="1"
	snapshot=100
	directory=/home/maksim/Projects/Go/Project/permissions
	query=[file=/home/maksim/Projects/Go/Project/permissions/internal/grpc/permissions/server.go]
	packages=1
	duration=69.152562ms

[Info  - 3:11:37 PM] 2026/05/31 15:11:37 go/packages.Load #160
	view_id="1"
	snapshot=100
	directory=/home/maksim/Projects/Go/Project/permissions
	query=[file=/home/maksim/Projects/Go/Project/permissions/internal/grpc/permissions/server.go]
	packages=1
	duration=69.883974ms

[Error - 3:11:39 PM] Request textDocument/hover failed.
  Message: no package data for import "permissions/internal/app/grpc"
  Code: 0 
[Error - 3:11:40 PM] Request textDocument/definition failed.
  Message: failed to resolve import "permissions/internal/app/grpc"
  Code: 0 
[Error - 3:11:40 PM] Request textDocument/definition failed.
  Message: failed to resolve import "permissions/internal/app/grpc"
  Code: 0 
[Error - 3:11:40 PM] Request textDocument/definition failed.
  Message: context canceled
  Code: 0 
[Info  - 3:11:40 PM] 2026/05/31 15:11:40 go/packages.Load #161
	view_id="1"
	snapshot=102
	directory=/home/maksim/Projects/Go/Project/permissions
	query=[file=/home/maksim/Projects/Go/Project/permissions/internal/app/app.go]
	packages=1
	duration=77.717137ms

[Info  - 3:11:40 PM] 2026/05/31 15:11:40 go/packages.Load #163
	view_id="1"
	snapshot=102
	directory=/home/maksim/Projects/Go/Project/permissions
	query=[file=/home/maksim/Projects/Go/Project/permissions/internal/app/app.go]
	packages=1
	duration=78.321132ms

[Error - 3:11:40 PM] Request textDocument/definition failed.
  Message: failed to resolve import "permissions/internal/services/permissions"
  Code: 0 
[Error - 3:11:41 PM] Request textDocument/hover failed.
  Message: no package data for import "permissions/internal/services/permissions"
  Code: 0 
[Error - 3:11:41 PM] Request textDocument/hover failed.
  Message: no package data for import "permissions/internal/services/permissions"
  Code: 0 
[Error - 3:11:42 PM] Request textDocument/definition failed.
  Message: failed to resolve import "permissions/internal/services/permissions"
  Code: 0 
[Info  - 3:11:42 PM] 2026/05/31 15:11:42 go/packages.Load #164
	view_id="1"
	snapshot=103
	directory=/home/maksim/Projects/Go/Project/permissions
	query=[file=/home/maksim/Projects/Go/Project/permissions/internal/app/app.go]
	packages=1
	duration=74.489727ms

[Info  - 3:11:42 PM] 2026/05/31 15:11:42 go/packages.Load #165
	view_id="1"
	snapshot=103
	directory=/home/maksim/Projects/Go/Project/permissions
	query=[file=/home/maksim/Projects/Go/Project/permissions/internal/app/app.go]
	packages=1
	duration=73.441591ms

[Error - 3:11:42 PM] Request textDocument/definition failed.
  Message: failed to resolve import "permissions/internal/storage/postgresql"
  Code: 0 
[Error - 3:11:42 PM] Request textDocument/definition failed.
  Message: failed to resolve import "permissions/internal/storage/postgresql"
  Code: 0 
[Error - 3:11:43 PM] Request textDocument/hover failed.
  Message: no package data for import "permissions/internal/storage/postgresql"
  Code: 0 
[Error - 3:11:43 PM] Request textDocument/hover failed.
  Message: no package data for import "permissions/internal/storage/postgresql"
  Code: 0 
[Error - 3:11:43 PM] Request workspace/executeCommand failed.
  Message: no package data for import "permissions/internal/storage/postgresql"
  Code: 0 
[Error - 3:11:44 PM] Request textDocument/hover failed.
  Message: no package data for import "permissions/internal/storage/postgresql"
  Code: 0 
[Info  - 3:11:45 PM] 2026/05/31 15:11:45 go/packages.Load #166
	view_id="1"
	snapshot=104
	directory=/home/maksim/Projects/Go/Project/permissions
	query=[file=/home/maksim/Projects/Go/Project/permissions/internal/app/app.go]
	packages=1
	duration=77.091287ms

[Info  - 3:11:45 PM] 2026/05/31 15:11:45 go/packages.Load #167
	view_id="1"
	snapshot=104
	directory=/home/maksim/Projects/Go/Project/permissions
	query=[file=/home/maksim/Projects/Go/Project/permissions/internal/app/app.go]
	packages=1
	duration=75.982773ms

[Info  - 3:11:46 PM] 2026/05/31 15:11:46 go/packages.Load #168
	view_id="1"
	snapshot=105
	directory=/home/maksim/Projects/Go/Project/permissions
	query=[file=/home/maksim/Projects/Go/Project/permissions/internal/app/app.go]
	packages=1
	duration=71.745615ms

[Info  - 3:11:46 PM] 2026/05/31 15:11:46 go/packages.Load #169
	view_id="1"
	snapshot=105
	directory=/home/maksim/Projects/Go/Project/permissions
	query=[file=/home/maksim/Projects/Go/Project/permissions/internal/app/app.go]
	packages=1
	duration=72.970636ms

[Info  - 3:11:46 PM] 2026/05/31 15:11:46 go/packages.Load #170
	view_id="1"
	snapshot=106
	directory=/home/maksim/Projects/Go/Project/permissions
	query=[file=/home/maksim/Projects/Go/Project/permissions/internal/app/app.go]
	packages=1
	duration=80.967285ms

[Info  - 3:11:46 PM] 2026/05/31 15:11:46 go/packages.Load #171
	view_id="1"
	snapshot=106
	directory=/home/maksim/Projects/Go/Project/permissions
	query=[file=/home/maksim/Projects/Go/Project/permissions/internal/app/app.go]
	packages=1
	duration=77.220754ms

[Info  - 3:11:46 PM] 2026/05/31 15:11:46 go/packages.Load #172
	view_id="1"
	snapshot=107
	directory=/home/maksim/Projects/Go/Project/permissions
	query=[file=/home/maksim/Projects/Go/Project/permissions/internal/app/app.go]
	packages=1
	duration=42.999066ms

[Info  - 3:11:53 PM] 2026/05/31 15:11:53 background imports cache refresh starting

[Info  - 3:11:53 PM] 2026/05/31 15:11:53 background refresh finished after 4.940221ms

[Info  - 3:11:55 PM] 2026/05/31 15:11:55 go/packages.Load #173
	view_id="1"
	snapshot=112
	directory=/home/maksim/Projects/Go/Project/permissions
	query=[file=/home/maksim/Projects/Go/Project/permissions/internal/grpc/permissions/server.go]
	packages=1
	duration=70.955012ms

[Info  - 3:11:55 PM] 2026/05/31 15:11:55 go/packages.Load #174
	view_id="1"
	snapshot=112
	directory=/home/maksim/Projects/Go/Project/permissions
	query=[file=/home/maksim/Projects/Go/Project/permissions/internal/grpc/permissions/server.go]
	packages=1
	duration=72.016586ms

[Info  - 3:11:55 PM] 2026/05/31 15:11:55 go/packages.Load #175
	view_id="1"
	snapshot=113
	directory=/home/maksim/Projects/Go/Project/permissions
	query=[file=/home/maksim/Projects/Go/Project/permissions/internal/grpc/permissions/server.go]
	packages=1
	duration=71.336453ms

[Info  - 3:11:55 PM] 2026/05/31 15:11:55 go/packages.Load #176
	view_id="1"
	snapshot=113
	directory=/home/maksim/Projects/Go/Project/permissions
	query=[file=/home/maksim/Projects/Go/Project/permissions/internal/grpc/permissions/server.go]
	packages=1
	duration=65.14304ms

[Info  - 3:11:58 PM] 2026/05/31 15:11:58 go/packages.Load #177
	view_id="1"
	snapshot=114
	directory=/home/maksim/Projects/Go/Project/permissions
	query=[file=/home/maksim/Projects/Go/Project/permissions/internal/services/permissions/permissions.go]
	packages=1
	duration=53.07153ms

[Info  - 3:11:58 PM] 2026/05/31 15:11:58 go/packages.Load #178
	view_id="1"
	snapshot=114
	directory=/home/maksim/Projects/Go/Project/permissions
	query=[file=/home/maksim/Projects/Go/Project/permissions/internal/services/permissions/permissions.go]
	packages=1
	duration=43.682096ms

[Info  - 3:11:58 PM] 2026/05/31 15:11:58 go/packages.Load #180
	view_id="1"
	snapshot=117
	directory=/home/maksim/Projects/Go/Project/permissions
	query=[file=/home/maksim/Projects/Go/Project/permissions/internal/services/permissions/permissions.go]
	packages=1
	duration=39.901467ms

[Info  - 3:11:58 PM] 2026/05/31 15:11:58 go/packages.Load #179
	view_id="1"
	snapshot=117
	directory=/home/maksim/Projects/Go/Project/permissions
	query=[file=/home/maksim/Projects/Go/Project/permissions/internal/services/permissions/permissions.go]
	packages=1
	duration=42.68737ms

[Error - 3:11:58 PM] Request textDocument/definition failed.
  Message: context canceled
  Code: 0 
[Info  - 3:12:03 PM] 2026/05/31 15:12:03 go/packages.Load #181
	view_id="1"
	snapshot=120
	directory=/home/maksim/Projects/Go/Project/permissions
	query=[file=/home/maksim/Projects/Go/Project/permissions/internal/storage/postgresql/permissions.go]
	packages=1
	duration=58.075034ms

[Info  - 3:12:03 PM] 2026/05/31 15:12:03 go/packages.Load #182
	view_id="1"
	snapshot=120
	directory=/home/maksim/Projects/Go/Project/permissions
	query=[file=/home/maksim/Projects/Go/Project/permissions/internal/storage/postgresql/permissions.go]
	packages=1
	duration=63.396278ms

[Error - 3:12:14 PM] Request textDocument/inlayHint failed.
  Message: /home/maksim/Projects/Go/Project/permissions/go.mod:2: unknown directive: r
  Code: 0 
[Error - 3:12:14 PM] Request textDocument/inlayHint failed.
  Message: /home/maksim/Projects/Go/Project/permissions/go.mod:2: unknown directive: re
  Code: 0 
[Error - 3:12:14 PM] Request textDocument/inlayHint failed.
  Message: /home/maksim/Projects/Go/Project/permissions/go.mod:2: unknown directive: rep
  Code: 0 
[Error - 3:12:14 PM] Request textDocument/inlayHint failed.
  Message: /home/maksim/Projects/Go/Project/permissions/go.mod:2: unknown directive: repl
  Code: 0 
[Error - 3:12:14 PM] Request textDocument/inlayHint failed.
  Message: /home/maksim/Projects/Go/Project/permissions/go.mod:2: unknown directive: repla
  Code: 0 
[Error - 3:12:14 PM] 2026/05/31 15:12:14 code lens upgrade_dependency failed: /home/maksim/Projects/Go/Project/permissions/go.mod:2: unknown directive: repla

[Error - 3:12:14 PM] 2026/05/31 15:12:14 code lens tidy failed: /home/maksim/Projects/Go/Project/permissions/go.mod:2: unknown directive: repla

[Error - 3:12:14 PM] 2026/05/31 15:12:14 code lens vendor failed: /home/maksim/Projects/Go/Project/permissions/go.mod:2: unknown directive: repla

[Error - 3:12:14 PM] 2026/05/31 15:12:14 code lens run_govulncheck failed: /home/maksim/Projects/Go/Project/permissions/go.mod:2: unknown directive: repla

[Error - 3:12:15 PM] Request textDocument/inlayHint failed.
  Message: /home/maksim/Projects/Go/Project/permissions/go.mod:2: unknown directive: replac
  Code: 0 
[Error - 3:12:15 PM] Request textDocument/inlayHint failed.
  Message: /home/maksim/Projects/Go/Project/permissions/go.mod:2: usage: replace module/path [v1.2.3] => other/module v1.4
	 or replace module/path [v1.2.3] => ../local/directory
  Code: 0 
[Error - 3:12:15 PM] Request textDocument/inlayHint failed.
  Message: /home/maksim/Projects/Go/Project/permissions/go.mod:2: usage: replace module/path [v1.2.3] => other/module v1.4
	 or replace module/path [v1.2.3] => ../local/directory
  Code: 0 
[Error - 3:12:15 PM] 2026/05/31 15:12:15 code lens vendor failed: /home/maksim/Projects/Go/Project/permissions/go.mod:2: usage: replace module/path [v1.2.3] => other/module v1.4
	 or replace module/path [v1.2.3] => ../local/directory

[Error - 3:12:15 PM] 2026/05/31 15:12:15 code lens run_govulncheck failed: /home/maksim/Projects/Go/Project/permissions/go.mod:2: usage: replace module/path [v1.2.3] => other/module v1.4
	 or replace module/path [v1.2.3] => ../local/directory

[Error - 3:12:15 PM] 2026/05/31 15:12:15 code lens upgrade_dependency failed: /home/maksim/Projects/Go/Project/permissions/go.mod:2: usage: replace module/path [v1.2.3] => other/module v1.4
	 or replace module/path [v1.2.3] => ../local/directory

[Error - 3:12:15 PM] 2026/05/31 15:12:15 code lens tidy failed: /home/maksim/Projects/Go/Project/permissions/go.mod:2: usage: replace module/path [v1.2.3] => other/module v1.4
	 or replace module/path [v1.2.3] => ../local/directory

[Error - 3:12:16 PM] Request textDocument/inlayHint failed.
  Message: /home/maksim/Projects/Go/Project/permissions/go.mod:2: usage: replace module/path [v1.2.3] => other/module v1.4
	 or replace module/path [v1.2.3] => ../local/directory
  Code: 0 
[Error - 3:12:16 PM] Request textDocument/inlayHint failed.
  Message: /home/maksim/Projects/Go/Project/permissions/go.mod:2: usage: replace module/path [v1.2.3] => other/module v1.4
	 or replace module/path [v1.2.3] => ../local/directory
  Code: 0 
[Error - 3:12:16 PM] Request textDocument/inlayHint failed.
  Message: /home/maksim/Projects/Go/Project/permissions/go.mod:2: usage: replace module/path [v1.2.3] => other/module v1.4
	 or replace module/path [v1.2.3] => ../local/directory
  Code: 0 
[Error - 3:12:16 PM] Request textDocument/inlayHint failed.
  Message: /home/maksim/Projects/Go/Project/permissions/go.mod:2: usage: replace module/path [v1.2.3] => other/module v1.4
	 or replace module/path [v1.2.3] => ../local/directory
  Code: 0 
[Error - 3:12:16 PM] Request textDocument/inlayHint failed.
  Message: /home/maksim/Projects/Go/Project/permissions/go.mod:2: usage: replace module/path [v1.2.3] => other/module v1.4
	 or replace module/path [v1.2.3] => ../local/directory
  Code: 0 
[Error - 3:12:16 PM] Request textDocument/inlayHint failed.
  Message: /home/maksim/Projects/Go/Project/permissions/go.mod:2: usage: replace module/path [v1.2.3] => other/module v1.4
	 or replace module/path [v1.2.3] => ../local/directory
  Code: 0 
[Error - 3:12:17 PM] Request textDocument/inlayHint failed.
  Message: /home/maksim/Projects/Go/Project/permissions/go.mod:2: usage: replace module/path [v1.2.3] => other/module v1.4
	 or replace module/path [v1.2.3] => ../local/directory
  Code: 0 
[Error - 3:12:17 PM] Request textDocument/inlayHint failed.
  Message: /home/maksim/Projects/Go/Project/permissions/go.mod:2: usage: replace module/path [v1.2.3] => other/module v1.4
	 or replace module/path [v1.2.3] => ../local/directory
  Code: 0 
[Error - 3:12:17 PM] Request textDocument/inlayHint failed.
  Message: /home/maksim/Projects/Go/Project/permissions/go.mod:2: usage: replace module/path [v1.2.3] => other/module v1.4
	 or replace module/path [v1.2.3] => ../local/directory
  Code: 0 
[Error - 3:12:17 PM] Request textDocument/inlayHint failed.
  Message: /home/maksim/Projects/Go/Project/permissions/go.mod:2: usage: replace module/path [v1.2.3] => other/module v1.4
	 or replace module/path [v1.2.3] => ../local/directory
  Code: 0 
[Error - 3:12:17 PM] Request textDocument/inlayHint failed.
  Message: /home/maksim/Projects/Go/Project/permissions/go.mod:2: usage: replace module/path [v1.2.3] => other/module v1.4
	 or replace module/path [v1.2.3] => ../local/directory
  Code: 0 
[Error - 3:12:17 PM] Request textDocument/inlayHint failed.
  Message: /home/maksim/Projects/Go/Project/permissions/go.mod:2: usage: replace module/path [v1.2.3] => other/module v1.4
	 or replace module/path [v1.2.3] => ../local/directory
  Code: 0 
[Error - 3:12:18 PM] 2026/05/31 15:12:18 code lens run_govulncheck failed: /home/maksim/Projects/Go/Project/permissions/go.mod:2: usage: replace module/path [v1.2.3] => other/module v1.4
	 or replace module/path [v1.2.3] => ../local/directory

[Error - 3:12:18 PM] 2026/05/31 15:12:18 code lens upgrade_dependency failed: /home/maksim/Projects/Go/Project/permissions/go.mod:2: usage: replace module/path [v1.2.3] => other/module v1.4
	 or replace module/path [v1.2.3] => ../local/directory

[Error - 3:12:18 PM] 2026/05/31 15:12:18 code lens tidy failed: /home/maksim/Projects/Go/Project/permissions/go.mod:2: usage: replace module/path [v1.2.3] => other/module v1.4
	 or replace module/path [v1.2.3] => ../local/directory

[Error - 3:12:18 PM] 2026/05/31 15:12:18 code lens vendor failed: /home/maksim/Projects/Go/Project/permissions/go.mod:2: usage: replace module/path [v1.2.3] => other/module v1.4
	 or replace module/path [v1.2.3] => ../local/directory

[Error - 3:12:18 PM] Request textDocument/inlayHint failed.
  Message: /home/maksim/Projects/Go/Project/permissions/go.mod:2: usage: replace module/path [v1.2.3] => other/module v1.4
	 or replace module/path [v1.2.3] => ../local/directory
  Code: 0 
[Error - 3:12:18 PM] 2026/05/31 15:12:18 code lens vendor failed: /home/maksim/Projects/Go/Project/permissions/go.mod:2: usage: replace module/path [v1.2.3] => other/module v1.4
	 or replace module/path [v1.2.3] => ../local/directory

[Error - 3:12:18 PM] 2026/05/31 15:12:18 code lens run_govulncheck failed: /home/maksim/Projects/Go/Project/permissions/go.mod:2: usage: replace module/path [v1.2.3] => other/module v1.4
	 or replace module/path [v1.2.3] => ../local/directory

[Error - 3:12:18 PM] 2026/05/31 15:12:18 code lens upgrade_dependency failed: /home/maksim/Projects/Go/Project/permissions/go.mod:2: usage: replace module/path [v1.2.3] => other/module v1.4
	 or replace module/path [v1.2.3] => ../local/directory

[Error - 3:12:18 PM] 2026/05/31 15:12:18 code lens tidy failed: /home/maksim/Projects/Go/Project/permissions/go.mod:2: usage: replace module/path [v1.2.3] => other/module v1.4
	 or replace module/path [v1.2.3] => ../local/directory

[Error - 3:12:19 PM] Request textDocument/inlayHint failed.
  Message: /home/maksim/Projects/Go/Project/permissions/go.mod:2: usage: replace module/path [v1.2.3] => other/module v1.4
	 or replace module/path [v1.2.3] => ../local/directory
  Code: 0 
[Error - 3:12:19 PM] 2026/05/31 15:12:19 failed to compute document links: /home/maksim/Projects/Go/Project/permissions/go.mod:2: usage: replace module/path [v1.2.3] => other/module v1.4
	 or replace module/path [v1.2.3] => ../local/directory
	URI=file:///home/maksim/Projects/Go/Project/permissions/go.mod

[Info  - 3:12:25 PM] 2026/05/31 15:12:25 background imports cache refresh starting

[Info  - 3:12:25 PM] 2026/05/31 15:12:25 background refresh finished after 4.859585ms

[Error - 3:12:29 PM] Request textDocument/hover failed.
  Message: getting modfile handle: /home/maksim/Projects/Go/Project/permissions/go.mod:2: usage: replace module/path [v1.2.3] => other/module v1.4
	 or replace module/path [v1.2.3] => ../local/directory
  Code: 0 
[Error - 3:12:29 PM] 2026/05/31 15:12:29 code lens run_govulncheck failed: /home/maksim/Projects/Go/Project/permissions/go.mod:2: usage: replace module/path [v1.2.3] => other/module v1.4
	 or replace module/path [v1.2.3] => ../local/directory

[Error - 3:12:29 PM] 2026/05/31 15:12:29 code lens upgrade_dependency failed: /home/maksim/Projects/Go/Project/permissions/go.mod:2: usage: replace module/path [v1.2.3] => other/module v1.4
	 or replace module/path [v1.2.3] => ../local/directory

[Error - 3:12:29 PM] 2026/05/31 15:12:29 code lens tidy failed: /home/maksim/Projects/Go/Project/permissions/go.mod:2: usage: replace module/path [v1.2.3] => other/module v1.4
	 or replace module/path [v1.2.3] => ../local/directory

[Error - 3:12:29 PM] 2026/05/31 15:12:29 code lens vendor failed: /home/maksim/Projects/Go/Project/permissions/go.mod:2: usage: replace module/path [v1.2.3] => other/module v1.4
	 or replace module/path [v1.2.3] => ../local/directory

[Error - 3:12:32 PM] Request textDocument/inlayHint failed.
  Message: /home/maksim/Projects/Go/Project/permissions/go.mod:2: usage: replace module/path [v1.2.3] => other/module v1.4
	 or replace module/path [v1.2.3] => ../local/directory
  Code: 0 
[Error - 3:12:32 PM] 2026/05/31 15:12:32 code lens run_govulncheck failed: /home/maksim/Projects/Go/Project/permissions/go.mod:2: usage: replace module/path [v1.2.3] => other/module v1.4
	 or replace module/path [v1.2.3] => ../local/directory

[Error - 3:12:32 PM] 2026/05/31 15:12:32 code lens upgrade_dependency failed: /home/maksim/Projects/Go/Project/permissions/go.mod:2: usage: replace module/path [v1.2.3] => other/module v1.4
	 or replace module/path [v1.2.3] => ../local/directory

[Error - 3:12:32 PM] 2026/05/31 15:12:32 code lens tidy failed: /home/maksim/Projects/Go/Project/permissions/go.mod:2: usage: replace module/path [v1.2.3] => other/module v1.4
	 or replace module/path [v1.2.3] => ../local/directory

[Error - 3:12:32 PM] 2026/05/31 15:12:32 code lens vendor failed: /home/maksim/Projects/Go/Project/permissions/go.mod:2: usage: replace module/path [v1.2.3] => other/module v1.4
	 or replace module/path [v1.2.3] => ../local/directory

[Error - 3:12:32 PM] Request textDocument/inlayHint failed.
  Message: /home/maksim/Projects/Go/Project/permissions/go.mod:2: usage: replace module/path [v1.2.3] => other/module v1.4
	 or replace module/path [v1.2.3] => ../local/directory
  Code: 0 
[Error - 3:12:33 PM] 2026/05/31 15:12:33 code lens upgrade_dependency failed: /home/maksim/Projects/Go/Project/permissions/go.mod:2: usage: replace module/path [v1.2.3] => other/module v1.4
	 or replace module/path [v1.2.3] => ../local/directory

[Error - 3:12:33 PM] 2026/05/31 15:12:33 code lens tidy failed: /home/maksim/Projects/Go/Project/permissions/go.mod:2: usage: replace module/path [v1.2.3] => other/module v1.4
	 or replace module/path [v1.2.3] => ../local/directory

[Error - 3:12:33 PM] 2026/05/31 15:12:33 code lens vendor failed: /home/maksim/Projects/Go/Project/permissions/go.mod:2: usage: replace module/path [v1.2.3] => other/module v1.4
	 or replace module/path [v1.2.3] => ../local/directory

[Error - 3:12:33 PM] 2026/05/31 15:12:33 code lens run_govulncheck failed: /home/maksim/Projects/Go/Project/permissions/go.mod:2: usage: replace module/path [v1.2.3] => other/module v1.4
	 or replace module/path [v1.2.3] => ../local/directory

[Error - 3:12:33 PM] Request textDocument/inlayHint failed.
  Message: /home/maksim/Projects/Go/Project/permissions/go.mod:2: usage: replace module/path [v1.2.3] => other/module v1.4
	 or replace module/path [v1.2.3] => ../local/directory
  Code: 0 
[Error - 3:12:33 PM] 2026/05/31 15:12:33 code lens run_govulncheck failed: /home/maksim/Projects/Go/Project/permissions/go.mod:2: usage: replace module/path [v1.2.3] => other/module v1.4
	 or replace module/path [v1.2.3] => ../local/directory

[Error - 3:12:33 PM] 2026/05/31 15:12:33 code lens upgrade_dependency failed: /home/maksim/Projects/Go/Project/permissions/go.mod:2: usage: replace module/path [v1.2.3] => other/module v1.4
	 or replace module/path [v1.2.3] => ../local/directory

[Error - 3:12:33 PM] 2026/05/31 15:12:33 code lens tidy failed: /home/maksim/Projects/Go/Project/permissions/go.mod:2: usage: replace module/path [v1.2.3] => other/module v1.4
	 or replace module/path [v1.2.3] => ../local/directory

[Error - 3:12:33 PM] 2026/05/31 15:12:33 code lens vendor failed: /home/maksim/Projects/Go/Project/permissions/go.mod:2: usage: replace module/path [v1.2.3] => other/module v1.4
	 or replace module/path [v1.2.3] => ../local/directory

[Error - 3:12:33 PM] Request textDocument/inlayHint failed.
  Message: /home/maksim/Projects/Go/Project/permissions/go.mod:2: usage: replace module/path [v1.2.3] => other/module v1.4
	 or replace module/path [v1.2.3] => ../local/directory
  Code: 0 
[Error - 3:12:34 PM] 2026/05/31 15:12:34 failed to compute document links: /home/maksim/Projects/Go/Project/permissions/go.mod:2: usage: replace module/path [v1.2.3] => other/module v1.4
	 or replace module/path [v1.2.3] => ../local/directory
	URI=file:///home/maksim/Projects/Go/Project/permissions/go.mod

[Error - 3:12:36 PM] Request textDocument/definition failed.
  Message: can't find definitions for file type go.mod
  Code: 0 
[Error - 3:12:36 PM] Request textDocument/definition failed.
  Message: can't find definitions for file type go.mod
  Code: 0 
[Error - 3:12:37 PM] Request textDocument/definition failed.
  Message: can't find definitions for file type go.mod
  Code: 0 
[Error - 3:12:37 PM] Request textDocument/inlayHint failed.
  Message: /home/maksim/Projects/Go/Project/permissions/go.mod:2: replacement module without version must be directory path (rooted or starting with . or ..)
  Code: 0 
[Error - 3:12:37 PM] 2026/05/31 15:12:37 code lens vendor failed: /home/maksim/Projects/Go/Project/permissions/go.mod:2: replacement module without version must be directory path (rooted or starting with . or ..)

[Error - 3:12:37 PM] 2026/05/31 15:12:37 code lens run_govulncheck failed: /home/maksim/Projects/Go/Project/permissions/go.mod:2: replacement module without version must be directory path (rooted or starting with . or ..)

[Error - 3:12:37 PM] 2026/05/31 15:12:37 code lens upgrade_dependency failed: /home/maksim/Projects/Go/Project/permissions/go.mod:2: replacement module without version must be directory path (rooted or starting with . or ..)

[Error - 3:12:37 PM] 2026/05/31 15:12:37 code lens tidy failed: /home/maksim/Projects/Go/Project/permissions/go.mod:2: replacement module without version must be directory path (rooted or starting with . or ..)

[Error - 3:12:38 PM] Request textDocument/hover failed.
  Message: getting modfile handle: /home/maksim/Projects/Go/Project/permissions/go.mod:2: replacement module without version must be directory path (rooted or starting with . or ..)
  Code: 0 
[Error - 3:12:38 PM] Request textDocument/inlayHint failed.
  Message: /home/maksim/Projects/Go/Project/permissions/go.mod:2: replacement module without version must be directory path (rooted or starting with . or ..)
  Code: 0 
[Error - 3:12:38 PM] Request textDocument/hover failed.
  Message: getting modfile handle: /home/maksim/Projects/Go/Project/permissions/go.mod:2: replacement module without version must be directory path (rooted or starting with . or ..)
  Code: 0 
[Error - 3:12:38 PM] 2026/05/31 15:12:38 failed to compute document links: /home/maksim/Projects/Go/Project/permissions/go.mod:2: replacement module without version must be directory path (rooted or starting with . or ..)
	URI=file:///home/maksim/Projects/Go/Project/permissions/go.mod

[Error - 3:12:38 PM] Request textDocument/hover failed.
  Message: getting modfile handle: /home/maksim/Projects/Go/Project/permissions/go.mod:2: replacement module without version must be directory path (rooted or starting with . or ..)
  Code: 0 
[Error - 3:12:40 PM] Request textDocument/hover failed.
  Message: getting modfile handle: /home/maksim/Projects/Go/Project/permissions/go.mod:2: replacement module without version must be directory path (rooted or starting with . or ..)
  Code: 0 
[Error - 3:12:55 PM] 2026/05/31 15:12:55 code lens tidy failed: /home/maksim/Projects/Go/Project/permissions/go.mod:2: replacement module without version must be directory path (rooted or starting with . or ..)

[Error - 3:12:55 PM] 2026/05/31 15:12:55 code lens vendor failed: /home/maksim/Projects/Go/Project/permissions/go.mod:2: replacement module without version must be directory path (rooted or starting with . or ..)

[Error - 3:12:55 PM] 2026/05/31 15:12:55 code lens run_govulncheck failed: /home/maksim/Projects/Go/Project/permissions/go.mod:2: replacement module without version must be directory path (rooted or starting with . or ..)

[Error - 3:12:55 PM] 2026/05/31 15:12:55 code lens upgrade_dependency failed: /home/maksim/Projects/Go/Project/permissions/go.mod:2: replacement module without version must be directory path (rooted or starting with . or ..)

[Error - 3:12:58 PM] Request textDocument/inlayHint failed.
  Message: /home/maksim/Projects/Go/Project/permissions/go.mod:2: replacement module without version must be directory path (rooted or starting with . or ..)
  Code: 0 
[Error - 3:12:58 PM] 2026/05/31 15:12:58 code lens tidy failed: /home/maksim/Projects/Go/Project/permissions/go.mod:2: replacement module without version must be directory path (rooted or starting with . or ..)

[Error - 3:12:58 PM] 2026/05/31 15:12:58 code lens vendor failed: /home/maksim/Projects/Go/Project/permissions/go.mod:2: replacement module without version must be directory path (rooted or starting with . or ..)

[Error - 3:12:58 PM] 2026/05/31 15:12:58 code lens run_govulncheck failed: /home/maksim/Projects/Go/Project/permissions/go.mod:2: replacement module without version must be directory path (rooted or starting with . or ..)

[Error - 3:12:58 PM] 2026/05/31 15:12:58 code lens upgrade_dependency failed: /home/maksim/Projects/Go/Project/permissions/go.mod:2: replacement module without version must be directory path (rooted or starting with . or ..)

[Error - 3:12:58 PM] Request textDocument/inlayHint failed.
  Message: /home/maksim/Projects/Go/Project/permissions/go.mod:2: replacement module without version must be directory path (rooted or starting with . or ..)
  Code: 0 
[Error - 3:12:58 PM] Request textDocument/inlayHint failed.
  Message: /home/maksim/Projects/Go/Project/permissions/go.mod:2: usage: replace module/path [v1.2.3] => other/module v1.4
	 or replace module/path [v1.2.3] => ../local/directory
  Code: 0 
[Error - 3:12:59 PM] 2026/05/31 15:12:59 code lens vendor failed: /home/maksim/Projects/Go/Project/permissions/go.mod:2: usage: replace module/path [v1.2.3] => other/module v1.4
	 or replace module/path [v1.2.3] => ../local/directory

[Error - 3:12:59 PM] 2026/05/31 15:12:59 code lens run_govulncheck failed: /home/maksim/Projects/Go/Project/permissions/go.mod:2: usage: replace module/path [v1.2.3] => other/module v1.4
	 or replace module/path [v1.2.3] => ../local/directory

[Error - 3:12:59 PM] 2026/05/31 15:12:59 code lens upgrade_dependency failed: /home/maksim/Projects/Go/Project/permissions/go.mod:2: usage: replace module/path [v1.2.3] => other/module v1.4
	 or replace module/path [v1.2.3] => ../local/directory

[Error - 3:12:59 PM] 2026/05/31 15:12:59 code lens tidy failed: /home/maksim/Projects/Go/Project/permissions/go.mod:2: usage: replace module/path [v1.2.3] => other/module v1.4
	 or replace module/path [v1.2.3] => ../local/directory

[Error - 3:12:59 PM] Request textDocument/inlayHint failed.
  Message: /home/maksim/Projects/Go/Project/permissions/go.mod:2: usage: replace module/path [v1.2.3] => other/module v1.4
	 or replace module/path [v1.2.3] => ../local/directory
  Code: 0 
[Error - 3:12:59 PM] 2026/05/31 15:12:59 code lens vendor failed: /home/maksim/Projects/Go/Project/permissions/go.mod:2: usage: replace module/path [v1.2.3] => other/module v1.4
	 or replace module/path [v1.2.3] => ../local/directory

[Error - 3:12:59 PM] 2026/05/31 15:12:59 code lens run_govulncheck failed: /home/maksim/Projects/Go/Project/permissions/go.mod:2: usage: replace module/path [v1.2.3] => other/module v1.4
	 or replace module/path [v1.2.3] => ../local/directory

[Error - 3:12:59 PM] 2026/05/31 15:12:59 code lens upgrade_dependency failed: /home/maksim/Projects/Go/Project/permissions/go.mod:2: usage: replace module/path [v1.2.3] => other/module v1.4
	 or replace module/path [v1.2.3] => ../local/directory

[Error - 3:12:59 PM] 2026/05/31 15:12:59 code lens tidy failed: /home/maksim/Projects/Go/Project/permissions/go.mod:2: usage: replace module/path [v1.2.3] => other/module v1.4
	 or replace module/path [v1.2.3] => ../local/directory

[Error - 3:12:59 PM] Request textDocument/inlayHint failed.
  Message: /home/maksim/Projects/Go/Project/permissions/go.mod:2: usage: replace module/path [v1.2.3] => other/module v1.4
	 or replace module/path [v1.2.3] => ../local/directory
  Code: 0 
[Error - 3:12:59 PM] Request textDocument/inlayHint failed.
  Message: /home/maksim/Projects/Go/Project/permissions/go.mod:2: usage: replace module/path [v1.2.3] => other/module v1.4
	 or replace module/path [v1.2.3] => ../local/directory
  Code: 0 
[Info  - 3:12:59 PM] 2026/05/31 15:12:59 go/packages.Load #183
	view_id="1"
	snapshot=154
	directory=/home/maksim/Projects/Go/Project/permissions
	query=[/home/maksim/Projects/Go/Project/permissions/... builtin]
	packages=17
	duration=95.372149ms

[Error - 3:13:00 PM] Request textDocument/inlayHint failed.
  Message: /home/maksim/Projects/Go/Project/permissions/go.mod:1: unknown directive: modulegithub.com/PoinkCorporation/Permissions-service
  Code: 0 
[Error - 3:13:00 PM] 2026/05/31 15:13:00 code lens vendor failed: /home/maksim/Projects/Go/Project/permissions/go.mod:1: unknown directive: modulegithub.com/PoinkCorporation/Permissions-service

[Error - 3:13:00 PM] 2026/05/31 15:13:00 code lens run_govulncheck failed: /home/maksim/Projects/Go/Project/permissions/go.mod:1: unknown directive: modulegithub.com/PoinkCorporation/Permissions-service

[Error - 3:13:00 PM] 2026/05/31 15:13:00 code lens upgrade_dependency failed: /home/maksim/Projects/Go/Project/permissions/go.mod:1: unknown directive: modulegithub.com/PoinkCorporation/Permissions-service

[Error - 3:13:00 PM] 2026/05/31 15:13:00 code lens tidy failed: /home/maksim/Projects/Go/Project/permissions/go.mod:1: unknown directive: modulegithub.com/PoinkCorporation/Permissions-service

[Error - 3:13:00 PM] Request textDocument/inlayHint failed.
  Message: /home/maksim/Projects/Go/Project/permissions/go.mod:1: unknown directive: github.com/PoinkCorporation/Permissions-service
  Code: 0 
[Error - 3:13:00 PM] 2026/05/31 15:13:00 code lens tidy failed: /home/maksim/Projects/Go/Project/permissions/go.mod:1: unknown directive: github.com/PoinkCorporation/Permissions-service

[Error - 3:13:00 PM] 2026/05/31 15:13:00 code lens vendor failed: /home/maksim/Projects/Go/Project/permissions/go.mod:1: unknown directive: github.com/PoinkCorporation/Permissions-service

[Error - 3:13:00 PM] 2026/05/31 15:13:00 code lens run_govulncheck failed: /home/maksim/Projects/Go/Project/permissions/go.mod:1: unknown directive: github.com/PoinkCorporation/Permissions-service

[Error - 3:13:00 PM] 2026/05/31 15:13:00 code lens upgrade_dependency failed: /home/maksim/Projects/Go/Project/permissions/go.mod:1: unknown directive: github.com/PoinkCorporation/Permissions-service

[Info  - 3:13:07 PM] 2026/05/31 15:13:07 go/packages.Load #184
	view_id="1"
	snapshot=158
	directory=/home/maksim/Projects/Go/Project/permissions
	query=[/home/maksim/Projects/Go/Project/permissions/... builtin]
	packages=17
	duration=92.709588ms

[Info  - 3:13:08 PM] 2026/05/31 15:13:08 go/packages.Load #185
	view_id="1"
	snapshot=159
	directory=/home/maksim/Projects/Go/Project/permissions
	query=[github.com/PoinkCorporation/Permissions-service/cmd/migrator github.com/PoinkCorporation/Permissions-service/cmd/permissions github.com/PoinkCorporation/Permissions-service/gen/go/permissions github.com/PoinkCorporation/Permissions-service/internal/app github.com/PoinkCorporation/Permissions-service/internal/app/grpc github.com/PoinkCorporation/Permissions-service/internal/config github.com/PoinkCorporation/Permissions-service/internal/domain/models github.com/PoinkCorporation/Permissions-service/internal/grpc/permissions github.com/PoinkCorporation/Permissions-service/internal/lib/logger/sl github.com/PoinkCorporation/Permissions-service/internal/services/permissions github.com/PoinkCorporation/Permissions-service/internal/storage github.com/PoinkCorporation/Permissions-service/internal/storage/postgresql github.com/PoinkCorporation/Permissions-service/tests github.com/PoinkCorporation/Permissions-service/tests/suite]
	packages=14
	duration=9.90547ms

[Error - 3:14:37 PM] Request textDocument/definition failed.
  Message: can't find definitions for file type go.mod
  Code: 0 
[Info  - 3:14:37 PM] 2026/05/31 15:14:37 go/packages.Load #186
	view_id="1"
	snapshot=161
	directory=/home/maksim/Projects/Go/Project/permissions
	query=[/home/maksim/Projects/Go/Project/permissions/... builtin]
	packages=17
	duration=96.308298ms

[Info  - 3:14:37 PM] 2026/05/31 15:14:37 go/packages.Load #187
	view_id="1"
	snapshot=162
	directory=/home/maksim/Projects/Go/Project/permissions
	query=[permissions/cmd/migrator permissions/cmd/permissions permissions/gen/go/permissions permissions/internal/app permissions/internal/app/grpc permissions/internal/config permissions/internal/domain/models permissions/internal/grpc/permissions permissions/internal/lib/logger/sl permissions/internal/services/permissions permissions/internal/storage permissions/internal/storage/postgresql permissions/tests permissions/tests/suite]
	packages=14
	duration=11.102581ms

[Info  - 3:15:04 PM] 2026/05/31 15:15:04 go/packages.Load #190
	view_id="1"
	snapshot=166
	directory=/home/maksim/Projects/Go/Project/permissions
	query=[file=/home/maksim/Projects/Go/Project/permissions/internal/app/app.go]
	packages=1
	duration=68.763661ms

[Info  - 3:15:04 PM] 2026/05/31 15:15:04 go/packages.Load #191
	view_id="1"
	snapshot=167
	directory=/home/maksim/Projects/Go/Project/permissions
	query=[file=/home/maksim/Projects/Go/Project/permissions/internal/app/app.go]
	packages=1
	duration=70.031782ms

[Info  - 3:15:05 PM] 2026/05/31 15:15:05 go/packages.Load #192
	view_id="1"
	snapshot=167
	directory=/home/maksim/Projects/Go/Project/permissions
	query=[github.com/PoinkCorporation/Permissions-service/cmd/migrator github.com/PoinkCorporation/Permissions-service/cmd/permissions]
	packages=2
	duration=75.279936ms

[Error - 3:15:18 PM] Request textDocument/hover failed.
  Message: context canceled
  Code: 0 
[Info  - 3:16:54 PM] 2026/05/31 15:16:54 background imports cache refresh starting

[Info  - 3:16:54 PM] 2026/05/31 15:16:54 background refresh finished after 5.926242ms

[Info  - 3:18:13 PM] 2026/05/31 15:18:13 background imports cache refresh starting

[Info  - 3:18:13 PM] 2026/05/31 15:18:13 background refresh finished after 5.424626ms

[Info  - 3:18:43 PM] 2026/05/31 15:18:43 go/packages.Load #194
	view_id="1"
	snapshot=177
	directory=/home/maksim/Projects/Go/Project/permissions
	query=[file=/home/maksim/Projects/Go/Project/permissions/gen/go/permissions/permissions_grpc.pb.go]
	packages=1
	duration=33.9495ms

[Info  - 3:18:43 PM] 2026/05/31 15:18:43 go/packages.Load #195
	view_id="1"
	snapshot=177
	directory=/home/maksim/Projects/Go/Project/permissions
	query=[file=/home/maksim/Projects/Go/Project/permissions/internal/app/app.go]
	packages=1
	duration=42.802404ms

[Info  - 3:18:44 PM] 2026/05/31 15:18:44 go/packages.Load #196
	view_id="1"
	snapshot=177
	directory=/home/maksim/Projects/Go/Project/permissions
	query=[file=/home/maksim/Projects/Go/Project/permissions/tests/permission_test.go]
	packages=1
	duration=51.60795ms

[Info  - 3:18:45 PM] 2026/05/31 15:18:45 go/packages.Load #197
	view_id="1"
	snapshot=177
	directory=/home/maksim/Projects/Go/Project/permissions
	query=[/home/maksim/Projects/Go/Project/permissions/... builtin]
	packages=17
	duration=66.647886ms

[Info  - 3:18:45 PM] 2026/05/31 15:18:45 go/packages.Load #198
	view_id="1"
	snapshot=177
	directory=/home/maksim/Projects/Go/Project/permissions
	query=[compress/flate compress/gzip compress/zlib container/list crypto crypto/aes crypto/cipher crypto/des crypto/dsa crypto/ecdh crypto/ecdsa crypto/ed25519 crypto/elliptic crypto/fips140 crypto/hkdf crypto/hmac crypto/hpke crypto/internal/boring crypto/internal/boring/bbig crypto/internal/boring/sig crypto/internal/constanttime crypto/internal/entropy/v1.0.0 crypto/internal/fips140 crypto/internal/fips140/aes crypto/internal/fips140/aes/gcm crypto/internal/fips140/alias crypto/internal/fips140/bigmod crypto/internal/fips140/check crypto/internal/fips140/drbg crypto/internal/fips140/ecdh crypto/internal/fips140/ecdsa crypto/internal/fips140/ed25519 crypto/internal/fips140/edwards25519 crypto/internal/fips140/edwards25519/field crypto/internal/fips140/hkdf crypto/internal/fips140/hmac crypto/internal/fips140/mlkem crypto/internal/fips140/nistec crypto/internal/fips140/nistec/fiat crypto/internal/fips140/rsa crypto/internal/fips140/sha256 crypto/internal/fips140/sha3 crypto/internal/fips140/sha512 crypto/internal/fips140/subtle crypto/internal/fips140/tls12 crypto/internal/fips140/tls13 crypto/internal/fips140cache crypto/internal/fips140deps/byteorder crypto/internal/fips140deps/cpu crypto/internal/fips140deps/godebug crypto/internal/fips140deps/time crypto/internal/fips140hash crypto/internal/fips140only crypto/internal/impl crypto/internal/rand crypto/internal/randutil crypto/internal/sysrand crypto/md5 crypto/mlkem crypto/rand crypto/rc4 crypto/rsa crypto/sha1 crypto/sha256 crypto/sha3 crypto/sha512 crypto/subtle crypto/tls crypto/tls/internal/fips140tls crypto/x509 crypto/x509/pkix database/sql database/sql/driver embed encoding/asn1 encoding/binary encoding/csv encoding/hex encoding/pem encoding/xml github.com/BurntSushi/toml github.com/BurntSushi/toml/internal github.com/brianvoe/gofakeit/v6 github.com/brianvoe/gofakeit/v6/data github.com/davecgh/go-spew/spew github.com/golang-migrate/migrate/v4 github.com/golang-migrate/migrate/v4/database github.com/golang-migrate/migrate/v4/database/multistmt github.com/golang-migrate/migrate/v4/database/postgres github.com/golang-migrate/migrate/v4/internal/url github.com/golang-migrate/migrate/v4/source github.com/golang-migrate/migrate/v4/source/file github.com/golang-migrate/migrate/v4/source/iofs github.com/grpc-ecosystem/go-grpc-middleware/v2/interceptors github.com/grpc-ecosystem/go-grpc-middleware/v2/interceptors/logging github.com/grpc-ecosystem/go-grpc-middleware/v2/interceptors/recovery github.com/ilyakaznacheev/cleanenv github.com/jackc/chunkreader/v2 github.com/jackc/pgconn github.com/jackc/pgconn/internal/ctxwatch github.com/jackc/pgconn/stmtcache github.com/jackc/pgio github.com/jackc/pgpassfile github.com/jackc/pgproto3/v2 github.com/jackc/pgservicefile github.com/jackc/pgtype github.com/jackc/pgx/v4 github.com/jackc/pgx/v4/internal/sanitize github.com/jackc/pgx/v4/pgxpool github.com/jackc/puddle github.com/joho/godotenv github.com/lib/pq github.com/lib/pq/oid github.com/lib/pq/scram github.com/pmezard/go-difflib/difflib github.com/stretchr/testify/assert github.com/stretchr/testify/assert/yaml github.com/stretchr/testify/require go/token golang.org/x/crypto/pbkdf2 golang.org/x/net/http/httpguts golang.org/x/net/http2 golang.org/x/net/http2/hpack golang.org/x/net/idna golang.org/x/net/internal/httpcommon golang.org/x/net/internal/timeseries golang.org/x/net/trace golang.org/x/sys/unix golang.org/x/text/cases golang.org/x/text/internal golang.org/x/text/internal/language golang.org/x/text/internal/language/compact golang.org/x/text/internal/tag golang.org/x/text/language golang.org/x/text/runes golang.org/x/text/secure/bidirule golang.org/x/text/secure/precis golang.org/x/text/transform golang.org/x/text/unicode/bidi golang.org/x/text/unicode/norm golang.org/x/text/width google.golang.org/genproto/googleapis/rpc/status google.golang.org/grpc/attributes google.golang.org/grpc/backoff google.golang.org/grpc/balancer google.golang.org/grpc/balancer/base google.golang.org/grpc/balancer/endpointsharding google.golang.org/grpc/balancer/grpclb/state google.golang.org/grpc/balancer/pickfirst google.golang.org/grpc/balancer/pickfirst/internal google.golang.org/grpc/balancer/pickfirst/pickfirstleaf google.golang.org/grpc/balancer/roundrobin google.golang.org/grpc/binarylog/grpc_binarylog_v1 google.golang.org/grpc/channelz google.golang.org/grpc/connectivity google.golang.org/grpc/credentials google.golang.org/grpc/credentials/insecure google.golang.org/grpc/encoding google.golang.org/grpc/encoding/proto google.golang.org/grpc/experimental/stats google.golang.org/grpc/grpclog google.golang.org/grpc/grpclog/internal google.golang.org/grpc/internal google.golang.org/grpc/internal/backoff google.golang.org/grpc/internal/balancer/gracefulswitch google.golang.org/grpc/internal/balancerload google.golang.org/grpc/internal/binarylog google.golang.org/grpc/internal/buffer google.golang.org/grpc/internal/channelz google.golang.org/grpc/internal/credentials google.golang.org/grpc/internal/envconfig google.golang.org/grpc/internal/grpclog google.golang.org/grpc/internal/grpcsync google.golang.org/grpc/internal/grpcutil google.golang.org/grpc/internal/idle google.golang.org/grpc/internal/metadata google.golang.org/grpc/internal/pretty google.golang.org/grpc/internal/proxyattributes google.golang.org/grpc/internal/resolver google.golang.org/grpc/internal/resolver/delegatingresolver google.golang.org/grpc/internal/resolver/dns google.golang.org/grpc/internal/resolver/dns/internal google.golang.org/grpc/internal/resolver/passthrough google.golang.org/grpc/internal/resolver/unix google.golang.org/grpc/internal/serviceconfig google.golang.org/grpc/internal/stats google.golang.org/grpc/internal/status google.golang.org/grpc/internal/syscall google.golang.org/grpc/internal/transport google.golang.org/grpc/internal/transport/networktype google.golang.org/grpc/keepalive google.golang.org/grpc/mem google.golang.org/grpc/metadata google.golang.org/grpc/peer google.golang.org/grpc/resolver google.golang.org/grpc/resolver/dns google.golang.org/grpc/serviceconfig google.golang.org/grpc/stats google.golang.org/grpc/tap google.golang.org/protobuf/encoding/protojson google.golang.org/protobuf/encoding/prototext google.golang.org/protobuf/encoding/protowire google.golang.org/protobuf/internal/descfmt google.golang.org/protobuf/internal/descopts google.golang.org/protobuf/internal/detrand google.golang.org/protobuf/internal/editiondefaults google.golang.org/protobuf/internal/encoding/defval google.golang.org/protobuf/internal/encoding/json google.golang.org/protobuf/internal/encoding/messageset google.golang.org/protobuf/internal/encoding/tag google.golang.org/protobuf/internal/encoding/text google.golang.org/protobuf/internal/errors google.golang.org/protobuf/internal/filedesc google.golang.org/protobuf/internal/filetype google.golang.org/protobuf/internal/flags google.golang.org/protobuf/internal/genid google.golang.org/protobuf/internal/impl google.golang.org/protobuf/internal/order google.golang.org/protobuf/internal/pragma google.golang.org/protobuf/internal/protolazy google.golang.org/protobuf/internal/set google.golang.org/protobuf/internal/strs google.golang.org/protobuf/internal/version google.golang.org/protobuf/proto google.golang.org/protobuf/protoadapt google.golang.org/protobuf/reflect/protoreflect google.golang.org/protobuf/reflect/protoregistry google.golang.org/protobuf/runtime/protoiface google.golang.org/protobuf/runtime/protoimpl google.golang.org/protobuf/types/known/anypb google.golang.org/protobuf/types/known/durationpb google.golang.org/protobuf/types/known/emptypb google.golang.org/protobuf/types/known/timestamppb gopkg.in/yaml.v3 hash hash/adler32 hash/crc32 hash/fnv html html/template image image/color image/internal/imageutil image/jpeg image/png internal/saferio io/ioutil maps math/big math/rand/v2 mime mime/multipart mime/quotedprintable net/http net/http/httptest net/http/httptrace net/http/httputil net/http/internal net/http/internal/ascii net/http/internal/httpcommon net/http/internal/testcert net/textproto net/url olympos.io/encoding/edn os/exec os/user regexp regexp/syntax sort text/tabwriter text/template text/template/parse vendor/golang.org/x/crypto/chacha20 vendor/golang.org/x/crypto/chacha20poly1305 vendor/golang.org/x/crypto/cryptobyte vendor/golang.org/x/crypto/cryptobyte/asn1 vendor/golang.org/x/crypto/internal/alias vendor/golang.org/x/crypto/internal/poly1305 vendor/golang.org/x/net/http/httpguts vendor/golang.org/x/net/http/httpproxy vendor/golang.org/x/net/http2/hpack vendor/golang.org/x/net/idna vendor/golang.org/x/sys/cpu vendor/golang.org/x/text/secure/bidirule vendor/golang.org/x/text/transform vendor/golang.org/x/text/unicode/bidi vendor/golang.org/x/text/unicode/norm]
	packages=514
	duration=138.564542ms

[Info  - 3:20:34 PM] 2026/05/31 15:20:34 go/packages.Load #199
	view_id="1"
	snapshot=178
	directory=/home/maksim/Projects/Go/Project/permissions
	query=[/home/maksim/Projects/Go/Project/permissions/... builtin]
	packages=17
	duration=93.147476ms

[Info  - 3:20:34 PM] 2026/05/31 15:20:34 go/packages.Load #200
	view_id="1"
	snapshot=178
	directory=/home/maksim/Projects/Go/Project/permissions
	query=[archive/zip compress/bzip2 compress/flate compress/flate_test compress/gzip compress/gzip_test compress/lzw compress/zlib compress/zlib_test container/list container/list_test crypto crypto/aes crypto/cipher crypto/cipher_test crypto/des crypto/des_test crypto/dsa crypto/ecdh crypto/ecdh_test crypto/ecdsa crypto/ecdsa_test crypto/ed25519 crypto/ed25519_test crypto/elliptic crypto/fips140 crypto/fips140_test crypto/hkdf crypto/hkdf_test crypto/hmac crypto/hpke crypto/internal/boring crypto/internal/cryptotest crypto/internal/fips140/aes crypto/internal/fips140/aes/gcm crypto/internal/fips140/aes/gcm_test crypto/internal/fips140/aes_test crypto/internal/fips140/bigmod crypto/internal/fips140/drbg crypto/internal/fips140/ecdh crypto/internal/fips140/ecdsa crypto/internal/fips140/edwards25519 crypto/internal/fips140/edwards25519/field crypto/internal/fips140/mlkem crypto/internal/fips140/nistec crypto/internal/fips140/nistec/fiat crypto/internal/fips140/nistec/fiat_test crypto/internal/fips140/nistec_test crypto/internal/fips140/pbkdf2 crypto/internal/fips140/rsa crypto/internal/fips140/subtle crypto/internal/fips140cache crypto/internal/fips140only crypto/internal/fips140only_test crypto/internal/rand crypto/internal/sysrand crypto/internal/sysrand/internal/seccomp crypto/internal/sysrand_test crypto/md5 crypto/md5_test crypto/mlkem crypto/mlkem/mlkemtest crypto/mlkem_test crypto/pbkdf2 crypto/rand crypto/rand_test crypto/rc4 crypto/rsa crypto/rsa_test crypto/sha1 crypto/sha1_test crypto/sha256 crypto/sha256_test crypto/sha3 crypto/sha3_test crypto/sha512 crypto/subtle crypto/subtle_test crypto/tls crypto/tls_test crypto/x509 crypto/x509_test crypto_test database/sql database/sql/driver database/sql_test embed embed_test encoding/asn1 encoding/binary encoding/binary_test encoding/csv encoding/csv_test encoding/gob encoding/hex encoding/hex_test encoding/pem encoding/pem_test encoding/xml encoding/xml_test go/ast go/build go/build/constraint go/doc go/doc/comment go/format go/internal/scannerhooks go/parser go/printer go/scanner go/token go/token_test hash hash/adler32 hash/crc32 hash/crc32_test hash/crc64 hash/fnv hash_test html html/template html/template_test html_test image image/color image/color/palette image/draw image/gif image/internal/imageutil image/jpeg image/png image/png_test image_test internal/buildcfg internal/cfg internal/goroot internal/goversion internal/lazyregexp internal/obscuretestdata internal/platform internal/saferio internal/syslist internal/testenv internal/testhash io/ioutil io/ioutil_test maps maps_test math/big math/big_test math/rand/v2 math/rand/v2_test mime mime/multipart mime/multipart_test mime/quotedprintable mime/quotedprintable_test mime_test net/http net/http/cookiejar net/http/httptest net/http/httptest_test net/http/httptrace net/http/httptrace_test net/http/httputil net/http/httputil_test net/http/internal net/http/internal/ascii net/http/internal/httpcommon net/http_test net/mail net/textproto net/url net/url_test os/exec os/exec/internal/fdtest os/exec_test os/signal os/user regexp regexp/syntax regexp_test runtime/pprof sort sort_test testing/fstest testing/iotest testing/quick testing/synctest text/tabwriter text/tabwriter_test text/template text/template/parse text/template_test]
	packages=492
	duration=133.812715ms

[Info  - 3:38:40 PM] 2026/05/31 15:38:40 Shutdown session
	shutdown_session=1

