2026-05-30T13:10:24.280451Z  INFO TooltitudePb language server started
2026-05-30T13:10:24.280462Z  INFO executable path = /home/maksim/.vscode-oss/extensions/tooltitudeteam.tooltitude-pb-1.25.3-linux-x64/tooltitude-pb
2026-05-30T13:10:24.282496Z  INFO server started
2026-05-30T13:10:24.284892Z  INFO handle_request{method="initialize" id=0}: new
2026-05-30T13:10:24.287025Z  INFO handle_request{method="initialize" id=0}: close time.busy=2.12ms time.idle=9.22µs
2026-05-30T13:10:24.288227Z  INFO handle_notification{method="initialized"}: new
2026-05-30T13:10:24.288272Z  INFO handle_notification{method="initialized"}: close time.busy=38.6µs time.idle=7.32µs
2026-05-30T13:10:24.288325Z  INFO call{method="client/registerCapability"}: new
2026-05-30T13:10:24.291196Z  INFO handle_notification{method="textDocument/didOpen"}: new
2026-05-30T13:10:24.291298Z  INFO handle_notification{method="textDocument/didOpen"}: close time.busy=95.2µs time.idle=6.20µs
2026-05-30T13:10:24.292296Z  INFO handle_response{id=0}: new
2026-05-30T13:10:24.292306Z  INFO handle_response{id=0}: close time.busy=3.77µs time.idle=6.30µs
2026-05-30T13:10:24.292311Z  INFO call{method="client/registerCapability"}: close time.busy=3.98ms time.idle=7.31µs
2026-05-30T13:10:24.292357Z  INFO handle_request{method="textDocument/documentSymbol" id=1}: new
2026-05-30T13:10:24.292372Z  INFO handle_request{method="textDocument/documentSymbol" id=1}: close time.busy=9.77µs time.idle=5.61µs
2026-05-30T13:10:24.292438Z  INFO call{method="workspace/configuration"}: new
2026-05-30T13:10:24.293133Z  INFO handle_response{id=1}: new
2026-05-30T13:10:24.293142Z  INFO handle_response{id=1}: close time.busy=2.61µs time.idle=5.69µs
2026-05-30T13:10:24.293146Z  INFO call{method="workspace/configuration"}: close time.busy=700µs time.idle=9.21µs
2026-05-30T13:10:24.293161Z  INFO parse_includes: new
2026-05-30T13:10:24.293164Z  INFO parse_includes: Includes wasn't set
2026-05-30T13:10:24.293167Z  INFO parse_includes: Including guessed protobuf std lib location: file:///usr/include/google/protobuf
2026-05-30T13:10:24.293174Z  INFO parse_includes: close time.busy=9.89µs time.idle=2.83µs
2026-05-30T13:10:24.293178Z  INFO pb_proj::upd: new
2026-05-30T13:10:24.300599Z  INFO pb_proj::upd: close time.busy=7.42ms time.idle=2.38µs
2026-05-30T13:10:24.301449Z  INFO send_notification{method="telemetry/event"}: new
2026-05-30T13:10:24.301456Z  INFO send_notification{method="telemetry/event"}: close time.busy=1.73µs time.idle=5.55µs
2026-05-30T13:10:24.301463Z  INFO GC: vers to remove: [Version(0)]
2026-05-30T13:10:24.301489Z  INFO send_notification{method="textDocument/publishDiagnostics"}: new
2026-05-30T13:10:24.301495Z  INFO send_notification{method="textDocument/publishDiagnostics"}: close time.busy=1.60µs time.idle=4.31µs
2026-05-30T13:10:24.301534Z  INFO send_notification{method="textDocument/publishDiagnostics"}: new
2026-05-30T13:10:24.301538Z  INFO send_notification{method="textDocument/publishDiagnostics"}: close time.busy=1.13µs time.idle=2.92µs
2026-05-30T13:10:24.493547Z  INFO handle_request{method="textDocument/foldingRange" id=2}: new
2026-05-30T13:10:24.493579Z  INFO handle_request{method="textDocument/foldingRange" id=2}: close time.busy=16.5µs time.idle=16.3µs
2026-05-30T13:10:24.592999Z  INFO handle_request{method="textDocument/documentSymbol" id=3}: new
2026-05-30T13:10:24.593027Z  INFO handle_request{method="textDocument/documentSymbol" id=3}: close time.busy=16.4µs time.idle=12.7µs
2026-05-30T13:10:25.245684Z  INFO handle_request{method="textDocument/hover" id=4}: new
2026-05-30T13:10:25.245709Z  INFO handle_request{method="textDocument/hover" id=4}: close time.busy=14.5µs time.idle=10.9µs
2026-05-30T13:10:25.412004Z  INFO handle_request{method="textDocument/hover" id=5}: new
2026-05-30T13:10:25.412024Z  INFO handle_request{method="textDocument/hover" id=5}: close time.busy=10.3µs time.idle=9.95µs
2026-05-30T13:10:26.045909Z  INFO handle_request{method="textDocument/hover" id=6}: new
2026-05-30T13:10:26.045938Z  INFO handle_request{method="textDocument/hover" id=6}: close time.busy=14.6µs time.idle=15.1µs
2026-05-30T13:10:26.939421Z  INFO handle_request{method="textDocument/hover" id=7}: new
2026-05-30T13:10:26.939457Z  INFO handle_request{method="textDocument/hover" id=7}: close time.busy=19.0µs time.idle=17.5µs
2026-05-30T13:10:27.539852Z  INFO handle_request{method="textDocument/hover" id=8}: new
2026-05-30T13:10:27.539893Z  INFO handle_request{method="textDocument/hover" id=8}: close time.busy=25.0µs time.idle=16.5µs
2026-05-30T13:10:29.006059Z  INFO handle_request{method="textDocument/hover" id=9}: new
2026-05-30T13:10:29.006093Z  INFO handle_request{method="textDocument/hover" id=9}: close time.busy=17.9µs time.idle=17.6µs
2026-05-30T13:10:35.986008Z  INFO handle_request{method="textDocument/foldingRange" id=10}: new
2026-05-30T13:10:35.986031Z  INFO handle_request{method="textDocument/foldingRange" id=10}: close time.busy=12.2µs time.idle=11.7µs
2026-05-30T13:10:36.086354Z  INFO handle_request{method="textDocument/documentSymbol" id=11}: new
2026-05-30T13:10:36.086377Z  INFO handle_request{method="textDocument/documentSymbol" id=11}: close time.busy=12.0µs time.idle=11.9µs
2026-05-30T13:12:41.369509Z  INFO handle_notification{method="textDocument/didClose"}: new
2026-05-30T13:12:41.369543Z  INFO handle_notification{method="textDocument/didClose"}: close time.busy=19.9µs time.idle=15.1µs
2026-05-30T13:12:41.369571Z  INFO send_notification{method="textDocument/publishDiagnostics"}: new
2026-05-30T13:12:41.369583Z  INFO send_notification{method="textDocument/publishDiagnostics"}: close time.busy=2.92µs time.idle=9.38µs
2026-05-30T13:13:22.611530Z  INFO handle_notification{method="textDocument/didOpen"}: new
2026-05-30T13:13:22.611557Z  INFO handle_notification{method="textDocument/didOpen"}: close time.busy=16.4µs time.idle=11.7µs
2026-05-30T13:13:22.611693Z  INFO send_notification{method="textDocument/publishDiagnostics"}: new
2026-05-30T13:13:22.611708Z  INFO send_notification{method="textDocument/publishDiagnostics"}: close time.busy=3.33µs time.idle=11.4µs
2026-05-30T13:13:22.619650Z  INFO handle_request{method="textDocument/documentSymbol" id=12}: new
2026-05-30T13:13:22.619675Z  INFO handle_request{method="textDocument/documentSymbol" id=12}: close time.busy=14.0µs time.idle=11.4µs
2026-05-30T13:13:22.815545Z  INFO handle_request{method="textDocument/foldingRange" id=13}: new
2026-05-30T13:13:22.815575Z  INFO handle_request{method="textDocument/foldingRange" id=13}: close time.busy=15.2µs time.idle=16.6µs
2026-05-30T13:13:22.915050Z  INFO handle_request{method="textDocument/documentSymbol" id=14}: new
2026-05-30T13:13:22.915073Z  INFO handle_request{method="textDocument/documentSymbol" id=14}: close time.busy=12.2µs time.idle=11.6µs
2026-05-30T13:16:17.884984Z  INFO handle_notification{method="textDocument/didChange"}: new
2026-05-30T13:16:17.885013Z  INFO handle_notification{method="textDocument/didChange"}: close time.busy=16.9µs time.idle=12.8µs
2026-05-30T13:16:18.085341Z  INFO pb_proj::upd: new
2026-05-30T13:16:18.085505Z  INFO pb_proj::upd: close time.busy=140µs time.idle=23.9µs
2026-05-30T13:16:18.085524Z  INFO GC: vers to remove: [Version(1)]
2026-05-30T13:16:18.085602Z  INFO send_notification{method="textDocument/publishDiagnostics"}: new
2026-05-30T13:16:18.085608Z  INFO send_notification{method="textDocument/publishDiagnostics"}: close time.busy=2.62µs time.idle=4.14µs
2026-05-30T13:16:18.090080Z  INFO handle_request{method="textDocument/foldingRange" id=15}: new
2026-05-30T13:16:18.090110Z  INFO handle_request{method="textDocument/foldingRange" id=15}: close time.busy=15.6µs time.idle=15.1µs
2026-05-30T13:16:18.240064Z  INFO handle_request{method="textDocument/documentSymbol" id=16}: new
2026-05-30T13:16:18.240092Z  INFO handle_request{method="textDocument/documentSymbol" id=16}: close time.busy=13.8µs time.idle=14.3µs
2026-05-30T13:16:18.240102Z  INFO handle_request{method="textDocument/documentSymbol" id=17}: new
2026-05-30T13:16:18.240108Z  INFO handle_request{method="textDocument/documentSymbol" id=17}: close time.busy=2.60µs time.idle=3.23µs
2026-05-30T13:16:22.496405Z  INFO handle_notification{method="textDocument/didChange"}: new
2026-05-30T13:16:22.496446Z  INFO handle_notification{method="textDocument/didChange"}: close time.busy=26.7µs time.idle=14.6µs
2026-05-30T13:16:22.696538Z  INFO pb_proj::upd: new
2026-05-30T13:16:22.696706Z  INFO pb_proj::upd: close time.busy=148µs time.idle=21.6µs
2026-05-30T13:16:22.696728Z  INFO GC: vers to remove: [Version(2)]
2026-05-30T13:16:22.696835Z  INFO send_notification{method="textDocument/publishDiagnostics"}: new
2026-05-30T13:16:22.696844Z  INFO send_notification{method="textDocument/publishDiagnostics"}: close time.busy=3.87µs time.idle=5.56µs
2026-05-30T13:16:22.697005Z  INFO handle_request{method="textDocument/foldingRange" id=18}: new
2026-05-30T13:16:22.697023Z  INFO handle_request{method="textDocument/foldingRange" id=18}: close time.busy=10.8µs time.idle=7.69µs
2026-05-30T13:16:22.846918Z  INFO handle_request{method="textDocument/documentSymbol" id=19}: new
2026-05-30T13:16:22.846937Z  INFO handle_request{method="textDocument/documentSymbol" id=19}: close time.busy=9.72µs time.idle=10.4µs
2026-05-30T13:16:22.846945Z  INFO handle_request{method="textDocument/documentSymbol" id=20}: new
2026-05-30T13:16:22.846951Z  INFO handle_request{method="textDocument/documentSymbol" id=20}: close time.busy=2.45µs time.idle=2.79µs
2026-05-30T13:16:22.855578Z  INFO handle_notification{method="textDocument/didChange"}: new
2026-05-30T13:16:22.855600Z  INFO handle_notification{method="textDocument/didChange"}: close time.busy=12.6µs time.idle=9.44µs
2026-05-30T13:16:23.048337Z  INFO handle_request{method="textDocument/hover" id=21}: new
2026-05-30T13:16:23.048374Z  INFO handle_request{method="textDocument/hover" id=21}: close time.busy=19.4µs time.idle=18.5µs
2026-05-30T13:16:23.048403Z  INFO pb_proj::upd: new
2026-05-30T13:16:23.048523Z  INFO pb_proj::upd: close time.busy=109µs time.idle=10.9µs
2026-05-30T13:16:23.056699Z  INFO handle_request{method="textDocument/foldingRange" id=22}: new
2026-05-30T13:16:23.056719Z  INFO handle_request{method="textDocument/foldingRange" id=22}: close time.busy=10.8µs time.idle=9.11µs
2026-05-30T13:16:23.207357Z  INFO handle_request{method="textDocument/documentSymbol" id=23}: new
2026-05-30T13:16:23.207383Z  INFO handle_request{method="textDocument/documentSymbol" id=23}: close time.busy=13.6µs time.idle=14.0µs
2026-05-30T13:16:23.207394Z  INFO handle_request{method="textDocument/documentSymbol" id=24}: new
2026-05-30T13:16:23.207399Z  INFO handle_request{method="textDocument/documentSymbol" id=24}: close time.busy=2.72µs time.idle=2.79µs
2026-05-30T13:16:23.407489Z  INFO GC: vers to remove: [Version(3)]
2026-05-30T13:16:23.407578Z  INFO send_notification{method="textDocument/publishDiagnostics"}: new
2026-05-30T13:16:23.407587Z  INFO send_notification{method="textDocument/publishDiagnostics"}: close time.busy=3.46µs time.idle=5.80µs
2026-05-30T13:16:24.910904Z  INFO handle_notification{method="textDocument/didChange"}: new
2026-05-30T13:16:24.910933Z  INFO handle_notification{method="textDocument/didChange"}: close time.busy=19.5µs time.idle=10.9µs
2026-05-30T13:16:25.111021Z  INFO pb_proj::upd: new
2026-05-30T13:16:25.111130Z  INFO pb_proj::upd: close time.busy=91.8µs time.idle=18.0µs
2026-05-30T13:16:25.111148Z  INFO GC: vers to remove: [Version(4)]
2026-05-30T13:16:25.111213Z  INFO send_notification{method="textDocument/publishDiagnostics"}: new
2026-05-30T13:16:25.111220Z  INFO send_notification{method="textDocument/publishDiagnostics"}: close time.busy=3.33µs time.idle=3.71µs
2026-05-30T13:16:25.111960Z  INFO handle_request{method="textDocument/foldingRange" id=25}: new
2026-05-30T13:16:25.111979Z  INFO handle_request{method="textDocument/foldingRange" id=25}: close time.busy=10.9µs time.idle=7.61µs
2026-05-30T13:16:25.204293Z  INFO handle_notification{method="textDocument/didChange"}: new
2026-05-30T13:16:25.204316Z  INFO handle_notification{method="textDocument/didChange"}: close time.busy=13.6µs time.idle=9.98µs
2026-05-30T13:16:25.404421Z  INFO pb_proj::upd: new
2026-05-30T13:16:25.404539Z  INFO pb_proj::upd: close time.busy=101µs time.idle=17.3µs
2026-05-30T13:16:25.404559Z  INFO GC: vers to remove: [Version(5)]
2026-05-30T13:16:25.404629Z  INFO send_notification{method="textDocument/publishDiagnostics"}: new
2026-05-30T13:16:25.404636Z  INFO send_notification{method="textDocument/publishDiagnostics"}: close time.busy=2.92µs time.idle=3.87µs
2026-05-30T13:16:25.405380Z  INFO handle_request{method="textDocument/foldingRange" id=26}: new
2026-05-30T13:16:25.405398Z  INFO handle_request{method="textDocument/foldingRange" id=26}: close time.busy=10.8µs time.idle=7.83µs
2026-05-30T13:16:25.555332Z  INFO handle_request{method="textDocument/documentSymbol" id=27}: new
2026-05-30T13:16:25.555354Z  INFO handle_request{method="textDocument/documentSymbol" id=27}: close time.busy=12.0µs time.idle=11.4µs
2026-05-30T13:16:25.555362Z  INFO handle_request{method="textDocument/documentSymbol" id=28}: new
2026-05-30T13:16:25.555368Z  INFO handle_request{method="textDocument/documentSymbol" id=28}: close time.busy=2.61µs time.idle=2.60µs
2026-05-30T13:16:27.854628Z  INFO handle_notification{method="textDocument/didChange"}: new
2026-05-30T13:16:27.854660Z  INFO handle_notification{method="textDocument/didChange"}: close time.busy=17.6µs time.idle=15.3µs
2026-05-30T13:16:28.054757Z  INFO pb_proj::upd: new
2026-05-30T13:16:28.054910Z  INFO pb_proj::upd: close time.busy=138µs time.idle=15.0µs
2026-05-30T13:16:28.054931Z  INFO GC: vers to remove: [Version(6)]
2026-05-30T13:16:28.055004Z  INFO send_notification{method="textDocument/publishDiagnostics"}: new
2026-05-30T13:16:28.055010Z  INFO send_notification{method="textDocument/publishDiagnostics"}: close time.busy=2.50µs time.idle=4.34µs
2026-05-30T13:16:28.055479Z  INFO handle_request{method="textDocument/foldingRange" id=29}: new
2026-05-30T13:16:28.055498Z  INFO handle_request{method="textDocument/foldingRange" id=29}: close time.busy=10.7µs time.idle=8.56µs
2026-05-30T13:16:28.205302Z  INFO handle_request{method="textDocument/documentSymbol" id=30}: new
2026-05-30T13:16:28.205325Z  INFO handle_request{method="textDocument/documentSymbol" id=30}: close time.busy=11.9µs time.idle=11.3µs
2026-05-30T13:16:28.205333Z  INFO handle_request{method="textDocument/documentSymbol" id=31}: new
2026-05-30T13:16:28.205337Z  INFO handle_request{method="textDocument/documentSymbol" id=31}: close time.busy=2.16µs time.idle=2.63µs
2026-05-30T13:16:28.207298Z  INFO handle_notification{method="textDocument/didChange"}: new
2026-05-30T13:16:28.207320Z  INFO handle_notification{method="textDocument/didChange"}: close time.busy=15.2µs time.idle=6.90µs
2026-05-30T13:16:28.407416Z  INFO pb_proj::upd: new
2026-05-30T13:16:28.407521Z  INFO pb_proj::upd: close time.busy=85.2µs time.idle=20.6µs
2026-05-30T13:16:28.407541Z  INFO GC: vers to remove: [Version(7)]
2026-05-30T13:16:28.407610Z  INFO send_notification{method="textDocument/publishDiagnostics"}: new
2026-05-30T13:16:28.407617Z  INFO send_notification{method="textDocument/publishDiagnostics"}: close time.busy=2.53µs time.idle=4.56µs
2026-05-30T13:16:28.408386Z  INFO handle_request{method="textDocument/foldingRange" id=32}: new
2026-05-30T13:16:28.408406Z  INFO handle_request{method="textDocument/foldingRange" id=32}: close time.busy=11.9µs time.idle=8.19µs
2026-05-30T13:16:28.558194Z  INFO handle_request{method="textDocument/documentSymbol" id=33}: new
2026-05-30T13:16:28.558218Z  INFO handle_request{method="textDocument/documentSymbol" id=33}: close time.busy=12.8µs time.idle=12.2µs
2026-05-30T13:16:28.558227Z  INFO handle_request{method="textDocument/documentSymbol" id=34}: new
2026-05-30T13:16:28.558232Z  INFO handle_request{method="textDocument/documentSymbol" id=34}: close time.busy=2.19µs time.idle=2.74µs
2026-05-30T13:16:31.141045Z  INFO handle_request{method="textDocument/hover" id=35}: new
2026-05-30T13:16:31.141087Z  INFO handle_request{method="textDocument/hover" id=35}: close time.busy=18.8µs time.idle=23.4µs
2026-05-30T13:16:32.276770Z  INFO handle_request{method="textDocument/hover" id=36}: new
2026-05-30T13:16:32.276806Z  INFO handle_request{method="textDocument/hover" id=36}: close time.busy=15.4µs time.idle=21.7µs
2026-05-30T13:16:34.753593Z  INFO handle_notification{method="textDocument/didChange"}: new
2026-05-30T13:16:34.753621Z  INFO handle_notification{method="textDocument/didChange"}: close time.busy=17.3µs time.idle=11.5µs
2026-05-30T13:16:34.953723Z  INFO pb_proj::upd: new
2026-05-30T13:16:34.953849Z  INFO pb_proj::upd: close time.busy=111µs time.idle=16.4µs
2026-05-30T13:16:34.953868Z  INFO GC: vers to remove: [Version(8)]
2026-05-30T13:16:34.953953Z  INFO send_notification{method="textDocument/publishDiagnostics"}: new
2026-05-30T13:16:34.953961Z  INFO send_notification{method="textDocument/publishDiagnostics"}: close time.busy=3.20µs time.idle=5.07µs
2026-05-30T13:16:34.954414Z  INFO handle_request{method="textDocument/foldingRange" id=37}: new
2026-05-30T13:16:34.954431Z  INFO handle_request{method="textDocument/foldingRange" id=37}: close time.busy=9.67µs time.idle=7.39µs
2026-05-30T13:16:35.053221Z  INFO handle_notification{method="textDocument/didChange"}: new
2026-05-30T13:16:35.053244Z  INFO handle_notification{method="textDocument/didChange"}: close time.busy=13.6µs time.idle=9.50µs
2026-05-30T13:16:35.253345Z  INFO pb_proj::upd: new
2026-05-30T13:16:35.253477Z  INFO pb_proj::upd: close time.busy=119µs time.idle=13.8µs
2026-05-30T13:16:35.253495Z  INFO GC: vers to remove: [Version(9)]
2026-05-30T13:16:35.253566Z  INFO send_notification{method="textDocument/publishDiagnostics"}: new
2026-05-30T13:16:35.253572Z  INFO send_notification{method="textDocument/publishDiagnostics"}: close time.busy=2.38µs time.idle=3.81µs
2026-05-30T13:16:35.254051Z  INFO handle_request{method="textDocument/foldingRange" id=38}: new
2026-05-30T13:16:35.254071Z  INFO handle_request{method="textDocument/foldingRange" id=38}: close time.busy=12.8µs time.idle=8.03µs
2026-05-30T13:16:35.404498Z  INFO handle_request{method="textDocument/documentSymbol" id=39}: new
2026-05-30T13:16:35.404526Z  INFO handle_request{method="textDocument/documentSymbol" id=39}: close time.busy=14.0µs time.idle=15.8µs
2026-05-30T13:16:35.404540Z  INFO handle_request{method="textDocument/documentSymbol" id=40}: new
2026-05-30T13:16:35.404550Z  INFO handle_request{method="textDocument/documentSymbol" id=40}: close time.busy=5.10µs time.idle=4.32µs
2026-05-30T13:16:39.177257Z  INFO handle_notification{method="textDocument/didChange"}: new
2026-05-30T13:16:39.177286Z  INFO handle_notification{method="textDocument/didChange"}: close time.busy=16.3µs time.idle=13.7µs
2026-05-30T13:16:39.377395Z  INFO pb_proj::upd: new
2026-05-30T13:16:39.377550Z  INFO pb_proj::upd: close time.busy=137µs time.idle=18.6µs
2026-05-30T13:16:39.377569Z  INFO GC: vers to remove: [Version(10)]
2026-05-30T13:16:39.377646Z  INFO send_notification{method="textDocument/publishDiagnostics"}: new
2026-05-30T13:16:39.377653Z  INFO send_notification{method="textDocument/publishDiagnostics"}: close time.busy=2.63µs time.idle=3.92µs
2026-05-30T13:16:39.378160Z  INFO handle_request{method="textDocument/foldingRange" id=41}: new
2026-05-30T13:16:39.378178Z  INFO handle_request{method="textDocument/foldingRange" id=41}: close time.busy=10.8µs time.idle=7.66µs
2026-05-30T13:16:39.457127Z  INFO handle_notification{method="textDocument/didChange"}: new
2026-05-30T13:16:39.457149Z  INFO handle_notification{method="textDocument/didChange"}: close time.busy=13.2µs time.idle=8.89µs
2026-05-30T13:16:39.657272Z  INFO pb_proj::upd: new
2026-05-30T13:16:39.657767Z  INFO pb_proj::upd: close time.busy=478µs time.idle=17.8µs
2026-05-30T13:16:39.657786Z  INFO GC: vers to remove: [Version(11)]
2026-05-30T13:16:39.657899Z  INFO send_notification{method="textDocument/publishDiagnostics"}: new
2026-05-30T13:16:39.657906Z  INFO send_notification{method="textDocument/publishDiagnostics"}: close time.busy=2.65µs time.idle=4.14µs
2026-05-30T13:16:39.658231Z  INFO handle_request{method="textDocument/foldingRange" id=42}: new
2026-05-30T13:16:39.658248Z  INFO handle_request{method="textDocument/foldingRange" id=42}: close time.busy=9.83µs time.idle=7.33µs
2026-05-30T13:16:39.808119Z  INFO handle_request{method="textDocument/documentSymbol" id=43}: new
2026-05-30T13:16:39.808140Z  INFO handle_request{method="textDocument/documentSymbol" id=43}: close time.busy=10.4µs time.idle=10.2µs
2026-05-30T13:16:39.808148Z  INFO handle_request{method="textDocument/documentSymbol" id=44}: new
2026-05-30T13:16:39.808156Z  INFO handle_request{method="textDocument/documentSymbol" id=44}: close time.busy=5.26µs time.idle=3.02µs
2026-05-30T13:16:40.819176Z  INFO handle_notification{method="textDocument/didChange"}: new
2026-05-30T13:16:40.819207Z  INFO handle_notification{method="textDocument/didChange"}: close time.busy=19.0µs time.idle=12.8µs
2026-05-30T13:16:41.019309Z  INFO pb_proj::upd: new
2026-05-30T13:16:41.019423Z  INFO pb_proj::upd: close time.busy=98.8µs time.idle=16.8µs
2026-05-30T13:16:41.019443Z  INFO GC: vers to remove: [Version(12)]
2026-05-30T13:16:41.019517Z  INFO send_notification{method="textDocument/publishDiagnostics"}: new
2026-05-30T13:16:41.019523Z  INFO send_notification{method="textDocument/publishDiagnostics"}: close time.busy=2.61µs time.idle=3.83µs
2026-05-30T13:16:41.020182Z  INFO handle_request{method="textDocument/foldingRange" id=45}: new
2026-05-30T13:16:41.020202Z  INFO handle_request{method="textDocument/foldingRange" id=45}: close time.busy=11.4µs time.idle=8.62µs
2026-05-30T13:16:41.170178Z  INFO handle_request{method="textDocument/documentSymbol" id=46}: new
2026-05-30T13:16:41.170200Z  INFO handle_request{method="textDocument/documentSymbol" id=46}: close time.busy=11.8µs time.idle=11.0µs
2026-05-30T13:16:41.170209Z  INFO handle_request{method="textDocument/documentSymbol" id=47}: new
2026-05-30T13:16:41.170216Z  INFO handle_request{method="textDocument/documentSymbol" id=47}: close time.busy=4.90µs time.idle=2.56µs
2026-05-30T13:16:41.599360Z  INFO handle_request{method="textDocument/hover" id=48}: new
2026-05-30T13:16:41.599390Z  INFO handle_request{method="textDocument/hover" id=48}: close time.busy=17.1µs time.idle=13.1µs
2026-05-30T13:16:45.064137Z  INFO handle_notification{method="textDocument/didChange"}: new
2026-05-30T13:16:45.064163Z  INFO handle_notification{method="textDocument/didChange"}: close time.busy=15.7µs time.idle=11.7µs
2026-05-30T13:16:45.264265Z  INFO pb_proj::upd: new
2026-05-30T13:16:45.264418Z  INFO pb_proj::upd: close time.busy=131µs time.idle=22.9µs
2026-05-30T13:16:45.264437Z  INFO GC: vers to remove: [Version(13)]
2026-05-30T13:16:45.264515Z  INFO send_notification{method="textDocument/publishDiagnostics"}: new
2026-05-30T13:16:45.264522Z  INFO send_notification{method="textDocument/publishDiagnostics"}: close time.busy=2.49µs time.idle=4.05µs
2026-05-30T13:16:45.264997Z  INFO handle_request{method="textDocument/foldingRange" id=49}: new
2026-05-30T13:16:45.265017Z  INFO handle_request{method="textDocument/foldingRange" id=49}: close time.busy=11.4µs time.idle=9.42µs
2026-05-30T13:16:45.415541Z  INFO handle_request{method="textDocument/documentSymbol" id=50}: new
2026-05-30T13:16:45.415570Z  INFO handle_request{method="textDocument/documentSymbol" id=50}: close time.busy=14.6µs time.idle=15.3µs
2026-05-30T13:16:45.415581Z  INFO handle_request{method="textDocument/documentSymbol" id=51}: new
2026-05-30T13:16:45.415587Z  INFO handle_request{method="textDocument/documentSymbol" id=51}: close time.busy=2.81µs time.idle=2.96µs
2026-05-30T13:16:49.715885Z  INFO handle_notification{method="textDocument/didChange"}: new
2026-05-30T13:16:49.715925Z  INFO handle_notification{method="textDocument/didChange"}: close time.busy=26.0µs time.idle=14.5µs
2026-05-30T13:16:49.916031Z  INFO pb_proj::upd: new
2026-05-30T13:16:49.916189Z  INFO pb_proj::upd: close time.busy=133µs time.idle=25.2µs
2026-05-30T13:16:49.916207Z  INFO GC: vers to remove: [Version(14)]
2026-05-30T13:16:49.916283Z  INFO send_notification{method="textDocument/publishDiagnostics"}: new
2026-05-30T13:16:49.916293Z  INFO send_notification{method="textDocument/publishDiagnostics"}: close time.busy=3.79µs time.idle=6.54µs
2026-05-30T13:16:49.916770Z  INFO handle_request{method="textDocument/foldingRange" id=52}: new
2026-05-30T13:16:49.916789Z  INFO handle_request{method="textDocument/foldingRange" id=52}: close time.busy=11.4µs time.idle=8.19µs
2026-05-30T13:16:50.067108Z  INFO handle_request{method="textDocument/documentSymbol" id=53}: new
2026-05-30T13:16:50.067134Z  INFO handle_request{method="textDocument/documentSymbol" id=53}: close time.busy=14.5µs time.idle=12.9µs
2026-05-30T13:16:50.067145Z  INFO handle_request{method="textDocument/documentSymbol" id=54}: new
2026-05-30T13:16:50.067151Z  INFO handle_request{method="textDocument/documentSymbol" id=54}: close time.busy=3.04µs time.idle=2.99µs
2026-05-30T13:16:54.445910Z  INFO handle_notification{method="textDocument/didChange"}: new
2026-05-30T13:16:54.445952Z  INFO handle_notification{method="textDocument/didChange"}: close time.busy=25.7µs time.idle=18.0µs
2026-05-30T13:16:54.646078Z  INFO pb_proj::upd: new
2026-05-30T13:16:54.646252Z  INFO pb_proj::upd: close time.busy=148µs time.idle=27.5µs
2026-05-30T13:16:54.646268Z  INFO GC: vers to remove: [Version(15)]
2026-05-30T13:16:54.646345Z  INFO send_notification{method="textDocument/publishDiagnostics"}: new
2026-05-30T13:16:54.646354Z  INFO send_notification{method="textDocument/publishDiagnostics"}: close time.busy=3.32µs time.idle=4.93µs
2026-05-30T13:16:54.646787Z  INFO handle_request{method="textDocument/foldingRange" id=55}: new
2026-05-30T13:16:54.646805Z  INFO handle_request{method="textDocument/foldingRange" id=55}: close time.busy=11.4µs time.idle=7.71µs
2026-05-30T13:16:54.654294Z  INFO handle_notification{method="textDocument/didChange"}: new
2026-05-30T13:16:54.654315Z  INFO handle_notification{method="textDocument/didChange"}: close time.busy=12.1µs time.idle=8.67µs
2026-05-30T13:16:54.707806Z  INFO handle_request{method="textDocument/completion" id=56}: new
2026-05-30T13:16:54.707834Z  INFO handle_request{method="textDocument/completion" id=56}: close time.busy=15.7µs time.idle=13.7µs
2026-05-30T13:16:54.707849Z  INFO pb_proj::upd: new
2026-05-30T13:16:54.707963Z  INFO pb_proj::upd: close time.busy=105µs time.idle=9.32µs
2026-05-30T13:16:54.708023Z  INFO send_notification{method="telemetry/event"}: new
2026-05-30T13:16:54.708039Z  INFO send_notification{method="telemetry/event"}: close time.busy=3.03µs time.idle=14.1µs
2026-05-30T13:16:54.854990Z  INFO handle_request{method="textDocument/foldingRange" id=57}: new
2026-05-30T13:16:54.855017Z  INFO handle_request{method="textDocument/foldingRange" id=57}: close time.busy=13.8µs time.idle=13.9µs
2026-05-30T13:16:55.005412Z  INFO handle_request{method="textDocument/documentSymbol" id=58}: new
2026-05-30T13:16:55.005440Z  INFO handle_request{method="textDocument/documentSymbol" id=58}: close time.busy=14.5µs time.idle=14.1µs
2026-05-30T13:16:55.005449Z  INFO handle_request{method="textDocument/documentSymbol" id=59}: new
2026-05-30T13:16:55.005454Z  INFO handle_request{method="textDocument/documentSymbol" id=59}: close time.busy=2.24µs time.idle=2.92µs
2026-05-30T13:16:55.059814Z  INFO handle_notification{method="textDocument/didChange"}: new
2026-05-30T13:16:55.059845Z  INFO handle_notification{method="textDocument/didChange"}: close time.busy=19.7µs time.idle=11.8µs
2026-05-30T13:16:55.132033Z  INFO handle_notification{method="textDocument/didChange"}: new
2026-05-30T13:16:55.132058Z  INFO handle_notification{method="textDocument/didChange"}: close time.busy=14.6µs time.idle=10.9µs
2026-05-30T13:16:55.199087Z  INFO handle_notification{method="textDocument/didChange"}: new
2026-05-30T13:16:55.199114Z  INFO handle_notification{method="textDocument/didChange"}: close time.busy=15.7µs time.idle=11.8µs
2026-05-30T13:16:55.399239Z  INFO pb_proj::upd: new
2026-05-30T13:16:55.399405Z  INFO pb_proj::upd: close time.busy=140µs time.idle=26.3µs
2026-05-30T13:16:55.399425Z  INFO GC: vers to remove: [Version(16), Version(17)]
2026-05-30T13:16:55.399521Z  INFO send_notification{method="textDocument/publishDiagnostics"}: new
2026-05-30T13:16:55.399533Z  INFO send_notification{method="textDocument/publishDiagnostics"}: close time.busy=3.51µs time.idle=8.05µs
2026-05-30T13:16:55.399955Z  INFO handle_request{method="textDocument/foldingRange" id=60}: new
2026-05-30T13:16:55.399982Z  INFO handle_request{method="textDocument/foldingRange" id=60}: close time.busy=18.2µs time.idle=9.21µs
2026-05-30T13:16:55.549697Z  INFO handle_request{method="textDocument/documentSymbol" id=61}: new
2026-05-30T13:16:55.549723Z  INFO handle_request{method="textDocument/documentSymbol" id=61}: close time.busy=13.8µs time.idle=13.3µs
2026-05-30T13:16:55.549736Z  INFO handle_request{method="textDocument/documentSymbol" id=62}: new
2026-05-30T13:16:55.549745Z  INFO handle_request{method="textDocument/documentSymbol" id=62}: close time.busy=4.71µs time.idle=4.39µs
2026-05-30T13:16:56.941766Z  INFO handle_notification{method="textDocument/didChange"}: new
2026-05-30T13:16:56.941799Z  INFO handle_notification{method="textDocument/didChange"}: close time.busy=20.1µs time.idle=14.0µs
2026-05-30T13:16:56.993758Z  INFO handle_request{method="textDocument/completion" id=63}: new
2026-05-30T13:16:56.993788Z  INFO handle_request{method="textDocument/completion" id=63}: close time.busy=15.4µs time.idle=15.6µs
2026-05-30T13:16:56.993805Z  INFO pb_proj::upd: new
2026-05-30T13:16:56.993962Z  INFO pb_proj::upd: close time.busy=149µs time.idle=8.35µs
2026-05-30T13:16:56.994038Z  INFO send_notification{method="telemetry/event"}: new
2026-05-30T13:16:56.994052Z  INFO send_notification{method="telemetry/event"}: close time.busy=2.48µs time.idle=12.2µs
2026-05-30T13:16:57.062053Z  INFO handle_notification{method="textDocument/didChange"}: new
2026-05-30T13:16:57.062084Z  INFO handle_notification{method="textDocument/didChange"}: close time.busy=18.2µs time.idle=13.2µs
2026-05-30T13:16:57.113554Z  INFO handle_request{method="textDocument/completion" id=64}: new
2026-05-30T13:16:57.113579Z  INFO handle_request{method="textDocument/completion" id=64}: close time.busy=14.5µs time.idle=11.2µs
2026-05-30T13:16:57.113594Z  INFO pb_proj::upd: new
2026-05-30T13:16:57.113743Z  INFO pb_proj::upd: close time.busy=141µs time.idle=9.00µs
2026-05-30T13:16:57.113795Z  INFO send_notification{method="telemetry/event"}: new
2026-05-30T13:16:57.113808Z  INFO send_notification{method="telemetry/event"}: close time.busy=2.62µs time.idle=11.3µs
2026-05-30T13:16:57.222001Z  INFO handle_notification{method="textDocument/didChange"}: new
2026-05-30T13:16:57.222038Z  INFO handle_notification{method="textDocument/didChange"}: close time.busy=21.8µs time.idle=15.3µs
2026-05-30T13:16:57.273776Z  INFO handle_request{method="textDocument/completion" id=65}: new
2026-05-30T13:16:57.273813Z  INFO handle_request{method="textDocument/completion" id=65}: close time.busy=18.1µs time.idle=20.1µs
2026-05-30T13:16:57.273824Z  INFO pb_proj::upd: new
2026-05-30T13:16:57.273973Z  INFO pb_proj::upd: close time.busy=141µs time.idle=8.73µs
2026-05-30T13:16:57.274047Z  INFO send_notification{method="telemetry/event"}: new
2026-05-30T13:16:57.274065Z  INFO send_notification{method="telemetry/event"}: close time.busy=3.30µs time.idle=15.2µs
2026-05-30T13:16:57.422767Z  INFO handle_request{method="textDocument/foldingRange" id=66}: new
2026-05-30T13:16:57.422795Z  INFO handle_request{method="textDocument/foldingRange" id=66}: close time.busy=13.7µs time.idle=14.8µs
2026-05-30T13:16:57.573036Z  INFO handle_request{method="textDocument/documentSymbol" id=67}: new
2026-05-30T13:16:57.573063Z  INFO handle_request{method="textDocument/documentSymbol" id=67}: close time.busy=13.8µs time.idle=14.3µs
2026-05-30T13:16:57.573073Z  INFO handle_request{method="textDocument/documentSymbol" id=68}: new
2026-05-30T13:16:57.573080Z  INFO handle_request{method="textDocument/documentSymbol" id=68}: close time.busy=4.20µs time.idle=3.29µs
2026-05-30T13:16:57.696154Z  INFO handle_notification{method="textDocument/didChange"}: new
2026-05-30T13:16:57.696186Z  INFO handle_notification{method="textDocument/didChange"}: close time.busy=19.9µs time.idle=13.4µs
2026-05-30T13:16:57.747709Z  INFO handle_request{method="textDocument/completion" id=69}: new
2026-05-30T13:16:57.747738Z  INFO handle_request{method="textDocument/completion" id=69}: close time.busy=16.6µs time.idle=13.5µs
2026-05-30T13:16:57.747748Z  INFO pb_proj::upd: new
2026-05-30T13:16:57.747903Z  INFO pb_proj::upd: close time.busy=148µs time.idle=7.19µs
2026-05-30T13:16:57.747974Z  INFO send_notification{method="telemetry/event"}: new
2026-05-30T13:16:57.747992Z  INFO send_notification{method="telemetry/event"}: close time.busy=2.84µs time.idle=15.6µs
2026-05-30T13:16:57.796107Z  INFO handle_notification{method="textDocument/didChange"}: new
2026-05-30T13:16:57.796137Z  INFO handle_notification{method="textDocument/didChange"}: close time.busy=17.7µs time.idle=12.3µs
2026-05-30T13:16:57.848097Z  INFO handle_request{method="textDocument/completion" id=70}: new
2026-05-30T13:16:57.848123Z  INFO handle_request{method="textDocument/completion" id=70}: close time.busy=14.4µs time.idle=12.6µs
2026-05-30T13:16:57.848138Z  INFO pb_proj::upd: new
2026-05-30T13:16:57.848240Z  INFO pb_proj::upd: close time.busy=93.8µs time.idle=8.54µs
2026-05-30T13:16:57.848304Z  INFO send_notification{method="telemetry/event"}: new
2026-05-30T13:16:57.848318Z  INFO send_notification{method="telemetry/event"}: close time.busy=2.89µs time.idle=12.0µs
2026-05-30T13:16:57.982476Z  INFO handle_notification{method="textDocument/didChange"}: new
2026-05-30T13:16:57.982500Z  INFO handle_notification{method="textDocument/didChange"}: close time.busy=14.3µs time.idle=10.4µs
2026-05-30T13:16:58.034504Z  INFO handle_request{method="textDocument/completion" id=71}: new
2026-05-30T13:16:58.034538Z  INFO handle_request{method="textDocument/completion" id=71}: close time.busy=17.0µs time.idle=17.5µs
2026-05-30T13:16:58.034563Z  INFO pb_proj::upd: new
2026-05-30T13:16:58.034657Z  INFO pb_proj::upd: close time.busy=85.0µs time.idle=8.84µs
2026-05-30T13:16:58.034710Z  INFO send_notification{method="telemetry/event"}: new
2026-05-30T13:16:58.034724Z  INFO send_notification{method="telemetry/event"}: close time.busy=3.13µs time.idle=11.0µs
2026-05-30T13:16:58.163040Z  INFO handle_notification{method="textDocument/didChange"}: new
2026-05-30T13:16:58.163073Z  INFO handle_notification{method="textDocument/didChange"}: close time.busy=20.1µs time.idle=13.7µs
2026-05-30T13:16:58.214657Z  INFO handle_request{method="textDocument/completion" id=72}: new
2026-05-30T13:16:58.214683Z  INFO handle_request{method="textDocument/completion" id=72}: close time.busy=14.8µs time.idle=12.2µs
2026-05-30T13:16:58.214708Z  INFO pb_proj::upd: new
2026-05-30T13:16:58.214813Z  INFO pb_proj::upd: close time.busy=96.7µs time.idle=9.08µs
2026-05-30T13:16:58.214881Z  INFO send_notification{method="telemetry/event"}: new
2026-05-30T13:16:58.214888Z  INFO send_notification{method="telemetry/event"}: close time.busy=2.02µs time.idle=4.83µs
2026-05-30T13:16:58.363806Z  INFO handle_request{method="textDocument/foldingRange" id=73}: new
2026-05-30T13:16:58.363832Z  INFO handle_request{method="textDocument/foldingRange" id=73}: close time.busy=13.0µs time.idle=14.4µs
2026-05-30T13:16:58.513975Z  INFO handle_request{method="textDocument/documentSymbol" id=74}: new
2026-05-30T13:16:58.514008Z  INFO handle_request{method="textDocument/documentSymbol" id=74}: close time.busy=17.9µs time.idle=16.0µs
2026-05-30T13:16:58.514021Z  INFO handle_request{method="textDocument/documentSymbol" id=75}: new
2026-05-30T13:16:58.514030Z  INFO handle_request{method="textDocument/documentSymbol" id=75}: close time.busy=4.36µs time.idle=4.72µs
2026-05-30T13:16:58.714357Z  INFO GC: vers to remove: [Version(18), Version(19), Version(20), Version(21), Version(22), Version(23), Version(24)]
2026-05-30T13:16:58.714475Z  INFO send_notification{method="textDocument/publishDiagnostics"}: new
2026-05-30T13:16:58.714486Z  INFO send_notification{method="textDocument/publishDiagnostics"}: close time.busy=3.48µs time.idle=7.27µs
2026-05-30T13:17:02.540185Z  INFO handle_notification{method="textDocument/didChange"}: new
2026-05-30T13:17:02.540218Z  INFO handle_notification{method="textDocument/didChange"}: close time.busy=18.9µs time.idle=14.1µs
2026-05-30T13:17:02.591856Z  INFO handle_request{method="textDocument/completion" id=76}: new
2026-05-30T13:17:02.591898Z  INFO handle_request{method="textDocument/completion" id=76}: close time.busy=18.1µs time.idle=24.1µs
2026-05-30T13:17:02.591926Z  INFO pb_proj::upd: new
2026-05-30T13:17:02.592064Z  INFO pb_proj::upd: close time.busy=127µs time.idle=11.7µs
2026-05-30T13:17:02.592134Z  INFO send_notification{method="telemetry/event"}: new
2026-05-30T13:17:02.592148Z  INFO send_notification{method="telemetry/event"}: close time.busy=2.33µs time.idle=11.7µs
2026-05-30T13:17:02.673100Z  INFO handle_notification{method="textDocument/didChange"}: new
2026-05-30T13:17:02.673133Z  INFO handle_notification{method="textDocument/didChange"}: close time.busy=20.9µs time.idle=13.4µs
2026-05-30T13:17:02.724473Z  INFO handle_request{method="textDocument/completion" id=77}: new
2026-05-30T13:17:02.724502Z  INFO handle_request{method="textDocument/completion" id=77}: close time.busy=16.9µs time.idle=12.8µs
2026-05-30T13:17:02.724517Z  INFO pb_proj::upd: new
2026-05-30T13:17:02.724622Z  INFO pb_proj::upd: close time.busy=95.9µs time.idle=9.37µs
2026-05-30T13:17:02.724684Z  INFO send_notification{method="telemetry/event"}: new
2026-05-30T13:17:02.724702Z  INFO send_notification{method="telemetry/event"}: close time.busy=2.03µs time.idle=15.8µs
2026-05-30T13:17:02.873892Z  INFO handle_request{method="textDocument/foldingRange" id=78}: new
2026-05-30T13:17:02.873925Z  INFO handle_request{method="textDocument/foldingRange" id=78}: close time.busy=14.1µs time.idle=19.5µs
2026-05-30T13:17:02.987727Z  INFO handle_notification{method="textDocument/didChange"}: new
2026-05-30T13:17:02.987759Z  INFO handle_notification{method="textDocument/didChange"}: close time.busy=18.9µs time.idle=14.3µs
2026-05-30T13:17:03.023661Z  INFO handle_request{method="textDocument/documentSymbol" id=79}: new
2026-05-30T13:17:03.023686Z  INFO handle_request{method="textDocument/documentSymbol" id=79}: close time.busy=12.5µs time.idle=12.8µs
2026-05-30T13:17:03.023712Z  INFO pb_proj::upd: new
2026-05-30T13:17:03.023811Z  INFO pb_proj::upd: close time.busy=88.6µs time.idle=10.8µs
2026-05-30T13:17:03.039184Z  INFO handle_request{method="textDocument/completion" id=80}: new
2026-05-30T13:17:03.039203Z  INFO handle_request{method="textDocument/completion" id=80}: close time.busy=11.3µs time.idle=8.05µs
2026-05-30T13:17:03.039269Z  INFO send_notification{method="telemetry/event"}: new
2026-05-30T13:17:03.039280Z  INFO send_notification{method="telemetry/event"}: close time.busy=2.13µs time.idle=9.06µs
2026-05-30T13:17:03.181135Z  INFO handle_notification{method="textDocument/didChange"}: new
2026-05-30T13:17:03.181169Z  INFO handle_notification{method="textDocument/didChange"}: close time.busy=19.2µs time.idle=15.4µs
2026-05-30T13:17:03.232263Z  INFO handle_request{method="textDocument/completion" id=81}: new
2026-05-30T13:17:03.232294Z  INFO handle_request{method="textDocument/completion" id=81}: close time.busy=17.5µs time.idle=13.4µs
2026-05-30T13:17:03.232318Z  INFO pb_proj::upd: new
2026-05-30T13:17:03.232411Z  INFO pb_proj::upd: close time.busy=82.5µs time.idle=10.6µs
2026-05-30T13:17:03.232484Z  INFO send_notification{method="telemetry/event"}: new
2026-05-30T13:17:03.232498Z  INFO send_notification{method="telemetry/event"}: close time.busy=2.02µs time.idle=11.8µs
2026-05-30T13:17:03.334289Z  INFO handle_notification{method="textDocument/didChange"}: new
2026-05-30T13:17:03.334327Z  INFO handle_notification{method="textDocument/didChange"}: close time.busy=27.9µs time.idle=11.2µs
2026-05-30T13:17:03.386251Z  INFO handle_request{method="textDocument/completion" id=82}: new
2026-05-30T13:17:03.386281Z  INFO handle_request{method="textDocument/completion" id=82}: close time.busy=18.8µs time.idle=11.9µs
2026-05-30T13:17:03.386307Z  INFO pb_proj::upd: new
2026-05-30T13:17:03.386453Z  INFO pb_proj::upd: close time.busy=138µs time.idle=9.42µs
2026-05-30T13:17:03.386513Z  INFO send_notification{method="telemetry/event"}: new
2026-05-30T13:17:03.386528Z  INFO send_notification{method="telemetry/event"}: close time.busy=2.31µs time.idle=13.3µs
2026-05-30T13:17:03.534947Z  INFO handle_request{method="textDocument/foldingRange" id=83}: new
2026-05-30T13:17:03.534973Z  INFO handle_request{method="textDocument/foldingRange" id=83}: close time.busy=12.9µs time.idle=13.6µs
2026-05-30T13:17:03.547370Z  INFO handle_notification{method="textDocument/didChange"}: new
2026-05-30T13:17:03.547390Z  INFO handle_notification{method="textDocument/didChange"}: close time.busy=11.6µs time.idle=8.92µs
2026-05-30T13:17:03.599401Z  INFO handle_request{method="textDocument/completion" id=84}: new
2026-05-30T13:17:03.599433Z  INFO handle_request{method="textDocument/completion" id=84}: close time.busy=18.2µs time.idle=14.2µs
2026-05-30T13:17:03.599448Z  INFO pb_proj::upd: new
2026-05-30T13:17:03.599600Z  INFO pb_proj::upd: close time.busy=144µs time.idle=9.03µs
2026-05-30T13:17:03.599660Z  INFO send_notification{method="telemetry/event"}: new
2026-05-30T13:17:03.599674Z  INFO send_notification{method="telemetry/event"}: close time.busy=2.69µs time.idle=11.8µs
2026-05-30T13:17:03.748348Z  INFO handle_request{method="textDocument/foldingRange" id=85}: new
2026-05-30T13:17:03.748376Z  INFO handle_request{method="textDocument/foldingRange" id=85}: close time.busy=13.2µs time.idle=15.4µs
2026-05-30T13:17:03.898718Z  INFO handle_request{method="textDocument/documentSymbol" id=86}: new
2026-05-30T13:17:03.898746Z  INFO handle_request{method="textDocument/documentSymbol" id=86}: close time.busy=14.9µs time.idle=13.8µs
2026-05-30T13:17:03.898755Z  INFO handle_request{method="textDocument/documentSymbol" id=87}: new
2026-05-30T13:17:03.898761Z  INFO handle_request{method="textDocument/documentSymbol" id=87}: close time.busy=2.40µs time.idle=4.11µs
2026-05-30T13:17:03.903107Z  INFO handle_notification{method="textDocument/didChange"}: new
2026-05-30T13:17:03.903128Z  INFO handle_notification{method="textDocument/didChange"}: close time.busy=11.4µs time.idle=9.67µs
2026-05-30T13:17:03.904881Z  INFO handle_notification{method="textDocument/didChange"}: new
2026-05-30T13:17:03.904897Z  INFO handle_notification{method="textDocument/didChange"}: close time.busy=9.00µs time.idle=6.96µs
2026-05-30T13:17:04.104993Z  INFO pb_proj::upd: new
2026-05-30T13:17:04.105178Z  INFO pb_proj::upd: close time.busy=155µs time.idle=29.5µs
2026-05-30T13:17:04.105201Z  INFO GC: vers to remove: [Version(25), Version(26), Version(27), Version(28), Version(29), Version(30), Version(31)]
2026-05-30T13:17:04.105287Z  INFO send_notification{method="textDocument/publishDiagnostics"}: new
2026-05-30T13:17:04.105296Z  INFO send_notification{method="textDocument/publishDiagnostics"}: close time.busy=3.20µs time.idle=6.85µs
2026-05-30T13:17:04.105822Z  INFO handle_request{method="textDocument/foldingRange" id=88}: new
2026-05-30T13:17:04.105841Z  INFO handle_request{method="textDocument/foldingRange" id=88}: close time.busy=11.0µs time.idle=8.41µs
2026-05-30T13:17:04.255830Z  INFO handle_request{method="textDocument/documentSymbol" id=89}: new
2026-05-30T13:17:04.255854Z  INFO handle_request{method="textDocument/documentSymbol" id=89}: close time.busy=13.3µs time.idle=12.0µs
2026-05-30T13:17:04.255863Z  INFO handle_request{method="textDocument/documentSymbol" id=90}: new
2026-05-30T13:17:04.255880Z  INFO handle_request{method="textDocument/documentSymbol" id=90}: close time.busy=13.7µs time.idle=2.71µs
2026-05-30T13:17:04.910011Z  INFO handle_notification{method="textDocument/didChange"}: new
2026-05-30T13:17:04.910044Z  INFO handle_notification{method="textDocument/didChange"}: close time.busy=19.8µs time.idle=13.4µs
2026-05-30T13:17:05.110157Z  INFO pb_proj::upd: new
2026-05-30T13:17:05.110321Z  INFO pb_proj::upd: close time.busy=139µs time.idle=26.1µs
2026-05-30T13:17:05.110337Z  INFO GC: vers to remove: [Version(32)]
2026-05-30T13:17:05.110428Z  INFO send_notification{method="textDocument/publishDiagnostics"}: new
2026-05-30T13:17:05.110442Z  INFO send_notification{method="textDocument/publishDiagnostics"}: close time.busy=3.23µs time.idle=10.7µs
2026-05-30T13:17:05.110847Z  INFO handle_request{method="textDocument/foldingRange" id=91}: new
2026-05-30T13:17:05.110867Z  INFO handle_request{method="textDocument/foldingRange" id=91}: close time.busy=10.5µs time.idle=9.79µs
2026-05-30T13:17:05.236053Z  INFO handle_notification{method="textDocument/didChange"}: new
2026-05-30T13:17:05.236081Z  INFO handle_notification{method="textDocument/didChange"}: close time.busy=16.8µs time.idle=12.3µs
2026-05-30T13:17:05.260566Z  INFO handle_request{method="textDocument/documentSymbol" id=92}: new
2026-05-30T13:17:05.260587Z  INFO handle_request{method="textDocument/documentSymbol" id=92}: close time.busy=10.6µs time.idle=10.8µs
2026-05-30T13:17:05.260596Z  INFO pb_proj::upd: new
2026-05-30T13:17:05.260807Z  INFO pb_proj::upd: close time.busy=204µs time.idle=8.14µs
2026-05-30T13:17:05.287794Z  INFO handle_request{method="textDocument/completion" id=93}: new
2026-05-30T13:17:05.287818Z  INFO handle_request{method="textDocument/completion" id=93}: close time.busy=14.7µs time.idle=10.2µs
2026-05-30T13:17:05.287887Z  INFO send_notification{method="telemetry/event"}: new
2026-05-30T13:17:05.287930Z  INFO send_notification{method="telemetry/event"}: close time.busy=2.95µs time.idle=40.8µs
2026-05-30T13:17:05.302150Z  INFO handle_notification{method="textDocument/didChange"}: new
2026-05-30T13:17:05.302174Z  INFO handle_notification{method="textDocument/didChange"}: close time.busy=13.3µs time.idle=10.6µs
2026-05-30T13:17:05.455819Z  INFO handle_notification{method="textDocument/didChange"}: new
2026-05-30T13:17:05.455849Z  INFO handle_notification{method="textDocument/didChange"}: close time.busy=16.5µs time.idle=14.3µs
2026-05-30T13:17:05.655973Z  INFO pb_proj::upd: new
2026-05-30T13:17:05.656127Z  INFO pb_proj::upd: close time.busy=131µs time.idle=25.2µs
2026-05-30T13:17:05.656144Z  INFO GC: vers to remove: [Version(33), Version(34)]
2026-05-30T13:17:05.656241Z  INFO send_notification{method="textDocument/publishDiagnostics"}: new
2026-05-30T13:17:05.656253Z  INFO send_notification{method="textDocument/publishDiagnostics"}: close time.busy=2.83µs time.idle=8.72µs
2026-05-30T13:17:05.663397Z  INFO handle_request{method="textDocument/foldingRange" id=94}: new
2026-05-30T13:17:05.663416Z  INFO handle_request{method="textDocument/foldingRange" id=94}: close time.busy=10.7µs time.idle=8.03µs
2026-05-30T13:17:05.806800Z  INFO handle_request{method="textDocument/documentSymbol" id=95}: new
2026-05-30T13:17:05.806826Z  INFO handle_request{method="textDocument/documentSymbol" id=95}: close time.busy=12.7µs time.idle=14.2µs
2026-05-30T13:17:05.807393Z  INFO handle_request{method="textDocument/documentSymbol" id=96}: new
2026-05-30T13:17:05.807410Z  INFO handle_request{method="textDocument/documentSymbol" id=96}: close time.busy=7.72µs time.idle=8.61µs
2026-05-30T13:17:05.956309Z  INFO handle_notification{method="textDocument/didChange"}: new
2026-05-30T13:17:05.956344Z  INFO handle_notification{method="textDocument/didChange"}: close time.busy=21.6µs time.idle=14.2µs
2026-05-30T13:17:06.050333Z  INFO handle_notification{method="textDocument/didChange"}: new
2026-05-30T13:17:06.050364Z  INFO handle_notification{method="textDocument/didChange"}: close time.busy=17.3µs time.idle=15.3µs
2026-05-30T13:17:06.250473Z  INFO pb_proj::upd: new
2026-05-30T13:17:06.250707Z  INFO pb_proj::upd: close time.busy=207µs time.idle=27.4µs
2026-05-30T13:17:06.250725Z  INFO GC: vers to remove: [Version(35)]
2026-05-30T13:17:06.250821Z  INFO send_notification{method="textDocument/publishDiagnostics"}: new
2026-05-30T13:17:06.250828Z  INFO send_notification{method="textDocument/publishDiagnostics"}: close time.busy=2.96µs time.idle=3.93µs
2026-05-30T13:17:06.251539Z  INFO handle_request{method="textDocument/foldingRange" id=97}: new
2026-05-30T13:17:06.251555Z  INFO handle_request{method="textDocument/foldingRange" id=97}: close time.busy=9.19µs time.idle=7.56µs
2026-05-30T13:17:06.401596Z  INFO handle_request{method="textDocument/documentSymbol" id=98}: new
2026-05-30T13:17:06.401622Z  INFO handle_request{method="textDocument/documentSymbol" id=98}: close time.busy=14.2µs time.idle=13.1µs
2026-05-30T13:17:06.401637Z  INFO handle_request{method="textDocument/documentSymbol" id=99}: new
2026-05-30T13:17:06.401643Z  INFO handle_request{method="textDocument/documentSymbol" id=99}: close time.busy=3.26µs time.idle=3.19µs
2026-05-30T13:17:06.804310Z  INFO handle_notification{method="textDocument/didChange"}: new
2026-05-30T13:17:06.804344Z  INFO handle_notification{method="textDocument/didChange"}: close time.busy=19.1µs time.idle=16.0µs
2026-05-30T13:17:06.856555Z  INFO handle_request{method="textDocument/completion" id=100}: new
2026-05-30T13:17:06.856582Z  INFO handle_request{method="textDocument/completion" id=100}: close time.busy=15.3µs time.idle=12.5µs
2026-05-30T13:17:06.856595Z  INFO pb_proj::upd: new
2026-05-30T13:17:06.856760Z  INFO pb_proj::upd: close time.busy=157µs time.idle=8.25µs
2026-05-30T13:17:06.856821Z  INFO send_notification{method="telemetry/event"}: new
2026-05-30T13:17:06.856831Z  INFO send_notification{method="telemetry/event"}: close time.busy=2.09µs time.idle=8.01µs
2026-05-30T13:17:07.005406Z  INFO handle_request{method="textDocument/foldingRange" id=101}: new
2026-05-30T13:17:07.005439Z  INFO handle_request{method="textDocument/foldingRange" id=101}: close time.busy=16.0µs time.idle=17.1µs
2026-05-30T13:17:07.155224Z  INFO handle_request{method="textDocument/documentSymbol" id=102}: new
2026-05-30T13:17:07.155254Z  INFO handle_request{method="textDocument/documentSymbol" id=102}: close time.busy=15.1µs time.idle=15.3µs
2026-05-30T13:17:07.155264Z  INFO handle_request{method="textDocument/documentSymbol" id=103}: new
2026-05-30T13:17:07.155270Z  INFO handle_request{method="textDocument/documentSymbol" id=103}: close time.busy=2.58µs time.idle=3.47µs
2026-05-30T13:17:07.355349Z  INFO GC: vers to remove: [Version(36)]
2026-05-30T13:17:07.355463Z  INFO send_notification{method="textDocument/publishDiagnostics"}: new
2026-05-30T13:17:07.355474Z  INFO send_notification{method="textDocument/publishDiagnostics"}: close time.busy=3.02µs time.idle=7.76µs
2026-05-30T13:17:07.558031Z  INFO handle_notification{method="textDocument/didChange"}: new
2026-05-30T13:17:07.558065Z  INFO handle_notification{method="textDocument/didChange"}: close time.busy=21.2µs time.idle=13.4µs
2026-05-30T13:17:07.609403Z  INFO handle_request{method="textDocument/completion" id=104}: new
2026-05-30T13:17:07.609428Z  INFO handle_request{method="textDocument/completion" id=104}: close time.busy=14.1µs time.idle=11.6µs
2026-05-30T13:17:07.609454Z  INFO pb_proj::upd: new
2026-05-30T13:17:07.609632Z  INFO pb_proj::upd: close time.busy=170µs time.idle=9.42µs
2026-05-30T13:17:07.609687Z  INFO send_notification{method="telemetry/event"}: new
2026-05-30T13:17:07.609697Z  INFO send_notification{method="telemetry/event"}: close time.busy=2.16µs time.idle=7.42µs
2026-05-30T13:17:07.758737Z  INFO handle_request{method="textDocument/foldingRange" id=105}: new
2026-05-30T13:17:07.758774Z  INFO handle_request{method="textDocument/foldingRange" id=105}: close time.busy=14.7µs time.idle=23.1µs
2026-05-30T13:17:07.909025Z  INFO handle_request{method="textDocument/documentSymbol" id=106}: new
2026-05-30T13:17:07.909060Z  INFO handle_request{method="textDocument/documentSymbol" id=106}: close time.busy=13.1µs time.idle=22.6µs
2026-05-30T13:17:07.909254Z  INFO handle_request{method="textDocument/documentSymbol" id=107}: new
2026-05-30T13:17:07.909267Z  INFO handle_request{method="textDocument/documentSymbol" id=107}: close time.busy=6.25µs time.idle=6.78µs
2026-05-30T13:17:07.912818Z  INFO handle_notification{method="textDocument/didChange"}: new
2026-05-30T13:17:07.912837Z  INFO handle_notification{method="textDocument/didChange"}: close time.busy=11.2µs time.idle=7.72µs
2026-05-30T13:17:08.112949Z  INFO pb_proj::upd: new
2026-05-30T13:17:08.113065Z  INFO pb_proj::upd: close time.busy=91.3µs time.idle=26.0µs
2026-05-30T13:17:08.113081Z  INFO GC: vers to remove: [Version(37), Version(38)]
2026-05-30T13:17:08.113369Z  INFO send_notification{method="textDocument/publishDiagnostics"}: new
2026-05-30T13:17:08.113376Z  INFO send_notification{method="textDocument/publishDiagnostics"}: close time.busy=3.18µs time.idle=4.25µs
2026-05-30T13:17:08.113823Z  INFO handle_request{method="textDocument/foldingRange" id=108}: new
2026-05-30T13:17:08.113842Z  INFO handle_request{method="textDocument/foldingRange" id=108}: close time.busy=10.7µs time.idle=8.55µs
2026-05-30T13:17:08.263993Z  INFO handle_request{method="textDocument/documentSymbol" id=109}: new
2026-05-30T13:17:08.264021Z  INFO handle_request{method="textDocument/documentSymbol" id=109}: close time.busy=13.7µs time.idle=15.7µs
2026-05-30T13:17:08.264030Z  INFO handle_request{method="textDocument/documentSymbol" id=110}: new
2026-05-30T13:17:08.264035Z  INFO handle_request{method="textDocument/documentSymbol" id=110}: close time.busy=2.44µs time.idle=3.04µs
2026-05-30T13:17:09.093126Z  INFO handle_notification{method="textDocument/didChange"}: new
2026-05-30T13:17:09.093160Z  INFO handle_notification{method="textDocument/didChange"}: close time.busy=19.4µs time.idle=15.2µs
2026-05-30T13:17:09.293274Z  INFO pb_proj::upd: new
2026-05-30T13:17:09.293428Z  INFO pb_proj::upd: close time.busy=128µs time.idle=26.6µs
2026-05-30T13:17:09.293448Z  INFO GC: vers to remove: [Version(39)]
2026-05-30T13:17:09.293537Z  INFO send_notification{method="textDocument/publishDiagnostics"}: new
2026-05-30T13:17:09.293543Z  INFO send_notification{method="textDocument/publishDiagnostics"}: close time.busy=2.89µs time.idle=3.58µs
2026-05-30T13:17:09.293917Z  INFO handle_request{method="textDocument/foldingRange" id=111}: new
2026-05-30T13:17:09.293937Z  INFO handle_request{method="textDocument/foldingRange" id=111}: close time.busy=11.1µs time.idle=9.19µs
2026-05-30T13:17:09.444037Z  INFO handle_request{method="textDocument/documentSymbol" id=112}: new
2026-05-30T13:17:09.444066Z  INFO handle_request{method="textDocument/documentSymbol" id=112}: close time.busy=16.9µs time.idle=13.3µs
2026-05-30T13:17:09.444237Z  INFO handle_request{method="textDocument/documentSymbol" id=113}: new
2026-05-30T13:17:09.444245Z  INFO handle_request{method="textDocument/documentSymbol" id=113}: close time.busy=4.04µs time.idle=3.92µs
2026-05-30T13:17:09.800771Z  INFO handle_notification{method="textDocument/didChange"}: new
2026-05-30T13:17:09.800804Z  INFO handle_notification{method="textDocument/didChange"}: close time.busy=20.0µs time.idle=13.6µs
2026-05-30T13:17:10.000919Z  INFO pb_proj::upd: new
2026-05-30T13:17:10.001110Z  INFO pb_proj::upd: close time.busy=166µs time.idle=24.8µs
2026-05-30T13:17:10.001131Z  INFO GC: vers to remove: [Version(40)]
2026-05-30T13:17:10.001215Z  INFO send_notification{method="textDocument/publishDiagnostics"}: new
2026-05-30T13:17:10.001224Z  INFO send_notification{method="textDocument/publishDiagnostics"}: close time.busy=3.47µs time.idle=5.49µs
2026-05-30T13:17:10.001674Z  INFO handle_request{method="textDocument/foldingRange" id=114}: new
2026-05-30T13:17:10.001693Z  INFO handle_request{method="textDocument/foldingRange" id=114}: close time.busy=10.9µs time.idle=8.92µs
2026-05-30T13:17:10.152091Z  INFO handle_request{method="textDocument/documentSymbol" id=115}: new
2026-05-30T13:17:10.152122Z  INFO handle_request{method="textDocument/documentSymbol" id=115}: close time.busy=18.3µs time.idle=13.6µs
2026-05-30T13:17:10.152274Z  INFO handle_request{method="textDocument/documentSymbol" id=116}: new
2026-05-30T13:17:10.152282Z  INFO handle_request{method="textDocument/documentSymbol" id=116}: close time.busy=4.05µs time.idle=3.72µs
2026-05-30T13:17:10.928579Z  INFO handle_notification{method="textDocument/didChange"}: new
2026-05-30T13:17:10.928613Z  INFO handle_notification{method="textDocument/didChange"}: close time.busy=22.0µs time.idle=12.6µs
2026-05-30T13:17:11.128720Z  INFO pb_proj::upd: new
2026-05-30T13:17:11.128845Z  INFO pb_proj::upd: close time.busy=107µs time.idle=18.8µs
2026-05-30T13:17:11.128864Z  INFO GC: vers to remove: [Version(41)]
2026-05-30T13:17:11.128981Z  INFO send_notification{method="textDocument/publishDiagnostics"}: new
2026-05-30T13:17:11.128992Z  INFO send_notification{method="textDocument/publishDiagnostics"}: close time.busy=4.19µs time.idle=7.46µs
2026-05-30T13:17:11.129536Z  INFO handle_request{method="textDocument/foldingRange" id=117}: new
2026-05-30T13:17:11.129560Z  INFO handle_request{method="textDocument/foldingRange" id=117}: close time.busy=16.0µs time.idle=8.31µs
2026-05-30T13:17:11.279717Z  INFO handle_request{method="textDocument/documentSymbol" id=118}: new
2026-05-30T13:17:11.279742Z  INFO handle_request{method="textDocument/documentSymbol" id=118}: close time.busy=13.9µs time.idle=12.0µs
2026-05-30T13:17:11.279752Z  INFO handle_request{method="textDocument/documentSymbol" id=119}: new
2026-05-30T13:17:11.279759Z  INFO handle_request{method="textDocument/documentSymbol" id=119}: close time.busy=3.16µs time.idle=3.04µs
2026-05-30T13:17:11.629215Z  INFO handle_notification{method="textDocument/didChange"}: new
2026-05-30T13:17:11.629251Z  INFO handle_notification{method="textDocument/didChange"}: close time.busy=21.6µs time.idle=15.1µs
2026-05-30T13:17:11.680855Z  INFO handle_request{method="textDocument/completion" id=120}: new
2026-05-30T13:17:11.680888Z  INFO handle_request{method="textDocument/completion" id=120}: close time.busy=21.5µs time.idle=12.8µs
2026-05-30T13:17:11.680902Z  INFO pb_proj::upd: new
2026-05-30T13:17:11.681049Z  INFO pb_proj::upd: close time.busy=138µs time.idle=9.68µs
2026-05-30T13:17:11.681104Z  INFO send_notification{method="telemetry/event"}: new
2026-05-30T13:17:11.681114Z  INFO send_notification{method="telemetry/event"}: close time.busy=2.42µs time.idle=7.27µs
2026-05-30T13:17:11.829779Z  INFO handle_request{method="textDocument/foldingRange" id=121}: new
2026-05-30T13:17:11.829801Z  INFO handle_request{method="textDocument/foldingRange" id=121}: close time.busy=11.4µs time.idle=11.8µs
2026-05-30T13:17:11.955798Z  INFO handle_notification{method="textDocument/didChange"}: new
2026-05-30T13:17:11.955825Z  INFO handle_notification{method="textDocument/didChange"}: close time.busy=16.8µs time.idle=11.7µs
2026-05-30T13:17:11.980003Z  INFO handle_request{method="textDocument/documentSymbol" id=122}: new
2026-05-30T13:17:11.980025Z  INFO handle_request{method="textDocument/documentSymbol" id=122}: close time.busy=11.2µs time.idle=11.2µs
2026-05-30T13:17:11.980037Z  INFO pb_proj::upd: new
2026-05-30T13:17:11.980161Z  INFO pb_proj::upd: close time.busy=116µs time.idle=8.78µs
2026-05-30T13:17:12.068304Z  INFO handle_notification{method="textDocument/didChange"}: new
2026-05-30T13:17:12.068330Z  INFO handle_notification{method="textDocument/didChange"}: close time.busy=15.8µs time.idle=10.4µs
2026-05-30T13:17:12.175225Z  INFO handle_notification{method="textDocument/didChange"}: new
2026-05-30T13:17:12.175249Z  INFO handle_notification{method="textDocument/didChange"}: close time.busy=12.7µs time.idle=11.6µs
2026-05-30T13:17:12.375358Z  INFO pb_proj::upd: new
2026-05-30T13:17:12.375473Z  INFO pb_proj::upd: close time.busy=90.6µs time.idle=25.2µs
2026-05-30T13:17:12.375494Z  INFO GC: vers to remove: [Version(42), Version(43), Version(44)]
2026-05-30T13:17:12.375608Z  INFO send_notification{method="textDocument/publishDiagnostics"}: new
2026-05-30T13:17:12.375621Z  INFO send_notification{method="textDocument/publishDiagnostics"}: close time.busy=3.91µs time.idle=9.81µs
2026-05-30T13:17:12.376327Z  INFO handle_request{method="textDocument/foldingRange" id=123}: new
2026-05-30T13:17:12.376344Z  INFO handle_request{method="textDocument/foldingRange" id=123}: close time.busy=11.1µs time.idle=6.30µs
2026-05-30T13:17:12.525974Z  INFO handle_request{method="textDocument/documentSymbol" id=124}: new
2026-05-30T13:17:12.525999Z  INFO handle_request{method="textDocument/documentSymbol" id=124}: close time.busy=13.9µs time.idle=12.4µs
2026-05-30T13:17:12.526015Z  INFO handle_request{method="textDocument/documentSymbol" id=125}: new
2026-05-30T13:17:12.526025Z  INFO handle_request{method="textDocument/documentSymbol" id=125}: close time.busy=5.44µs time.idle=5.46µs
2026-05-30T13:17:12.737209Z  INFO handle_notification{method="textDocument/didChange"}: new
2026-05-30T13:17:12.737239Z  INFO handle_notification{method="textDocument/didChange"}: close time.busy=18.9µs time.idle=11.9µs
2026-05-30T13:17:12.788745Z  INFO handle_request{method="textDocument/completion" id=126}: new
2026-05-30T13:17:12.788776Z  INFO handle_request{method="textDocument/completion" id=126}: close time.busy=17.4µs time.idle=14.6µs
2026-05-30T13:17:12.788794Z  INFO pb_proj::upd: new
2026-05-30T13:17:12.788917Z  INFO pb_proj::upd: close time.busy=113µs time.idle=11.1µs
2026-05-30T13:17:12.788968Z  INFO send_notification{method="telemetry/event"}: new
2026-05-30T13:17:12.788977Z  INFO send_notification{method="telemetry/event"}: close time.busy=1.95µs time.idle=7.41µs
2026-05-30T13:17:12.938044Z  INFO handle_request{method="textDocument/foldingRange" id=127}: new
2026-05-30T13:17:12.938076Z  INFO handle_request{method="textDocument/foldingRange" id=127}: close time.busy=14.1µs time.idle=18.8µs
2026-05-30T13:17:13.088332Z  INFO handle_request{method="textDocument/documentSymbol" id=128}: new
2026-05-30T13:17:13.088358Z  INFO handle_request{method="textDocument/documentSymbol" id=128}: close time.busy=14.0µs time.idle=13.6µs
2026-05-30T13:17:13.088368Z  INFO handle_request{method="textDocument/documentSymbol" id=129}: new
2026-05-30T13:17:13.088373Z  INFO handle_request{method="textDocument/documentSymbol" id=129}: close time.busy=2.52µs time.idle=2.86µs
2026-05-30T13:17:13.217052Z  INFO handle_notification{method="textDocument/didChange"}: new
2026-05-30T13:17:13.217087Z  INFO handle_notification{method="textDocument/didChange"}: close time.busy=20.6µs time.idle=15.0µs
2026-05-30T13:17:13.268418Z  INFO handle_request{method="textDocument/completion" id=130}: new
2026-05-30T13:17:13.268446Z  INFO handle_request{method="textDocument/completion" id=130}: close time.busy=14.9µs time.idle=13.9µs
2026-05-30T13:17:13.268472Z  INFO pb_proj::upd: new
2026-05-30T13:17:13.268562Z  INFO pb_proj::upd: close time.busy=79.7µs time.idle=10.7µs
2026-05-30T13:17:13.268624Z  INFO send_notification{method="telemetry/event"}: new
2026-05-30T13:17:13.268631Z  INFO send_notification{method="telemetry/event"}: close time.busy=2.13µs time.idle=5.27µs
2026-05-30T13:17:13.336081Z  INFO handle_notification{method="textDocument/didChange"}: new
2026-05-30T13:17:13.336102Z  INFO handle_notification{method="textDocument/didChange"}: close time.busy=13.0µs time.idle=8.95µs
2026-05-30T13:17:13.387471Z  INFO handle_request{method="textDocument/completion" id=131}: new
2026-05-30T13:17:13.387500Z  INFO handle_request{method="textDocument/completion" id=131}: close time.busy=16.1µs time.idle=13.4µs
2026-05-30T13:17:13.387514Z  INFO pb_proj::upd: new
2026-05-30T13:17:13.387687Z  INFO pb_proj::upd: close time.busy=163µs time.idle=9.79µs
2026-05-30T13:17:13.387744Z  INFO send_notification{method="telemetry/event"}: new
2026-05-30T13:17:13.387759Z  INFO send_notification{method="telemetry/event"}: close time.busy=2.47µs time.idle=13.2µs
2026-05-30T13:17:13.536706Z  INFO handle_request{method="textDocument/foldingRange" id=132}: new
2026-05-30T13:17:13.536742Z  INFO handle_request{method="textDocument/foldingRange" id=132}: close time.busy=18.1µs time.idle=18.2µs
2026-05-30T13:17:13.686637Z  INFO handle_request{method="textDocument/documentSymbol" id=133}: new
2026-05-30T13:17:13.686662Z  INFO handle_request{method="textDocument/documentSymbol" id=133}: close time.busy=12.8µs time.idle=13.6µs
2026-05-30T13:17:13.686672Z  INFO handle_request{method="textDocument/documentSymbol" id=134}: new
2026-05-30T13:17:13.686677Z  INFO handle_request{method="textDocument/documentSymbol" id=134}: close time.busy=2.09µs time.idle=2.81µs
2026-05-30T13:17:13.857466Z  INFO handle_notification{method="textDocument/didChange"}: new
2026-05-30T13:17:13.857498Z  INFO handle_notification{method="textDocument/didChange"}: close time.busy=21.2µs time.idle=12.1µs
2026-05-30T13:17:13.909453Z  INFO handle_request{method="textDocument/completion" id=135}: new
2026-05-30T13:17:13.909484Z  INFO handle_request{method="textDocument/completion" id=135}: close time.busy=18.3µs time.idle=13.7µs
2026-05-30T13:17:13.909509Z  INFO pb_proj::upd: new
2026-05-30T13:17:13.909653Z  INFO pb_proj::upd: close time.busy=135µs time.idle=8.87µs
2026-05-30T13:17:13.909713Z  INFO send_notification{method="telemetry/event"}: new
2026-05-30T13:17:13.909724Z  INFO send_notification{method="telemetry/event"}: close time.busy=2.23µs time.idle=9.29µs
2026-05-30T13:17:14.058357Z  INFO handle_request{method="textDocument/foldingRange" id=136}: new
2026-05-30T13:17:14.058390Z  INFO handle_request{method="textDocument/foldingRange" id=136}: close time.busy=16.1µs time.idle=17.8µs
2026-05-30T13:17:14.208646Z  INFO handle_request{method="textDocument/documentSymbol" id=137}: new
2026-05-30T13:17:14.208676Z  INFO handle_request{method="textDocument/documentSymbol" id=137}: close time.busy=16.3µs time.idle=15.3µs
2026-05-30T13:17:14.208686Z  INFO handle_request{method="textDocument/documentSymbol" id=138}: new
2026-05-30T13:17:14.208692Z  INFO handle_request{method="textDocument/documentSymbol" id=138}: close time.busy=2.50µs time.idle=3.43µs
2026-05-30T13:17:14.251154Z  INFO handle_notification{method="textDocument/didChange"}: new
2026-05-30T13:17:14.251192Z  INFO handle_notification{method="textDocument/didChange"}: close time.busy=22.5µs time.idle=15.2µs
2026-05-30T13:17:14.302611Z  INFO handle_request{method="textDocument/completion" id=139}: new
2026-05-30T13:17:14.302639Z  INFO handle_request{method="textDocument/completion" id=139}: close time.busy=16.7µs time.idle=12.1µs
2026-05-30T13:17:14.302688Z  INFO pb_proj::upd: new
2026-05-30T13:17:14.302822Z  INFO pb_proj::upd: close time.busy=123µs time.idle=11.3µs
2026-05-30T13:17:14.302884Z  INFO send_notification{method="telemetry/event"}: new
2026-05-30T13:17:14.302915Z  INFO send_notification{method="telemetry/event"}: close time.busy=2.37µs time.idle=28.6µs
2026-05-30T13:17:14.337007Z  INFO handle_notification{method="textDocument/didChange"}: new
2026-05-30T13:17:14.337029Z  INFO handle_notification{method="textDocument/didChange"}: close time.busy=13.7µs time.idle=9.70µs
2026-05-30T13:17:14.388940Z  INFO handle_request{method="textDocument/completion" id=140}: new
2026-05-30T13:17:14.388975Z  INFO handle_request{method="textDocument/completion" id=140}: close time.busy=20.6µs time.idle=14.9µs
2026-05-30T13:17:14.388999Z  INFO pb_proj::upd: new
2026-05-30T13:17:14.389135Z  INFO pb_proj::upd: close time.busy=127µs time.idle=9.08µs
2026-05-30T13:17:14.389195Z  INFO send_notification{method="telemetry/event"}: new
2026-05-30T13:17:14.389205Z  INFO send_notification{method="telemetry/event"}: close time.busy=2.40µs time.idle=7.67µs
2026-05-30T13:17:14.538001Z  INFO handle_request{method="textDocument/foldingRange" id=141}: new
2026-05-30T13:17:14.538042Z  INFO handle_request{method="textDocument/foldingRange" id=141}: close time.busy=16.7µs time.idle=25.9µs
2026-05-30T13:17:14.688150Z  INFO handle_request{method="textDocument/documentSymbol" id=142}: new
2026-05-30T13:17:14.688184Z  INFO handle_request{method="textDocument/documentSymbol" id=142}: close time.busy=19.8µs time.idle=14.9µs
2026-05-30T13:17:14.688194Z  INFO handle_request{method="textDocument/documentSymbol" id=143}: new
2026-05-30T13:17:14.688199Z  INFO handle_request{method="textDocument/documentSymbol" id=143}: close time.busy=2.32µs time.idle=2.89µs
2026-05-30T13:17:14.888605Z  INFO GC: vers to remove: [Version(45), Version(46), Version(47), Version(48), Version(49), Version(50)]
2026-05-30T13:17:14.888756Z  INFO send_notification{method="textDocument/publishDiagnostics"}: new
2026-05-30T13:17:14.888766Z  INFO send_notification{method="textDocument/publishDiagnostics"}: close time.busy=3.09µs time.idle=7.83µs
2026-05-30T13:17:15.184973Z  INFO handle_notification{method="textDocument/didChange"}: new
2026-05-30T13:17:15.185005Z  INFO handle_notification{method="textDocument/didChange"}: close time.busy=19.0µs time.idle=13.5µs
2026-05-30T13:17:15.236697Z  INFO handle_request{method="textDocument/completion" id=144}: new
2026-05-30T13:17:15.236723Z  INFO handle_request{method="textDocument/completion" id=144}: close time.busy=14.8µs time.idle=11.7µs
2026-05-30T13:17:15.236733Z  INFO pb_proj::upd: new
2026-05-30T13:17:15.236854Z  INFO pb_proj::upd: close time.busy=112µs time.idle=9.20µs
2026-05-30T13:17:15.236915Z  INFO send_notification{method="telemetry/event"}: new
2026-05-30T13:17:15.236932Z  INFO send_notification{method="telemetry/event"}: close time.busy=2.49µs time.idle=14.7µs
2026-05-30T13:17:15.385682Z  INFO handle_request{method="textDocument/foldingRange" id=145}: new
2026-05-30T13:17:15.385708Z  INFO handle_request{method="textDocument/foldingRange" id=145}: close time.busy=13.8µs time.idle=13.3µs
2026-05-30T13:17:15.431849Z  INFO handle_notification{method="textDocument/didChange"}: new
2026-05-30T13:17:15.431898Z  INFO handle_notification{method="textDocument/didChange"}: close time.busy=34.6µs time.idle=15.6µs
2026-05-30T13:17:15.483619Z  INFO handle_request{method="textDocument/completion" id=146}: new
2026-05-30T13:17:15.483649Z  INFO handle_request{method="textDocument/completion" id=146}: close time.busy=18.3µs time.idle=13.0µs
2026-05-30T13:17:15.483661Z  INFO pb_proj::upd: new
2026-05-30T13:17:15.483941Z  INFO pb_proj::upd: close time.busy=273µs time.idle=7.28µs
2026-05-30T13:17:15.484006Z  INFO send_notification{method="telemetry/event"}: new
2026-05-30T13:17:15.484016Z  INFO send_notification{method="telemetry/event"}: close time.busy=2.36µs time.idle=8.41µs
2026-05-30T13:17:15.613429Z  INFO handle_notification{method="textDocument/didChange"}: new
2026-05-30T13:17:15.613462Z  INFO handle_notification{method="textDocument/didChange"}: close time.busy=20.5µs time.idle=13.5µs
2026-05-30T13:17:15.665657Z  INFO handle_request{method="textDocument/completion" id=147}: new
2026-05-30T13:17:15.665686Z  INFO handle_request{method="textDocument/completion" id=147}: close time.busy=16.6µs time.idle=13.2µs
2026-05-30T13:17:15.665771Z  INFO pb_proj::upd: new
2026-05-30T13:17:15.665893Z  INFO pb_proj::upd: close time.busy=114µs time.idle=7.67µs
2026-05-30T13:17:15.665957Z  INFO send_notification{method="telemetry/event"}: new
2026-05-30T13:17:15.665969Z  INFO send_notification{method="telemetry/event"}: close time.busy=2.90µs time.idle=8.86µs
2026-05-30T13:17:15.813998Z  INFO handle_request{method="textDocument/foldingRange" id=148}: new
2026-05-30T13:17:15.814032Z  INFO handle_request{method="textDocument/foldingRange" id=148}: close time.busy=13.5µs time.idle=21.5µs
2026-05-30T13:17:15.819403Z  INFO handle_notification{method="textDocument/didChange"}: new
2026-05-30T13:17:15.819422Z  INFO handle_notification{method="textDocument/didChange"}: close time.busy=11.2µs time.idle=8.19µs
2026-05-30T13:17:15.827070Z  INFO handle_notification{method="textDocument/didChange"}: new
2026-05-30T13:17:15.827095Z  INFO handle_notification{method="textDocument/didChange"}: close time.busy=15.1µs time.idle=10.6µs
2026-05-30T13:17:15.878997Z  INFO handle_request{method="textDocument/completion" id=149}: new
2026-05-30T13:17:15.879026Z  INFO handle_request{method="textDocument/completion" id=149}: close time.busy=15.9µs time.idle=13.8µs
2026-05-30T13:17:15.879051Z  INFO pb_proj::upd: new
2026-05-30T13:17:15.879154Z  INFO pb_proj::upd: close time.busy=94.4µs time.idle=8.95µs
2026-05-30T13:17:15.879208Z  INFO send_notification{method="telemetry/event"}: new
2026-05-30T13:17:15.879216Z  INFO send_notification{method="telemetry/event"}: close time.busy=1.87µs time.idle=6.21µs
2026-05-30T13:17:16.027934Z  INFO handle_request{method="textDocument/foldingRange" id=150}: new
2026-05-30T13:17:16.027964Z  INFO handle_request{method="textDocument/foldingRange" id=150}: close time.busy=15.8µs time.idle=15.0µs
2026-05-30T13:17:16.066199Z  INFO handle_notification{method="textDocument/didChange"}: new
2026-05-30T13:17:16.066230Z  INFO handle_notification{method="textDocument/didChange"}: close time.busy=18.1µs time.idle=14.4µs
2026-05-30T13:17:16.118121Z  INFO handle_request{method="textDocument/completion" id=151}: new
2026-05-30T13:17:16.118151Z  INFO handle_request{method="textDocument/completion" id=151}: close time.busy=16.6µs time.idle=14.3µs
2026-05-30T13:17:16.118165Z  INFO pb_proj::upd: new
2026-05-30T13:17:16.118259Z  INFO pb_proj::upd: close time.busy=85.9µs time.idle=9.41µs
2026-05-30T13:17:16.118312Z  INFO send_notification{method="telemetry/event"}: new
2026-05-30T13:17:16.118321Z  INFO send_notification{method="telemetry/event"}: close time.busy=2.17µs time.idle=7.34µs
2026-05-30T13:17:16.266951Z  INFO handle_request{method="textDocument/foldingRange" id=152}: new
2026-05-30T13:17:16.266977Z  INFO handle_request{method="textDocument/foldingRange" id=152}: close time.busy=13.2µs time.idle=14.3µs
2026-05-30T13:17:16.417090Z  INFO handle_request{method="textDocument/documentSymbol" id=153}: new
2026-05-30T13:17:16.417117Z  INFO handle_request{method="textDocument/documentSymbol" id=153}: close time.busy=13.4µs time.idle=13.6µs
2026-05-30T13:17:16.417127Z  INFO handle_request{method="textDocument/documentSymbol" id=154}: new
2026-05-30T13:17:16.417133Z  INFO handle_request{method="textDocument/documentSymbol" id=154}: close time.busy=2.32µs time.idle=3.78µs
2026-05-30T13:17:16.617479Z  INFO GC: vers to remove: [Version(51), Version(52), Version(53), Version(54), Version(55)]
2026-05-30T13:17:16.617633Z  INFO send_notification{method="textDocument/publishDiagnostics"}: new
2026-05-30T13:17:16.617647Z  INFO send_notification{method="textDocument/publishDiagnostics"}: close time.busy=4.98µs time.idle=9.18µs
2026-05-30T13:17:16.906295Z  INFO handle_notification{method="textDocument/didChange"}: new
2026-05-30T13:17:16.906330Z  INFO handle_notification{method="textDocument/didChange"}: close time.busy=19.4µs time.idle=15.9µs
2026-05-30T13:17:17.047137Z  INFO handle_notification{method="textDocument/didChange"}: new
2026-05-30T13:17:17.047169Z  INFO handle_notification{method="textDocument/didChange"}: close time.busy=18.6µs time.idle=14.3µs
2026-05-30T13:17:17.247479Z  INFO pb_proj::upd: new
2026-05-30T13:17:17.247635Z  INFO pb_proj::upd: close time.busy=129µs time.idle=27.6µs
2026-05-30T13:17:17.247656Z  INFO GC: vers to remove: [Version(56)]
2026-05-30T13:17:17.247797Z  INFO send_notification{method="textDocument/publishDiagnostics"}: new
2026-05-30T13:17:17.247805Z  INFO send_notification{method="textDocument/publishDiagnostics"}: close time.busy=2.98µs time.idle=5.16µs
2026-05-30T13:17:17.248196Z  INFO handle_request{method="textDocument/foldingRange" id=155}: new
2026-05-30T13:17:17.248216Z  INFO handle_request{method="textDocument/foldingRange" id=155}: close time.busy=11.4µs time.idle=8.49µs
2026-05-30T13:17:17.398275Z  INFO handle_request{method="textDocument/documentSymbol" id=156}: new
2026-05-30T13:17:17.398309Z  INFO handle_request{method="textDocument/documentSymbol" id=156}: close time.busy=18.0µs time.idle=17.4µs
2026-05-30T13:17:17.398321Z  INFO handle_request{method="textDocument/documentSymbol" id=157}: new
2026-05-30T13:17:17.398329Z  INFO handle_request{method="textDocument/documentSymbol" id=157}: close time.busy=3.44µs time.idle=4.26µs
2026-05-30T13:17:23.794055Z  INFO handle_notification{method="textDocument/didChange"}: new
2026-05-30T13:17:23.794087Z  INFO handle_notification{method="textDocument/didChange"}: close time.busy=19.3µs time.idle=14.0µs
2026-05-30T13:17:23.948117Z  INFO handle_notification{method="textDocument/didChange"}: new
2026-05-30T13:17:23.948147Z  INFO handle_notification{method="textDocument/didChange"}: close time.busy=16.8µs time.idle=13.2µs
2026-05-30T13:17:24.148021Z  INFO handle_notification{method="textDocument/didChange"}: new
2026-05-30T13:17:24.148052Z  INFO handle_notification{method="textDocument/didChange"}: close time.busy=18.5µs time.idle=13.0µs
2026-05-30T13:17:24.348148Z  INFO pb_proj::upd: new
2026-05-30T13:17:24.348314Z  INFO pb_proj::upd: close time.busy=139µs time.idle=27.0µs
2026-05-30T13:17:24.348334Z  INFO GC: vers to remove: [Version(57)]
2026-05-30T13:17:24.348441Z  INFO send_notification{method="textDocument/publishDiagnostics"}: new
2026-05-30T13:17:24.348447Z  INFO send_notification{method="textDocument/publishDiagnostics"}: close time.busy=2.71µs time.idle=4.02µs
2026-05-30T13:17:24.348857Z  INFO handle_request{method="textDocument/foldingRange" id=158}: new
2026-05-30T13:17:24.348882Z  INFO handle_request{method="textDocument/foldingRange" id=158}: close time.busy=18.3µs time.idle=7.66µs
2026-05-30T13:17:24.498903Z  INFO handle_request{method="textDocument/documentSymbol" id=159}: new
2026-05-30T13:17:24.498934Z  INFO handle_request{method="textDocument/documentSymbol" id=159}: close time.busy=18.1µs time.idle=13.2µs
2026-05-30T13:17:24.498943Z  INFO handle_request{method="textDocument/documentSymbol" id=160}: new
2026-05-30T13:17:24.498949Z  INFO handle_request{method="textDocument/documentSymbol" id=160}: close time.busy=2.94µs time.idle=2.99µs
2026-05-30T13:17:24.574190Z  INFO handle_notification{method="textDocument/didChange"}: new
2026-05-30T13:17:24.574221Z  INFO handle_notification{method="textDocument/didChange"}: close time.busy=17.4µs time.idle=14.1µs
2026-05-30T13:17:24.774339Z  INFO pb_proj::upd: new
2026-05-30T13:17:24.774526Z  INFO pb_proj::upd: close time.busy=163µs time.idle=24.8µs
2026-05-30T13:17:24.774539Z  INFO GC: vers to remove: [Version(58)]
2026-05-30T13:17:24.774641Z  INFO send_notification{method="textDocument/publishDiagnostics"}: new
2026-05-30T13:17:24.774647Z  INFO send_notification{method="textDocument/publishDiagnostics"}: close time.busy=2.51µs time.idle=3.82µs
2026-05-30T13:17:24.775053Z  INFO handle_request{method="textDocument/foldingRange" id=161}: new
2026-05-30T13:17:24.775073Z  INFO handle_request{method="textDocument/foldingRange" id=161}: close time.busy=11.0µs time.idle=9.09µs
2026-05-30T13:17:24.925232Z  INFO handle_request{method="textDocument/documentSymbol" id=162}: new
2026-05-30T13:17:24.925259Z  INFO handle_request{method="textDocument/documentSymbol" id=162}: close time.busy=13.7µs time.idle=14.4µs
2026-05-30T13:17:24.925269Z  INFO handle_request{method="textDocument/documentSymbol" id=163}: new
2026-05-30T13:17:24.925275Z  INFO handle_request{method="textDocument/documentSymbol" id=163}: close time.busy=2.98µs time.idle=3.02µs
2026-05-30T13:17:24.981598Z  INFO handle_notification{method="textDocument/didChange"}: new
2026-05-30T13:17:24.981622Z  INFO handle_notification{method="textDocument/didChange"}: close time.busy=14.3µs time.idle=10.6µs
2026-05-30T13:17:25.033626Z  INFO handle_request{method="textDocument/completion" id=164}: new
2026-05-30T13:17:25.033654Z  INFO handle_request{method="textDocument/completion" id=164}: close time.busy=16.1µs time.idle=12.6µs
2026-05-30T13:17:25.033676Z  INFO pb_proj::upd: new
2026-05-30T13:17:25.033827Z  INFO pb_proj::upd: close time.busy=143µs time.idle=8.97µs
2026-05-30T13:17:25.033888Z  INFO send_notification{method="telemetry/event"}: new
2026-05-30T13:17:25.033899Z  INFO send_notification{method="telemetry/event"}: close time.busy=2.53µs time.idle=7.94µs
2026-05-30T13:17:25.182218Z  INFO handle_request{method="textDocument/foldingRange" id=165}: new
2026-05-30T13:17:25.182246Z  INFO handle_request{method="textDocument/foldingRange" id=165}: close time.busy=13.8µs time.idle=15.0µs
2026-05-30T13:17:25.223082Z  INFO handle_notification{method="textDocument/didChange"}: new
2026-05-30T13:17:25.223124Z  INFO handle_notification{method="textDocument/didChange"}: close time.busy=18.6µs time.idle=24.1µs
2026-05-30T13:17:25.275043Z  INFO handle_request{method="textDocument/completion" id=166}: new
2026-05-30T13:17:25.275072Z  INFO handle_request{method="textDocument/completion" id=166}: close time.busy=16.4µs time.idle=12.8µs
2026-05-30T13:17:25.275099Z  INFO pb_proj::upd: new
2026-05-30T13:17:25.275223Z  INFO pb_proj::upd: close time.busy=115µs time.idle=9.03µs
2026-05-30T13:17:25.275288Z  INFO send_notification{method="telemetry/event"}: new
2026-05-30T13:17:25.275298Z  INFO send_notification{method="telemetry/event"}: close time.busy=4.92µs time.idle=5.50µs
2026-05-30T13:17:25.355470Z  INFO handle_notification{method="textDocument/didChange"}: new
2026-05-30T13:17:25.355503Z  INFO handle_notification{method="textDocument/didChange"}: close time.busy=19.8µs time.idle=14.7µs
2026-05-30T13:17:25.407514Z  INFO handle_request{method="textDocument/completion" id=167}: new
2026-05-30T13:17:25.407546Z  INFO handle_request{method="textDocument/completion" id=167}: close time.busy=17.8µs time.idle=14.2µs
2026-05-30T13:17:25.407560Z  INFO pb_proj::upd: new
2026-05-30T13:17:25.407692Z  INFO pb_proj::upd: close time.busy=122µs time.idle=9.52µs
2026-05-30T13:17:25.407745Z  INFO send_notification{method="telemetry/event"}: new
2026-05-30T13:17:25.407754Z  INFO send_notification{method="telemetry/event"}: close time.busy=2.23µs time.idle=7.64µs
2026-05-30T13:17:25.428326Z  INFO handle_notification{method="textDocument/didChange"}: new
2026-05-30T13:17:25.428346Z  INFO handle_notification{method="textDocument/didChange"}: close time.busy=12.8µs time.idle=7.61µs
2026-05-30T13:17:25.450580Z  INFO handle_notification{method="textDocument/didChange"}: new
2026-05-30T13:17:25.450608Z  INFO handle_notification{method="textDocument/didChange"}: close time.busy=16.0µs time.idle=13.7µs
2026-05-30T13:17:25.501956Z  INFO handle_request{method="textDocument/completion" id=168}: new
2026-05-30T13:17:25.501983Z  INFO handle_request{method="textDocument/completion" id=168}: close time.busy=14.7µs time.idle=12.6µs
2026-05-30T13:17:25.501999Z  INFO pb_proj::upd: new
2026-05-30T13:17:25.502180Z  INFO pb_proj::upd: close time.busy=173µs time.idle=8.27µs
2026-05-30T13:17:25.502234Z  INFO send_notification{method="telemetry/event"}: new
2026-05-30T13:17:25.502243Z  INFO send_notification{method="telemetry/event"}: close time.busy=1.94µs time.idle=7.19µs
2026-05-30T13:17:25.651516Z  INFO handle_request{method="textDocument/foldingRange" id=169}: new
2026-05-30T13:17:25.651543Z  INFO handle_request{method="textDocument/foldingRange" id=169}: close time.busy=13.3µs time.idle=14.1µs
2026-05-30T13:17:25.801604Z  INFO handle_request{method="textDocument/documentSymbol" id=170}: new
2026-05-30T13:17:25.801632Z  INFO handle_request{method="textDocument/documentSymbol" id=170}: close time.busy=13.2µs time.idle=14.9µs
2026-05-30T13:17:25.801640Z  INFO handle_request{method="textDocument/documentSymbol" id=171}: new
2026-05-30T13:17:25.801646Z  INFO handle_request{method="textDocument/documentSymbol" id=171}: close time.busy=2.18µs time.idle=3.39µs
2026-05-30T13:17:25.989617Z  INFO handle_notification{method="textDocument/didChange"}: new
2026-05-30T13:17:25.989652Z  INFO handle_notification{method="textDocument/didChange"}: close time.busy=18.4µs time.idle=17.4µs
2026-05-30T13:17:26.189747Z  INFO pb_proj::upd: new
2026-05-30T13:17:26.190242Z  INFO pb_proj::upd: close time.busy=479µs time.idle=16.8µs
2026-05-30T13:17:26.190263Z  INFO GC: vers to remove: [Version(59), Version(60), Version(61), Version(62), Version(63)]
2026-05-30T13:17:26.190377Z  INFO send_notification{method="textDocument/publishDiagnostics"}: new
2026-05-30T13:17:26.190384Z  INFO send_notification{method="textDocument/publishDiagnostics"}: close time.busy=2.72µs time.idle=4.72µs
2026-05-30T13:17:26.190630Z  INFO handle_request{method="textDocument/foldingRange" id=172}: new
2026-05-30T13:17:26.190649Z  INFO handle_request{method="textDocument/foldingRange" id=172}: close time.busy=10.4µs time.idle=9.26µs
2026-05-30T13:17:26.340583Z  INFO handle_request{method="textDocument/documentSymbol" id=173}: new
2026-05-30T13:17:26.340607Z  INFO handle_request{method="textDocument/documentSymbol" id=173}: close time.busy=12.4µs time.idle=12.6µs
2026-05-30T13:17:26.340617Z  INFO handle_request{method="textDocument/documentSymbol" id=174}: new
2026-05-30T13:17:26.340623Z  INFO handle_request{method="textDocument/documentSymbol" id=174}: close time.busy=3.58µs time.idle=2.64µs
2026-05-30T13:17:26.744660Z  INFO handle_notification{method="textDocument/didChange"}: new
2026-05-30T13:17:26.744692Z  INFO handle_notification{method="textDocument/didChange"}: close time.busy=20.3µs time.idle=12.7µs
2026-05-30T13:17:26.944804Z  INFO pb_proj::upd: new
2026-05-30T13:17:26.944988Z  INFO pb_proj::upd: close time.busy=157µs time.idle=28.8µs
2026-05-30T13:17:26.945008Z  INFO GC: vers to remove: [Version(64)]
2026-05-30T13:17:26.945099Z  INFO send_notification{method="textDocument/publishDiagnostics"}: new
2026-05-30T13:17:26.945106Z  INFO send_notification{method="textDocument/publishDiagnostics"}: close time.busy=3.21µs time.idle=4.20µs
2026-05-30T13:17:26.945485Z  INFO handle_request{method="textDocument/foldingRange" id=175}: new
2026-05-30T13:17:26.945512Z  INFO handle_request{method="textDocument/foldingRange" id=175}: close time.busy=19.2µs time.idle=8.62µs
2026-05-30T13:17:27.095416Z  INFO handle_request{method="textDocument/documentSymbol" id=176}: new
2026-05-30T13:17:27.095442Z  INFO handle_request{method="textDocument/documentSymbol" id=176}: close time.busy=12.6µs time.idle=14.3µs
2026-05-30T13:17:27.095452Z  INFO handle_request{method="textDocument/documentSymbol" id=177}: new
2026-05-30T13:17:27.095461Z  INFO handle_request{method="textDocument/documentSymbol" id=177}: close time.busy=5.53µs time.idle=3.98µs
2026-05-30T13:17:27.351159Z  INFO handle_notification{method="textDocument/didChange"}: new
2026-05-30T13:17:27.351200Z  INFO handle_notification{method="textDocument/didChange"}: close time.busy=22.3µs time.idle=19.5µs
2026-05-30T13:17:27.551316Z  INFO pb_proj::upd: new
2026-05-30T13:17:27.551540Z  INFO pb_proj::upd: close time.busy=200µs time.idle=24.4µs
2026-05-30T13:17:27.551561Z  INFO GC: vers to remove: [Version(65)]
2026-05-30T13:17:27.551660Z  INFO send_notification{method="textDocument/publishDiagnostics"}: new
2026-05-30T13:17:27.551667Z  INFO send_notification{method="textDocument/publishDiagnostics"}: close time.busy=2.67µs time.idle=4.93µs
2026-05-30T13:17:27.551948Z  INFO handle_request{method="textDocument/foldingRange" id=178}: new
2026-05-30T13:17:27.551970Z  INFO handle_request{method="textDocument/foldingRange" id=178}: close time.busy=15.7µs time.idle=7.33µs
2026-05-30T13:17:27.701797Z  INFO handle_request{method="textDocument/documentSymbol" id=179}: new
2026-05-30T13:17:27.701823Z  INFO handle_request{method="textDocument/documentSymbol" id=179}: close time.busy=12.9µs time.idle=13.9µs
2026-05-30T13:17:27.701833Z  INFO handle_request{method="textDocument/documentSymbol" id=180}: new
2026-05-30T13:17:27.701839Z  INFO handle_request{method="textDocument/documentSymbol" id=180}: close time.busy=2.79µs time.idle=2.75µs
2026-05-30T13:17:27.777628Z  INFO handle_notification{method="textDocument/didChange"}: new
2026-05-30T13:17:27.777653Z  INFO handle_notification{method="textDocument/didChange"}: close time.busy=15.9µs time.idle=9.52µs
2026-05-30T13:17:27.829183Z  INFO handle_request{method="textDocument/completion" id=181}: new
2026-05-30T13:17:27.829208Z  INFO handle_request{method="textDocument/completion" id=181}: close time.busy=15.1µs time.idle=10.2µs
2026-05-30T13:17:27.829232Z  INFO pb_proj::upd: new
2026-05-30T13:17:27.829371Z  INFO pb_proj::upd: close time.busy=130µs time.idle=9.14µs
2026-05-30T13:17:27.829423Z  INFO send_notification{method="telemetry/event"}: new
2026-05-30T13:17:27.829431Z  INFO send_notification{method="telemetry/event"}: close time.busy=2.62µs time.idle=5.33µs
2026-05-30T13:17:27.851515Z  INFO handle_notification{method="textDocument/didChange"}: new
2026-05-30T13:17:27.851541Z  INFO handle_notification{method="textDocument/didChange"}: close time.busy=16.2µs time.idle=11.2µs
2026-05-30T13:17:28.024629Z  INFO handle_notification{method="textDocument/didChange"}: new
2026-05-30T13:17:28.024657Z  INFO handle_notification{method="textDocument/didChange"}: close time.busy=17.1µs time.idle=11.6µs
2026-05-30T13:17:28.224750Z  INFO pb_proj::upd: new
2026-05-30T13:17:28.225291Z  INFO pb_proj::upd: close time.busy=525µs time.idle=16.6µs
2026-05-30T13:17:28.225310Z  INFO GC: vers to remove: [Version(66), Version(67)]
2026-05-30T13:17:28.225429Z  INFO send_notification{method="textDocument/publishDiagnostics"}: new
2026-05-30T13:17:28.225437Z  INFO send_notification{method="textDocument/publishDiagnostics"}: close time.busy=3.04µs time.idle=5.24µs
2026-05-30T13:17:28.226039Z  INFO handle_request{method="textDocument/foldingRange" id=182}: new
2026-05-30T13:17:28.226057Z  INFO handle_request{method="textDocument/foldingRange" id=182}: close time.busy=11.1µs time.idle=7.64µs
2026-05-30T13:17:28.375567Z  INFO handle_request{method="textDocument/documentSymbol" id=183}: new
2026-05-30T13:17:28.375590Z  INFO handle_request{method="textDocument/documentSymbol" id=183}: close time.busy=12.8µs time.idle=11.3µs
2026-05-30T13:17:28.376105Z  INFO handle_request{method="textDocument/documentSymbol" id=184}: new
2026-05-30T13:17:28.376117Z  INFO handle_request{method="textDocument/documentSymbol" id=184}: close time.busy=7.21µs time.idle=5.15µs
2026-05-30T13:17:28.411518Z  INFO handle_notification{method="textDocument/didChange"}: new
2026-05-30T13:17:28.411543Z  INFO handle_notification{method="textDocument/didChange"}: close time.busy=16.0µs time.idle=9.41µs
2026-05-30T13:17:28.497377Z  INFO handle_notification{method="textDocument/didChange"}: new
2026-05-30T13:17:28.497413Z  INFO handle_notification{method="textDocument/didChange"}: close time.busy=21.0µs time.idle=15.2µs
2026-05-30T13:17:28.617388Z  INFO handle_notification{method="textDocument/didChange"}: new
2026-05-30T13:17:28.617414Z  INFO handle_notification{method="textDocument/didChange"}: close time.busy=14.7µs time.idle=11.5µs
2026-05-30T13:17:28.668942Z  INFO handle_request{method="textDocument/completion" id=185}: new
2026-05-30T13:17:28.668968Z  INFO handle_request{method="textDocument/completion" id=185}: close time.busy=15.3µs time.idle=12.1µs
2026-05-30T13:17:28.668982Z  INFO pb_proj::upd: new
2026-05-30T13:17:28.669116Z  INFO pb_proj::upd: close time.busy=126µs time.idle=8.16µs
2026-05-30T13:17:28.669177Z  INFO send_notification{method="telemetry/event"}: new
2026-05-30T13:17:28.669195Z  INFO send_notification{method="telemetry/event"}: close time.busy=2.90µs time.idle=16.2µs
2026-05-30T13:17:28.818855Z  INFO handle_request{method="textDocument/foldingRange" id=186}: new
2026-05-30T13:17:28.818889Z  INFO handle_request{method="textDocument/foldingRange" id=186}: close time.busy=22.0µs time.idle=11.9µs
2026-05-30T13:17:28.913541Z  INFO handle_notification{method="textDocument/didChange"}: new
2026-05-30T13:17:28.913576Z  INFO handle_notification{method="textDocument/didChange"}: close time.busy=22.0µs time.idle=14.6µs
2026-05-30T13:17:28.964965Z  INFO handle_request{method="textDocument/completion" id=187}: new
2026-05-30T13:17:28.964992Z  INFO handle_request{method="textDocument/completion" id=187}: close time.busy=15.0µs time.idle=12.0µs
2026-05-30T13:17:28.965018Z  INFO pb_proj::upd: new
2026-05-30T13:17:28.965183Z  INFO pb_proj::upd: close time.busy=156µs time.idle=9.00µs
2026-05-30T13:17:28.965238Z  INFO send_notification{method="telemetry/event"}: new
2026-05-30T13:17:28.965248Z  INFO send_notification{method="telemetry/event"}: close time.busy=2.22µs time.idle=7.79µs
2026-05-30T13:17:29.114085Z  INFO handle_request{method="textDocument/foldingRange" id=188}: new
2026-05-30T13:17:29.114112Z  INFO handle_request{method="textDocument/foldingRange" id=188}: close time.busy=13.8µs time.idle=13.7µs
2026-05-30T13:17:29.264380Z  INFO handle_request{method="textDocument/documentSymbol" id=189}: new
2026-05-30T13:17:29.264406Z  INFO handle_request{method="textDocument/documentSymbol" id=189}: close time.busy=14.2µs time.idle=12.4µs
2026-05-30T13:17:29.264416Z  INFO handle_request{method="textDocument/documentSymbol" id=190}: new
2026-05-30T13:17:29.264422Z  INFO handle_request{method="textDocument/documentSymbol" id=190}: close time.busy=2.60µs time.idle=2.99µs
2026-05-30T13:17:29.464754Z  INFO GC: vers to remove: [Version(68), Version(69)]
2026-05-30T13:17:29.464905Z  INFO send_notification{method="textDocument/publishDiagnostics"}: new
2026-05-30T13:17:29.464915Z  INFO send_notification{method="textDocument/publishDiagnostics"}: close time.busy=3.28µs time.idle=7.41µs
2026-05-30T13:17:29.533458Z  INFO handle_notification{method="textDocument/didChange"}: new
2026-05-30T13:17:29.533492Z  INFO handle_notification{method="textDocument/didChange"}: close time.busy=21.2µs time.idle=13.4µs
2026-05-30T13:17:29.733596Z  INFO pb_proj::upd: new
2026-05-30T13:17:29.733936Z  INFO pb_proj::upd: close time.busy=324µs time.idle=17.1µs
2026-05-30T13:17:29.733954Z  INFO GC: vers to remove: [Version(70)]
2026-05-30T13:17:29.734070Z  INFO send_notification{method="textDocument/publishDiagnostics"}: new
2026-05-30T13:17:29.734074Z  INFO handle_request{method="textDocument/foldingRange" id=191}: new
2026-05-30T13:17:29.734076Z  INFO send_notification{method="textDocument/publishDiagnostics"}: close time.busy=1.06µs time.idle=5.31µs
2026-05-30T13:17:29.734094Z  INFO handle_request{method="textDocument/foldingRange" id=191}: close time.busy=11.4µs time.idle=8.57µs
2026-05-30T13:17:29.884561Z  INFO handle_request{method="textDocument/documentSymbol" id=192}: new
2026-05-30T13:17:29.884590Z  INFO handle_request{method="textDocument/documentSymbol" id=192}: close time.busy=15.5µs time.idle=14.3µs
2026-05-30T13:17:29.890488Z  INFO handle_request{method="textDocument/documentSymbol" id=193}: new
2026-05-30T13:17:29.890501Z  INFO handle_request{method="textDocument/documentSymbol" id=193}: close time.busy=6.27µs time.idle=6.78µs
2026-05-30T13:17:30.126072Z  INFO handle_notification{method="textDocument/didChange"}: new
2026-05-30T13:17:30.126104Z  INFO handle_notification{method="textDocument/didChange"}: close time.busy=20.2µs time.idle=13.0µs
2026-05-30T13:17:30.326207Z  INFO pb_proj::upd: new
2026-05-30T13:17:30.326551Z  INFO pb_proj::upd: close time.busy=328µs time.idle=16.8µs
2026-05-30T13:17:30.326570Z  INFO GC: vers to remove: [Version(71)]
2026-05-30T13:17:30.326656Z  INFO send_notification{method="textDocument/publishDiagnostics"}: new
2026-05-30T13:17:30.326663Z  INFO send_notification{method="textDocument/publishDiagnostics"}: close time.busy=2.47µs time.idle=3.74µs
2026-05-30T13:17:30.327000Z  INFO handle_request{method="textDocument/foldingRange" id=194}: new
2026-05-30T13:17:30.327016Z  INFO handle_request{method="textDocument/foldingRange" id=194}: close time.busy=9.58µs time.idle=7.23µs
2026-05-30T13:17:30.476862Z  INFO handle_request{method="textDocument/documentSymbol" id=195}: new
2026-05-30T13:17:30.476894Z  INFO handle_request{method="textDocument/documentSymbol" id=195}: close time.busy=13.5µs time.idle=19.8µs
2026-05-30T13:17:30.476903Z  INFO handle_request{method="textDocument/documentSymbol" id=196}: new
2026-05-30T13:17:30.476908Z  INFO handle_request{method="textDocument/documentSymbol" id=196}: close time.busy=2.49µs time.idle=2.62µs
2026-05-30T13:17:31.614779Z  INFO handle_notification{method="textDocument/didChange"}: new
2026-05-30T13:17:31.614819Z  INFO handle_notification{method="textDocument/didChange"}: close time.busy=24.3µs time.idle=17.0µs
2026-05-30T13:17:31.815016Z  INFO pb_proj::upd: new
2026-05-30T13:17:31.815300Z  INFO pb_proj::upd: close time.busy=269µs time.idle=15.3µs
2026-05-30T13:17:31.815318Z  INFO GC: vers to remove: [Version(72)]
2026-05-30T13:17:31.815374Z  INFO handle_request{method="textDocument/foldingRange" id=197}: new
2026-05-30T13:17:31.815395Z  INFO handle_request{method="textDocument/foldingRange" id=197}: close time.busy=13.2µs time.idle=8.01µs
2026-05-30T13:17:31.815418Z  INFO send_notification{method="textDocument/publishDiagnostics"}: new
2026-05-30T13:17:31.815428Z  INFO send_notification{method="textDocument/publishDiagnostics"}: close time.busy=2.86µs time.idle=6.84µs
2026-05-30T13:17:31.965313Z  INFO handle_request{method="textDocument/documentSymbol" id=198}: new
2026-05-30T13:17:31.965337Z  INFO handle_request{method="textDocument/documentSymbol" id=198}: close time.busy=11.8µs time.idle=12.4µs
2026-05-30T13:17:31.965345Z  INFO handle_request{method="textDocument/documentSymbol" id=199}: new
2026-05-30T13:17:31.965350Z  INFO handle_request{method="textDocument/documentSymbol" id=199}: close time.busy=2.50µs time.idle=2.70µs
2026-05-30T13:17:32.857222Z  INFO handle_notification{method="textDocument/didChange"}: new
2026-05-30T13:17:32.857251Z  INFO handle_notification{method="textDocument/didChange"}: close time.busy=18.8µs time.idle=11.1µs
2026-05-30T13:17:33.057367Z  INFO pb_proj::upd: new
2026-05-30T13:17:33.057576Z  INFO pb_proj::upd: close time.busy=184µs time.idle=26.6µs
2026-05-30T13:17:33.057597Z  INFO GC: vers to remove: [Version(73)]
2026-05-30T13:17:33.057682Z  INFO send_notification{method="textDocument/publishDiagnostics"}: new
2026-05-30T13:17:33.057689Z  INFO send_notification{method="textDocument/publishDiagnostics"}: close time.busy=3.44µs time.idle=4.14µs
2026-05-30T13:17:33.058122Z  INFO handle_request{method="textDocument/foldingRange" id=200}: new
2026-05-30T13:17:33.058138Z  INFO handle_request{method="textDocument/foldingRange" id=200}: close time.busy=9.87µs time.idle=6.38µs
2026-05-30T13:17:33.208151Z  INFO handle_request{method="textDocument/documentSymbol" id=201}: new
2026-05-30T13:17:33.208184Z  INFO handle_request{method="textDocument/documentSymbol" id=201}: close time.busy=17.1µs time.idle=17.1µs
2026-05-30T13:17:33.208198Z  INFO handle_request{method="textDocument/documentSymbol" id=202}: new
2026-05-30T13:17:33.208207Z  INFO handle_request{method="textDocument/documentSymbol" id=202}: close time.busy=4.73µs time.idle=4.47µs
2026-05-30T13:17:36.320495Z  INFO handle_notification{method="textDocument/didChange"}: new
2026-05-30T13:17:36.320531Z  INFO handle_notification{method="textDocument/didChange"}: close time.busy=21.0µs time.idle=16.2µs
2026-05-30T13:17:36.371959Z  INFO handle_request{method="textDocument/completion" id=203}: new
2026-05-30T13:17:36.371988Z  INFO handle_request{method="textDocument/completion" id=203}: close time.busy=15.9µs time.idle=13.2µs
2026-05-30T13:17:36.372004Z  INFO pb_proj::upd: new
2026-05-30T13:17:36.372098Z  INFO pb_proj::upd: close time.busy=84.4µs time.idle=10.5µs
2026-05-30T13:17:36.372160Z  INFO send_notification{method="telemetry/event"}: new
2026-05-30T13:17:36.372172Z  INFO send_notification{method="telemetry/event"}: close time.busy=2.67µs time.idle=9.67µs
2026-05-30T13:17:36.521348Z  INFO handle_request{method="textDocument/foldingRange" id=204}: new
2026-05-30T13:17:36.521381Z  INFO handle_request{method="textDocument/foldingRange" id=204}: close time.busy=14.7µs time.idle=18.7µs
2026-05-30T13:17:36.579696Z  INFO handle_notification{method="textDocument/didChange"}: new
2026-05-30T13:17:36.579733Z  INFO handle_notification{method="textDocument/didChange"}: close time.busy=23.3µs time.idle=14.9µs
2026-05-30T13:17:36.631637Z  INFO handle_request{method="textDocument/completion" id=205}: new
2026-05-30T13:17:36.631667Z  INFO handle_request{method="textDocument/completion" id=205}: close time.busy=19.1µs time.idle=11.2µs
2026-05-30T13:17:36.631678Z  INFO pb_proj::upd: new
2026-05-30T13:17:36.631844Z  INFO pb_proj::upd: close time.busy=158µs time.idle=7.76µs
2026-05-30T13:17:36.631917Z  INFO send_notification{method="telemetry/event"}: new
2026-05-30T13:17:36.631930Z  INFO send_notification{method="telemetry/event"}: close time.busy=3.96µs time.idle=9.22µs
2026-05-30T13:17:36.780649Z  INFO handle_request{method="textDocument/foldingRange" id=206}: new
2026-05-30T13:17:36.780676Z  INFO handle_request{method="textDocument/foldingRange" id=206}: close time.busy=13.6µs time.idle=14.3µs
2026-05-30T13:17:36.927310Z  INFO handle_notification{method="textDocument/didChange"}: new
2026-05-30T13:17:36.927341Z  INFO handle_notification{method="textDocument/didChange"}: close time.busy=17.4µs time.idle=14.5µs
2026-05-30T13:17:36.932799Z  INFO handle_request{method="textDocument/documentSymbol" id=207}: new
2026-05-30T13:17:36.932815Z  INFO handle_request{method="textDocument/documentSymbol" id=207}: close time.busy=8.14µs time.idle=7.79µs
2026-05-30T13:17:36.932824Z  INFO pb_proj::upd: new
2026-05-30T13:17:36.932978Z  INFO pb_proj::upd: close time.busy=147µs time.idle=7.54µs
2026-05-30T13:17:37.054555Z  INFO handle_notification{method="textDocument/didChange"}: new
2026-05-30T13:17:37.054587Z  INFO handle_notification{method="textDocument/didChange"}: close time.busy=19.8µs time.idle=13.7µs
2026-05-30T13:17:37.106783Z  INFO handle_request{method="textDocument/completion" id=208}: new
2026-05-30T13:17:37.106814Z  INFO handle_request{method="textDocument/completion" id=208}: close time.busy=17.2µs time.idle=14.7µs
2026-05-30T13:17:37.106827Z  INFO pb_proj::upd: new
2026-05-30T13:17:37.106957Z  INFO pb_proj::upd: close time.busy=122µs time.idle=9.21µs
2026-05-30T13:17:37.107023Z  INFO send_notification{method="telemetry/event"}: new
2026-05-30T13:17:37.107036Z  INFO send_notification{method="telemetry/event"}: close time.busy=2.88µs time.idle=10.1µs
2026-05-30T13:17:37.227732Z  INFO handle_notification{method="textDocument/didChange"}: new
2026-05-30T13:17:37.227764Z  INFO handle_notification{method="textDocument/didChange"}: close time.busy=19.5µs time.idle=13.4µs
2026-05-30T13:17:37.279878Z  INFO handle_request{method="textDocument/completion" id=209}: new
2026-05-30T13:17:37.279906Z  INFO handle_request{method="textDocument/completion" id=209}: close time.busy=16.3µs time.idle=12.4µs
2026-05-30T13:17:37.279918Z  INFO pb_proj::upd: new
2026-05-30T13:17:37.280049Z  INFO pb_proj::upd: close time.busy=123µs time.idle=8.79µs
2026-05-30T13:17:37.280103Z  INFO send_notification{method="telemetry/event"}: new
2026-05-30T13:17:37.280115Z  INFO send_notification{method="telemetry/event"}: close time.busy=2.06µs time.idle=10.7µs
2026-05-30T13:17:37.428540Z  INFO handle_request{method="textDocument/foldingRange" id=210}: new
2026-05-30T13:17:37.428574Z  INFO handle_request{method="textDocument/foldingRange" id=210}: close time.busy=14.0µs time.idle=20.7µs
2026-05-30T13:17:37.579067Z  INFO handle_request{method="textDocument/documentSymbol" id=211}: new
2026-05-30T13:17:37.579094Z  INFO handle_request{method="textDocument/documentSymbol" id=211}: close time.busy=12.7µs time.idle=14.9µs
2026-05-30T13:17:37.579103Z  INFO handle_request{method="textDocument/documentSymbol" id=212}: new
2026-05-30T13:17:37.579109Z  INFO handle_request{method="textDocument/documentSymbol" id=212}: close time.busy=2.88µs time.idle=3.42µs
2026-05-30T13:17:37.779525Z  INFO GC: vers to remove: [Version(74), Version(75), Version(76), Version(77), Version(78)]
2026-05-30T13:17:37.779641Z  INFO send_notification{method="textDocument/publishDiagnostics"}: new
2026-05-30T13:17:37.779651Z  INFO send_notification{method="textDocument/publishDiagnostics"}: close time.busy=3.24µs time.idle=7.85µs
2026-05-30T13:17:38.028535Z  INFO handle_notification{method="textDocument/didChange"}: new
2026-05-30T13:17:38.028577Z  INFO handle_notification{method="textDocument/didChange"}: close time.busy=28.3µs time.idle=14.6µs
2026-05-30T13:17:38.079646Z  INFO handle_request{method="textDocument/completion" id=213}: new
2026-05-30T13:17:38.079676Z  INFO handle_request{method="textDocument/completion" id=213}: close time.busy=15.7µs time.idle=15.0µs
2026-05-30T13:17:38.079688Z  INFO pb_proj::upd: new
2026-05-30T13:17:38.079789Z  INFO pb_proj::upd: close time.busy=92.3µs time.idle=8.91µs
2026-05-30T13:17:38.079851Z  INFO send_notification{method="telemetry/event"}: new
2026-05-30T13:17:38.079860Z  INFO send_notification{method="telemetry/event"}: close time.busy=3.02µs time.idle=7.01µs
2026-05-30T13:17:38.175642Z  INFO handle_notification{method="textDocument/didChange"}: new
2026-05-30T13:17:38.175682Z  INFO handle_notification{method="textDocument/didChange"}: close time.busy=24.9µs time.idle=16.2µs
2026-05-30T13:17:38.227470Z  INFO handle_request{method="textDocument/completion" id=214}: new
2026-05-30T13:17:38.227509Z  INFO handle_request{method="textDocument/completion" id=214}: close time.busy=17.9µs time.idle=21.2µs
2026-05-30T13:17:38.227525Z  INFO pb_proj::upd: new
2026-05-30T13:17:38.227638Z  INFO pb_proj::upd: close time.busy=102µs time.idle=11.5µs
2026-05-30T13:17:38.227703Z  INFO send_notification{method="telemetry/event"}: new
2026-05-30T13:17:38.227710Z  INFO send_notification{method="telemetry/event"}: close time.busy=2.38µs time.idle=5.16µs
2026-05-30T13:17:38.376414Z  INFO handle_request{method="textDocument/foldingRange" id=215}: new
2026-05-30T13:17:38.376441Z  INFO handle_request{method="textDocument/foldingRange" id=215}: close time.busy=14.3µs time.idle=14.2µs
2026-05-30T13:17:38.381611Z  INFO handle_notification{method="textDocument/didChange"}: new
2026-05-30T13:17:38.381633Z  INFO handle_notification{method="textDocument/didChange"}: close time.busy=13.4µs time.idle=8.51µs
2026-05-30T13:17:38.433034Z  INFO handle_request{method="textDocument/completion" id=216}: new
2026-05-30T13:17:38.433059Z  INFO handle_request{method="textDocument/completion" id=216}: close time.busy=14.4µs time.idle=11.4µs
2026-05-30T13:17:38.433079Z  INFO pb_proj::upd: new
2026-05-30T13:17:38.433209Z  INFO pb_proj::upd: close time.busy=120µs time.idle=10.9µs
2026-05-30T13:17:38.433264Z  INFO send_notification{method="telemetry/event"}: new
2026-05-30T13:17:38.433274Z  INFO send_notification{method="telemetry/event"}: close time.busy=2.22µs time.idle=8.34µs
2026-05-30T13:17:38.582646Z  INFO handle_request{method="textDocument/foldingRange" id=217}: new
2026-05-30T13:17:38.582685Z  INFO handle_request{method="textDocument/foldingRange" id=217}: close time.busy=13.9µs time.idle=26.3µs
2026-05-30T13:17:38.732882Z  INFO handle_request{method="textDocument/documentSymbol" id=218}: new
2026-05-30T13:17:38.732929Z  INFO handle_request{method="textDocument/documentSymbol" id=218}: close time.busy=16.6µs time.idle=31.3µs
2026-05-30T13:17:38.732942Z  INFO handle_request{method="textDocument/documentSymbol" id=219}: new
2026-05-30T13:17:38.732947Z  INFO handle_request{method="textDocument/documentSymbol" id=219}: close time.busy=2.43µs time.idle=3.27µs
2026-05-30T13:17:38.933045Z  INFO GC: vers to remove: [Version(79), Version(80), Version(81)]
2026-05-30T13:17:38.933159Z  INFO send_notification{method="textDocument/publishDiagnostics"}: new
2026-05-30T13:17:38.933169Z  INFO send_notification{method="textDocument/publishDiagnostics"}: close time.busy=3.41µs time.idle=7.38µs
2026-05-30T13:17:40.185291Z  INFO handle_request{method="textDocument/hover" id=220}: new
2026-05-30T13:17:40.185322Z  INFO handle_request{method="textDocument/hover" id=220}: close time.busy=19.5µs time.idle=11.6µs
2026-05-30T13:17:42.206845Z  INFO handle_request{method="textDocument/hover" id=221}: new
2026-05-30T13:17:42.206888Z  INFO handle_request{method="textDocument/hover" id=221}: close time.busy=27.3µs time.idle=15.8µs
2026-05-30T13:17:42.232288Z  INFO handle_request{method="textDocument/definition" id=222}: new
2026-05-30T13:17:42.232317Z  INFO handle_request{method="textDocument/definition" id=222}: close time.busy=16.8µs time.idle=13.1µs
2026-05-30T13:17:42.232359Z  INFO send_notification{method="telemetry/event"}: new
2026-05-30T13:17:42.232371Z  INFO send_notification{method="telemetry/event"}: close time.busy=2.53µs time.idle=9.44µs
2026-05-30T13:17:44.148739Z  INFO handle_notification{method="textDocument/didChange"}: new
2026-05-30T13:17:44.148771Z  INFO handle_notification{method="textDocument/didChange"}: close time.busy=18.4µs time.idle=14.9µs
2026-05-30T13:17:44.301137Z  INFO handle_notification{method="textDocument/didChange"}: new
2026-05-30T13:17:44.301168Z  INFO handle_notification{method="textDocument/didChange"}: close time.busy=17.9µs time.idle=13.5µs
2026-05-30T13:17:44.434423Z  INFO handle_notification{method="textDocument/didChange"}: new
2026-05-30T13:17:44.434461Z  INFO handle_notification{method="textDocument/didChange"}: close time.busy=22.8µs time.idle=16.2µs
2026-05-30T13:17:44.534509Z  INFO handle_notification{method="textDocument/didChange"}: new
2026-05-30T13:17:44.534541Z  INFO handle_notification{method="textDocument/didChange"}: close time.busy=17.8µs time.idle=15.3µs
2026-05-30T13:17:44.681501Z  INFO handle_notification{method="textDocument/didChange"}: new
2026-05-30T13:17:44.681539Z  INFO handle_notification{method="textDocument/didChange"}: close time.busy=20.3µs time.idle=18.6µs
2026-05-30T13:17:44.881659Z  INFO pb_proj::upd: new
2026-05-30T13:17:44.881826Z  INFO pb_proj::upd: close time.busy=141µs time.idle=26.8µs
2026-05-30T13:17:44.881846Z  INFO GC: vers to remove: [Version(82)]
2026-05-30T13:17:44.881970Z  INFO send_notification{method="textDocument/publishDiagnostics"}: new
2026-05-30T13:17:44.881982Z  INFO send_notification{method="textDocument/publishDiagnostics"}: close time.busy=2.67µs time.idle=9.40µs
2026-05-30T13:17:44.882009Z  INFO handle_request{method="textDocument/foldingRange" id=223}: new
2026-05-30T13:17:44.882029Z  INFO handle_request{method="textDocument/foldingRange" id=223}: close time.busy=10.6µs time.idle=9.28µs
2026-05-30T13:17:45.032192Z  INFO handle_request{method="textDocument/documentSymbol" id=224}: new
2026-05-30T13:17:45.032218Z  INFO handle_request{method="textDocument/documentSymbol" id=224}: close time.busy=13.0µs time.idle=13.5µs
2026-05-30T13:17:45.032228Z  INFO handle_request{method="textDocument/documentSymbol" id=225}: new
2026-05-30T13:17:45.032233Z  INFO handle_request{method="textDocument/documentSymbol" id=225}: close time.busy=2.83µs time.idle=2.60µs
2026-05-30T13:17:45.047741Z  INFO handle_notification{method="textDocument/didChange"}: new
2026-05-30T13:17:45.047775Z  INFO handle_notification{method="textDocument/didChange"}: close time.busy=21.3µs time.idle=13.5µs
2026-05-30T13:17:45.247888Z  INFO pb_proj::upd: new
2026-05-30T13:17:45.248034Z  INFO pb_proj::upd: close time.busy=127µs time.idle=20.2µs
2026-05-30T13:17:45.248055Z  INFO GC: vers to remove: [Version(83)]
2026-05-30T13:17:45.248140Z  INFO send_notification{method="textDocument/publishDiagnostics"}: new
2026-05-30T13:17:45.248146Z  INFO send_notification{method="textDocument/publishDiagnostics"}: close time.busy=2.64µs time.idle=3.67µs
2026-05-30T13:17:45.248507Z  INFO handle_request{method="textDocument/foldingRange" id=226}: new
2026-05-30T13:17:45.248527Z  INFO handle_request{method="textDocument/foldingRange" id=226}: close time.busy=12.4µs time.idle=7.22µs
2026-05-30T13:17:45.398772Z  INFO handle_request{method="textDocument/documentSymbol" id=227}: new
2026-05-30T13:17:45.398801Z  INFO handle_request{method="textDocument/documentSymbol" id=227}: close time.busy=14.9µs time.idle=15.0µs
2026-05-30T13:17:45.398817Z  INFO handle_request{method="textDocument/documentSymbol" id=228}: new
2026-05-30T13:17:45.398825Z  INFO handle_request{method="textDocument/documentSymbol" id=228}: close time.busy=4.74µs time.idle=4.24µs
2026-05-30T13:17:45.619584Z  INFO handle_notification{method="textDocument/didChange"}: new
2026-05-30T13:17:45.619625Z  INFO handle_notification{method="textDocument/didChange"}: close time.busy=25.5µs time.idle=16.4µs
2026-05-30T13:17:45.819732Z  INFO pb_proj::upd: new
2026-05-30T13:17:45.819853Z  INFO pb_proj::upd: close time.busy=99.5µs time.idle=21.5µs
2026-05-30T13:17:45.819882Z  INFO GC: vers to remove: [Version(84)]
2026-05-30T13:17:45.819984Z  INFO send_notification{method="textDocument/publishDiagnostics"}: new
2026-05-30T13:17:45.819992Z  INFO send_notification{method="textDocument/publishDiagnostics"}: close time.busy=3.13µs time.idle=5.00µs
2026-05-30T13:17:45.820457Z  INFO handle_request{method="textDocument/foldingRange" id=229}: new
2026-05-30T13:17:45.820479Z  INFO handle_request{method="textDocument/foldingRange" id=229}: close time.busy=12.0µs time.idle=10.4µs
2026-05-30T13:17:45.970663Z  INFO handle_request{method="textDocument/documentSymbol" id=230}: new
2026-05-30T13:17:45.970692Z  INFO handle_request{method="textDocument/documentSymbol" id=230}: close time.busy=14.2µs time.idle=15.0µs
2026-05-30T13:17:45.970701Z  INFO handle_request{method="textDocument/documentSymbol" id=231}: new
2026-05-30T13:17:45.970707Z  INFO handle_request{method="textDocument/documentSymbol" id=231}: close time.busy=2.75µs time.idle=3.13µs
2026-05-30T13:17:46.756749Z  INFO handle_notification{method="textDocument/didChange"}: new
2026-05-30T13:17:46.756783Z  INFO handle_notification{method="textDocument/didChange"}: close time.busy=19.3µs time.idle=15.4µs
2026-05-30T13:17:46.808406Z  INFO handle_request{method="textDocument/completion" id=232}: new
2026-05-30T13:17:46.808431Z  INFO handle_request{method="textDocument/completion" id=232}: close time.busy=14.7µs time.idle=11.0µs
2026-05-30T13:17:46.808535Z  INFO pb_proj::upd: new
2026-05-30T13:17:46.808725Z  INFO pb_proj::upd: close time.busy=181µs time.idle=9.69µs
2026-05-30T13:17:46.808790Z  INFO send_notification{method="telemetry/event"}: new
2026-05-30T13:17:46.808804Z  INFO send_notification{method="telemetry/event"}: close time.busy=2.47µs time.idle=11.7µs
2026-05-30T13:17:46.957499Z  INFO handle_request{method="textDocument/foldingRange" id=233}: new
2026-05-30T13:17:46.957534Z  INFO handle_request{method="textDocument/foldingRange" id=233}: close time.busy=16.8µs time.idle=19.0µs
2026-05-30T13:17:47.107742Z  INFO handle_request{method="textDocument/documentSymbol" id=234}: new
2026-05-30T13:17:47.107781Z  INFO handle_request{method="textDocument/documentSymbol" id=234}: close time.busy=21.6µs time.idle=18.5µs
2026-05-30T13:17:47.107795Z  INFO handle_request{method="textDocument/documentSymbol" id=235}: new
2026-05-30T13:17:47.107803Z  INFO handle_request{method="textDocument/documentSymbol" id=235}: close time.busy=3.88µs time.idle=4.71µs
2026-05-30T13:17:47.308121Z  INFO GC: vers to remove: [Version(85)]
2026-05-30T13:17:47.308236Z  INFO send_notification{method="textDocument/publishDiagnostics"}: new
2026-05-30T13:17:47.308246Z  INFO send_notification{method="textDocument/publishDiagnostics"}: close time.busy=3.72µs time.idle=6.35µs
2026-05-30T13:17:47.323690Z  INFO handle_notification{method="textDocument/didChange"}: new
2026-05-30T13:17:47.323715Z  INFO handle_notification{method="textDocument/didChange"}: close time.busy=16.2µs time.idle=9.38µs
2026-05-30T13:17:47.375823Z  INFO handle_request{method="textDocument/completion" id=236}: new
2026-05-30T13:17:47.375855Z  INFO handle_request{method="textDocument/completion" id=236}: close time.busy=19.8µs time.idle=13.1µs
2026-05-30T13:17:47.375874Z  INFO pb_proj::upd: new
2026-05-30T13:17:47.375988Z  INFO pb_proj::upd: close time.busy=105µs time.idle=9.44µs
2026-05-30T13:17:47.376037Z  INFO send_notification{method="telemetry/event"}: new
2026-05-30T13:17:47.376045Z  INFO send_notification{method="telemetry/event"}: close time.busy=1.80µs time.idle=7.07µs
2026-05-30T13:17:47.524648Z  INFO handle_request{method="textDocument/foldingRange" id=237}: new
2026-05-30T13:17:47.524690Z  INFO handle_request{method="textDocument/foldingRange" id=237}: close time.busy=16.4µs time.idle=26.5µs
2026-05-30T13:17:47.591470Z  INFO handle_notification{method="textDocument/didChange"}: new
2026-05-30T13:17:47.591502Z  INFO handle_notification{method="textDocument/didChange"}: close time.busy=21.3µs time.idle=11.8µs
2026-05-30T13:17:47.642684Z  INFO handle_request{method="textDocument/completion" id=238}: new
2026-05-30T13:17:47.642710Z  INFO handle_request{method="textDocument/completion" id=238}: close time.busy=15.8µs time.idle=11.2µs
2026-05-30T13:17:47.642812Z  INFO pb_proj::upd: new
2026-05-30T13:17:47.642971Z  INFO pb_proj::upd: close time.busy=150µs time.idle=9.55µs
2026-05-30T13:17:47.643023Z  INFO send_notification{method="telemetry/event"}: new
2026-05-30T13:17:47.643032Z  INFO send_notification{method="telemetry/event"}: close time.busy=1.88µs time.idle=7.33µs
2026-05-30T13:17:47.792114Z  INFO handle_request{method="textDocument/foldingRange" id=239}: new
2026-05-30T13:17:47.792147Z  INFO handle_request{method="textDocument/foldingRange" id=239}: close time.busy=17.9µs time.idle=16.3µs
2026-05-30T13:17:47.942017Z  INFO handle_request{method="textDocument/documentSymbol" id=240}: new
2026-05-30T13:17:47.942046Z  INFO handle_request{method="textDocument/documentSymbol" id=240}: close time.busy=15.9µs time.idle=13.9µs
2026-05-30T13:17:47.942057Z  INFO handle_request{method="textDocument/documentSymbol" id=241}: new
2026-05-30T13:17:47.942063Z  INFO handle_request{method="textDocument/documentSymbol" id=241}: close time.busy=3.00µs time.idle=3.57µs
2026-05-30T13:17:48.142133Z  INFO GC: vers to remove: [Version(86), Version(87)]
2026-05-30T13:17:48.142233Z  INFO send_notification{method="textDocument/publishDiagnostics"}: new
2026-05-30T13:17:48.142241Z  INFO send_notification{method="textDocument/publishDiagnostics"}: close time.busy=2.29µs time.idle=6.13µs
2026-05-30T13:17:48.472356Z  INFO handle_notification{method="textDocument/didChange"}: new
2026-05-30T13:17:48.472386Z  INFO handle_notification{method="textDocument/didChange"}: close time.busy=19.0µs time.idle=11.4µs
2026-05-30T13:17:48.523897Z  INFO handle_request{method="textDocument/completion" id=242}: new
2026-05-30T13:17:48.523922Z  INFO handle_request{method="textDocument/completion" id=242}: close time.busy=13.6µs time.idle=11.8µs
2026-05-30T13:17:48.523938Z  INFO pb_proj::upd: new
2026-05-30T13:17:48.524062Z  INFO pb_proj::upd: close time.busy=113µs time.idle=11.4µs
2026-05-30T13:17:48.524119Z  INFO send_notification{method="telemetry/event"}: new
2026-05-30T13:17:48.524129Z  INFO send_notification{method="telemetry/event"}: close time.busy=2.40µs time.idle=7.65µs
2026-05-30T13:17:48.673059Z  INFO handle_request{method="textDocument/foldingRange" id=243}: new
2026-05-30T13:17:48.673092Z  INFO handle_request{method="textDocument/foldingRange" id=243}: close time.busy=13.1µs time.idle=20.5µs
2026-05-30T13:17:48.677891Z  INFO handle_notification{method="textDocument/didChange"}: new
2026-05-30T13:17:48.677912Z  INFO handle_notification{method="textDocument/didChange"}: close time.busy=13.9µs time.idle=7.38µs
2026-05-30T13:17:48.729559Z  INFO handle_request{method="textDocument/completion" id=244}: new
2026-05-30T13:17:48.729583Z  INFO handle_request{method="textDocument/completion" id=244}: close time.busy=14.4µs time.idle=10.6µs
2026-05-30T13:17:48.729671Z  INFO pb_proj::upd: new
2026-05-30T13:17:48.729850Z  INFO pb_proj::upd: close time.busy=170µs time.idle=8.97µs
2026-05-30T13:17:48.729906Z  INFO send_notification{method="telemetry/event"}: new
2026-05-30T13:17:48.729916Z  INFO send_notification{method="telemetry/event"}: close time.busy=2.20µs time.idle=7.67µs
2026-05-30T13:17:48.858502Z  INFO handle_notification{method="textDocument/didChange"}: new
2026-05-30T13:17:48.858534Z  INFO handle_notification{method="textDocument/didChange"}: close time.busy=19.2µs time.idle=12.9µs
2026-05-30T13:17:48.910251Z  INFO handle_request{method="textDocument/completion" id=245}: new
2026-05-30T13:17:48.910276Z  INFO handle_request{method="textDocument/completion" id=245}: close time.busy=15.0µs time.idle=10.5µs
2026-05-30T13:17:48.910292Z  INFO pb_proj::upd: new
2026-05-30T13:17:48.910464Z  INFO pb_proj::upd: close time.busy=163µs time.idle=8.94µs
2026-05-30T13:17:48.910531Z  INFO send_notification{method="telemetry/event"}: new
2026-05-30T13:17:48.910542Z  INFO send_notification{method="telemetry/event"}: close time.busy=3.77µs time.idle=8.05µs
2026-05-30T13:17:48.944856Z  INFO handle_notification{method="textDocument/didChange"}: new
2026-05-30T13:17:48.944879Z  INFO handle_notification{method="textDocument/didChange"}: close time.busy=16.4µs time.idle=6.58µs
2026-05-30T13:17:48.995963Z  INFO handle_request{method="textDocument/completion" id=246}: new
2026-05-30T13:17:48.995994Z  INFO handle_request{method="textDocument/completion" id=246}: close time.busy=15.8µs time.idle=15.6µs
2026-05-30T13:17:48.996107Z  INFO pb_proj::upd: new
2026-05-30T13:17:48.996218Z  INFO pb_proj::upd: close time.busy=103µs time.idle=8.04µs
2026-05-30T13:17:48.996270Z  INFO send_notification{method="telemetry/event"}: new
2026-05-30T13:17:48.996276Z  INFO send_notification{method="telemetry/event"}: close time.busy=1.65µs time.idle=4.72µs
2026-05-30T13:17:49.145640Z  INFO handle_request{method="textDocument/foldingRange" id=247}: new
2026-05-30T13:17:49.145669Z  INFO handle_request{method="textDocument/foldingRange" id=247}: close time.busy=15.8µs time.idle=14.1µs
2026-05-30T13:17:49.295823Z  INFO handle_request{method="textDocument/documentSymbol" id=248}: new
2026-05-30T13:17:49.295849Z  INFO handle_request{method="textDocument/documentSymbol" id=248}: close time.busy=14.0µs time.idle=13.0µs
2026-05-30T13:17:49.295859Z  INFO handle_request{method="textDocument/documentSymbol" id=249}: new
2026-05-30T13:17:49.295865Z  INFO handle_request{method="textDocument/documentSymbol" id=249}: close time.busy=2.25µs time.idle=3.38µs
2026-05-30T13:17:49.495977Z  INFO GC: vers to remove: [Version(88), Version(89), Version(90), Version(91)]
2026-05-30T13:17:49.496081Z  INFO send_notification{method="textDocument/publishDiagnostics"}: new
2026-05-30T13:17:49.496091Z  INFO send_notification{method="textDocument/publishDiagnostics"}: close time.busy=3.57µs time.idle=6.74µs
2026-05-30T13:17:51.723589Z  INFO handle_notification{method="textDocument/didChange"}: new
2026-05-30T13:17:51.723623Z  INFO handle_notification{method="textDocument/didChange"}: close time.busy=21.4µs time.idle=12.9µs
2026-05-30T13:17:51.923764Z  INFO pb_proj::upd: new
2026-05-30T13:17:51.923906Z  INFO pb_proj::upd: close time.busy=121µs time.idle=22.4µs
2026-05-30T13:17:51.923926Z  INFO GC: vers to remove: [Version(92)]
2026-05-30T13:17:51.924062Z  INFO send_notification{method="textDocument/publishDiagnostics"}: new
2026-05-30T13:17:51.924074Z  INFO send_notification{method="textDocument/publishDiagnostics"}: close time.busy=3.41µs time.idle=8.55µs
2026-05-30T13:17:51.924223Z  INFO handle_request{method="textDocument/foldingRange" id=250}: new
2026-05-30T13:17:51.924242Z  INFO handle_request{method="textDocument/foldingRange" id=250}: close time.busy=10.2µs time.idle=9.15µs
2026-05-30T13:17:52.074469Z  INFO handle_request{method="textDocument/documentSymbol" id=251}: new
2026-05-30T13:17:52.074495Z  INFO handle_request{method="textDocument/documentSymbol" id=251}: close time.busy=13.7µs time.idle=13.6µs
2026-05-30T13:17:52.074504Z  INFO handle_request{method="textDocument/documentSymbol" id=252}: new
2026-05-30T13:17:52.074509Z  INFO handle_request{method="textDocument/documentSymbol" id=252}: close time.busy=2.50µs time.idle=2.98µs
2026-05-30T13:17:52.815571Z  INFO handle_notification{method="textDocument/didChange"}: new
2026-05-30T13:17:52.815601Z  INFO handle_notification{method="textDocument/didChange"}: close time.busy=18.0µs time.idle=12.7µs
2026-05-30T13:17:52.866962Z  INFO handle_request{method="textDocument/completion" id=253}: new
2026-05-30T13:17:52.866988Z  INFO handle_request{method="textDocument/completion" id=253}: close time.busy=14.6µs time.idle=12.0µs
2026-05-30T13:17:52.867003Z  INFO pb_proj::upd: new
2026-05-30T13:17:52.867104Z  INFO pb_proj::upd: close time.busy=92.2µs time.idle=9.35µs
2026-05-30T13:17:52.867165Z  INFO send_notification{method="telemetry/event"}: new
2026-05-30T13:17:52.867172Z  INFO send_notification{method="telemetry/event"}: close time.busy=2.03µs time.idle=5.03µs
2026-05-30T13:17:52.976542Z  INFO handle_notification{method="textDocument/didChange"}: new
2026-05-30T13:17:52.976579Z  INFO handle_notification{method="textDocument/didChange"}: close time.busy=24.6µs time.idle=12.6µs
2026-05-30T13:17:53.028079Z  INFO handle_request{method="textDocument/completion" id=254}: new
2026-05-30T13:17:53.028112Z  INFO handle_request{method="textDocument/completion" id=254}: close time.busy=18.3µs time.idle=15.4µs
2026-05-30T13:17:53.028127Z  INFO pb_proj::upd: new
2026-05-30T13:17:53.028238Z  INFO pb_proj::upd: close time.busy=103µs time.idle=9.08µs
2026-05-30T13:17:53.028300Z  INFO send_notification{method="telemetry/event"}: new
2026-05-30T13:17:53.028308Z  INFO send_notification{method="telemetry/event"}: close time.busy=2.10µs time.idle=5.60µs
2026-05-30T13:17:53.177386Z  INFO handle_request{method="textDocument/foldingRange" id=255}: new
2026-05-30T13:17:53.177414Z  INFO handle_request{method="textDocument/foldingRange" id=255}: close time.busy=13.0µs time.idle=15.2µs
2026-05-30T13:17:53.188790Z  INFO handle_notification{method="textDocument/didChange"}: new
2026-05-30T13:17:53.188806Z  INFO handle_notification{method="textDocument/didChange"}: close time.busy=10.4µs time.idle=6.13µs
2026-05-30T13:17:53.240515Z  INFO handle_request{method="textDocument/completion" id=256}: new
2026-05-30T13:17:53.240541Z  INFO handle_request{method="textDocument/completion" id=256}: close time.busy=15.0µs time.idle=11.6µs
2026-05-30T13:17:53.240555Z  INFO pb_proj::upd: new
2026-05-30T13:17:53.240758Z  INFO pb_proj::upd: close time.busy=195µs time.idle=8.69µs
2026-05-30T13:17:53.240815Z  INFO send_notification{method="telemetry/event"}: new
2026-05-30T13:17:53.240826Z  INFO send_notification{method="telemetry/event"}: close time.busy=2.27µs time.idle=9.72µs
2026-05-30T13:17:53.330791Z  INFO handle_notification{method="textDocument/didChange"}: new
2026-05-30T13:17:53.330825Z  INFO handle_notification{method="textDocument/didChange"}: close time.busy=20.7µs time.idle=14.6µs
2026-05-30T13:17:53.382052Z  INFO handle_request{method="textDocument/completion" id=257}: new
2026-05-30T13:17:53.382084Z  INFO handle_request{method="textDocument/completion" id=257}: close time.busy=19.9µs time.idle=12.6µs
2026-05-30T13:17:53.382101Z  INFO pb_proj::upd: new
2026-05-30T13:17:53.382220Z  INFO pb_proj::upd: close time.busy=111µs time.idle=8.57µs
2026-05-30T13:17:53.382269Z  INFO send_notification{method="telemetry/event"}: new
2026-05-30T13:17:53.382278Z  INFO send_notification{method="telemetry/event"}: close time.busy=1.81µs time.idle=7.33µs
2026-05-30T13:17:53.470637Z  INFO handle_notification{method="textDocument/didChange"}: new
2026-05-30T13:17:53.470672Z  INFO handle_notification{method="textDocument/didChange"}: close time.busy=23.3µs time.idle=12.6µs
2026-05-30T13:17:53.522209Z  INFO handle_request{method="textDocument/completion" id=258}: new
2026-05-30T13:17:53.522241Z  INFO handle_request{method="textDocument/completion" id=258}: close time.busy=18.8µs time.idle=13.4µs
2026-05-30T13:17:53.522255Z  INFO pb_proj::upd: new
2026-05-30T13:17:53.522362Z  INFO pb_proj::upd: close time.busy=98.8µs time.idle=8.88µs
2026-05-30T13:17:53.522411Z  INFO send_notification{method="telemetry/event"}: new
2026-05-30T13:17:53.522420Z  INFO send_notification{method="telemetry/event"}: close time.busy=1.95µs time.idle=7.15µs
2026-05-30T13:17:53.671358Z  INFO handle_request{method="textDocument/foldingRange" id=259}: new
2026-05-30T13:17:53.671384Z  INFO handle_request{method="textDocument/foldingRange" id=259}: close time.busy=13.8µs time.idle=13.8µs
2026-05-30T13:17:53.690153Z  INFO handle_notification{method="textDocument/didChange"}: new
2026-05-30T13:17:53.690189Z  INFO handle_notification{method="textDocument/didChange"}: close time.busy=23.4µs time.idle=13.4µs
2026-05-30T13:17:53.741812Z  INFO handle_request{method="textDocument/completion" id=260}: new
2026-05-30T13:17:53.741838Z  INFO handle_request{method="textDocument/completion" id=260}: close time.busy=15.5µs time.idle=10.7µs
2026-05-30T13:17:53.741853Z  INFO pb_proj::upd: new
2026-05-30T13:17:53.742001Z  INFO pb_proj::upd: close time.busy=140µs time.idle=8.56µs
2026-05-30T13:17:53.742051Z  INFO send_notification{method="telemetry/event"}: new
2026-05-30T13:17:53.742061Z  INFO send_notification{method="telemetry/event"}: close time.busy=2.40µs time.idle=7.70µs
2026-05-30T13:17:53.769437Z  INFO handle_notification{method="textDocument/didChange"}: new
2026-05-30T13:17:53.769455Z  INFO handle_notification{method="textDocument/didChange"}: close time.busy=11.4µs time.idle=6.93µs
2026-05-30T13:17:53.821269Z  INFO handle_request{method="textDocument/completion" id=261}: new
2026-05-30T13:17:53.821295Z  INFO handle_request{method="textDocument/completion" id=261}: close time.busy=13.0µs time.idle=13.4µs
2026-05-30T13:17:53.821310Z  INFO pb_proj::upd: new
2026-05-30T13:17:53.821459Z  INFO pb_proj::upd: close time.busy=140µs time.idle=9.13µs
2026-05-30T13:17:53.821527Z  INFO send_notification{method="telemetry/event"}: new
2026-05-30T13:17:53.821540Z  INFO send_notification{method="telemetry/event"}: close time.busy=2.95µs time.idle=10.3µs
2026-05-30T13:17:53.963694Z  INFO handle_notification{method="textDocument/didChange"}: new
2026-05-30T13:17:53.963733Z  INFO handle_notification{method="textDocument/didChange"}: close time.busy=23.6µs time.idle=15.3µs
2026-05-30T13:17:54.015063Z  INFO handle_request{method="textDocument/completion" id=262}: new
2026-05-30T13:17:54.015094Z  INFO handle_request{method="textDocument/completion" id=262}: close time.busy=17.1µs time.idle=13.9µs
2026-05-30T13:17:54.015104Z  INFO pb_proj::upd: new
2026-05-30T13:17:54.015280Z  INFO pb_proj::upd: close time.busy=167µs time.idle=9.08µs
2026-05-30T13:17:54.015333Z  INFO send_notification{method="telemetry/event"}: new
2026-05-30T13:17:54.015342Z  INFO send_notification{method="telemetry/event"}: close time.busy=2.28µs time.idle=7.46µs
2026-05-30T13:17:54.164756Z  INFO handle_request{method="textDocument/foldingRange" id=263}: new
2026-05-30T13:17:54.164784Z  INFO handle_request{method="textDocument/foldingRange" id=263}: close time.busy=13.1µs time.idle=15.8µs
2026-05-30T13:17:54.314569Z  INFO handle_request{method="textDocument/documentSymbol" id=264}: new
2026-05-30T13:17:54.314598Z  INFO handle_request{method="textDocument/documentSymbol" id=264}: close time.busy=13.4µs time.idle=15.7µs
2026-05-30T13:17:54.314607Z  INFO handle_request{method="textDocument/documentSymbol" id=265}: new
2026-05-30T13:17:54.314612Z  INFO handle_request{method="textDocument/documentSymbol" id=265}: close time.busy=2.13µs time.idle=3.11µs
2026-05-30T13:17:54.514715Z  INFO GC: vers to remove: [Version(93), Version(94), Version(95), Version(96), Version(97), Version(98), Version(99), Version(100)]
2026-05-30T13:17:54.514849Z  INFO send_notification{method="textDocument/publishDiagnostics"}: new
2026-05-30T13:17:54.514859Z  INFO send_notification{method="textDocument/publishDiagnostics"}: close time.busy=3.07µs time.idle=7.84µs
2026-05-30T13:18:04.651020Z  INFO handle_notification{method="textDocument/didChange"}: new
2026-05-30T13:18:04.651054Z  INFO handle_notification{method="textDocument/didChange"}: close time.busy=20.6µs time.idle=14.2µs
2026-05-30T13:18:04.851184Z  INFO pb_proj::upd: new
2026-05-30T13:18:04.851352Z  INFO pb_proj::upd: close time.busy=142µs time.idle=27.4µs
2026-05-30T13:18:04.851372Z  INFO GC: vers to remove: [Version(101)]
2026-05-30T13:18:04.851482Z  INFO send_notification{method="textDocument/publishDiagnostics"}: new
2026-05-30T13:18:04.851489Z  INFO send_notification{method="textDocument/publishDiagnostics"}: close time.busy=3.30µs time.idle=4.21µs
2026-05-30T13:18:04.851864Z  INFO handle_request{method="textDocument/foldingRange" id=266}: new
2026-05-30T13:18:04.851918Z  INFO handle_request{method="textDocument/foldingRange" id=266}: close time.busy=10.7µs time.idle=43.9µs
2026-05-30T13:18:05.002075Z  INFO handle_request{method="textDocument/documentSymbol" id=267}: new
2026-05-30T13:18:05.002102Z  INFO handle_request{method="textDocument/documentSymbol" id=267}: close time.busy=14.7µs time.idle=12.6µs
2026-05-30T13:18:05.002117Z  INFO handle_request{method="textDocument/documentSymbol" id=268}: new
2026-05-30T13:18:05.002129Z  INFO handle_request{method="textDocument/documentSymbol" id=268}: close time.busy=5.81µs time.idle=5.68µs
2026-05-30T13:18:06.451231Z  INFO handle_notification{method="textDocument/didChange"}: new
2026-05-30T13:18:06.451269Z  INFO handle_notification{method="textDocument/didChange"}: close time.busy=23.6µs time.idle=15.2µs
2026-05-30T13:18:06.651389Z  INFO pb_proj::upd: new
2026-05-30T13:18:06.651564Z  INFO pb_proj::upd: close time.busy=148µs time.idle=27.6µs
2026-05-30T13:18:06.651580Z  INFO GC: vers to remove: [Version(102)]
2026-05-30T13:18:06.651687Z  INFO send_notification{method="textDocument/publishDiagnostics"}: new
2026-05-30T13:18:06.651700Z  INFO send_notification{method="textDocument/publishDiagnostics"}: close time.busy=3.38µs time.idle=9.19µs
2026-05-30T13:18:06.652068Z  INFO handle_request{method="textDocument/foldingRange" id=269}: new
2026-05-30T13:18:06.652087Z  INFO handle_request{method="textDocument/foldingRange" id=269}: close time.busy=10.7µs time.idle=8.05µs
2026-05-30T13:18:06.801920Z  INFO handle_request{method="textDocument/documentSymbol" id=270}: new
2026-05-30T13:18:06.801946Z  INFO handle_request{method="textDocument/documentSymbol" id=270}: close time.busy=14.2µs time.idle=13.6µs
2026-05-30T13:18:06.801956Z  INFO handle_request{method="textDocument/documentSymbol" id=271}: new
2026-05-30T13:18:06.801961Z  INFO handle_request{method="textDocument/documentSymbol" id=271}: close time.busy=2.73µs time.idle=2.83µs
2026-05-30T13:18:08.317993Z  INFO handle_notification{method="textDocument/didChange"}: new
2026-05-30T13:18:08.318028Z  INFO handle_notification{method="textDocument/didChange"}: close time.busy=21.4µs time.idle=14.1µs
2026-05-30T13:18:08.370136Z  INFO handle_request{method="textDocument/completion" id=272}: new
2026-05-30T13:18:08.370167Z  INFO handle_request{method="textDocument/completion" id=272}: close time.busy=17.4µs time.idle=15.1µs
2026-05-30T13:18:08.370178Z  INFO pb_proj::upd: new
2026-05-30T13:18:08.370323Z  INFO pb_proj::upd: close time.busy=138µs time.idle=7.05µs
2026-05-30T13:18:08.370376Z  INFO send_notification{method="telemetry/event"}: new
2026-05-30T13:18:08.370386Z  INFO send_notification{method="telemetry/event"}: close time.busy=2.70µs time.idle=7.67µs
2026-05-30T13:18:08.518671Z  INFO handle_request{method="textDocument/foldingRange" id=273}: new
2026-05-30T13:18:08.518706Z  INFO handle_request{method="textDocument/foldingRange" id=273}: close time.busy=16.9µs time.idle=19.6µs
2026-05-30T13:18:08.551119Z  INFO handle_notification{method="textDocument/didChange"}: new
2026-05-30T13:18:08.551141Z  INFO handle_notification{method="textDocument/didChange"}: close time.busy=13.5µs time.idle=8.37µs
2026-05-30T13:18:08.602986Z  INFO handle_request{method="textDocument/completion" id=274}: new
2026-05-30T13:18:08.603014Z  INFO handle_request{method="textDocument/completion" id=274}: close time.busy=16.4µs time.idle=12.2µs
2026-05-30T13:18:08.603038Z  INFO pb_proj::upd: new
2026-05-30T13:18:08.603167Z  INFO pb_proj::upd: close time.busy=119µs time.idle=9.59µs
2026-05-30T13:18:08.603222Z  INFO send_notification{method="telemetry/event"}: new
2026-05-30T13:18:08.603230Z  INFO send_notification{method="telemetry/event"}: close time.busy=2.04µs time.idle=6.52µs
2026-05-30T13:18:08.752083Z  INFO handle_request{method="textDocument/foldingRange" id=275}: new
2026-05-30T13:18:08.752109Z  INFO handle_request{method="textDocument/foldingRange" id=275}: close time.busy=12.7µs time.idle=13.7µs
2026-05-30T13:18:08.902552Z  INFO handle_request{method="textDocument/documentSymbol" id=276}: new
2026-05-30T13:18:08.902582Z  INFO handle_request{method="textDocument/documentSymbol" id=276}: close time.busy=17.8µs time.idle=13.3µs
2026-05-30T13:18:08.902591Z  INFO handle_request{method="textDocument/documentSymbol" id=277}: new
2026-05-30T13:18:08.902595Z  INFO handle_request{method="textDocument/documentSymbol" id=277}: close time.busy=2.24µs time.idle=2.52µs
2026-05-30T13:18:09.102922Z  INFO GC: vers to remove: [Version(103), Version(104)]
2026-05-30T13:18:09.103036Z  INFO send_notification{method="textDocument/publishDiagnostics"}: new
2026-05-30T13:18:09.103047Z  INFO send_notification{method="textDocument/publishDiagnostics"}: close time.busy=3.52µs time.idle=7.81µs
2026-05-30T13:18:10.279963Z  INFO handle_notification{method="textDocument/didChange"}: new
2026-05-30T13:18:10.280001Z  INFO handle_notification{method="textDocument/didChange"}: close time.busy=24.2µs time.idle=14.9µs
2026-05-30T13:18:10.331578Z  INFO handle_request{method="textDocument/completion" id=278}: new
2026-05-30T13:18:10.331600Z  INFO handle_request{method="textDocument/completion" id=278}: close time.busy=12.5µs time.idle=10.7µs
2026-05-30T13:18:10.331622Z  INFO pb_proj::upd: new
2026-05-30T13:18:10.331788Z  INFO pb_proj::upd: close time.busy=158µs time.idle=8.20µs
2026-05-30T13:18:10.331841Z  INFO send_notification{method="telemetry/event"}: new
2026-05-30T13:18:10.331849Z  INFO send_notification{method="telemetry/event"}: close time.busy=1.86µs time.idle=6.93µs
2026-05-30T13:18:10.480610Z  INFO handle_request{method="textDocument/foldingRange" id=279}: new
2026-05-30T13:18:10.480634Z  INFO handle_request{method="textDocument/foldingRange" id=279}: close time.busy=13.4µs time.idle=10.8µs
2026-05-30T13:18:10.506013Z  INFO handle_notification{method="textDocument/didChange"}: new
2026-05-30T13:18:10.506037Z  INFO handle_notification{method="textDocument/didChange"}: close time.busy=15.8µs time.idle=8.48µs
2026-05-30T13:18:10.557962Z  INFO handle_request{method="textDocument/completion" id=280}: new
2026-05-30T13:18:10.557988Z  INFO handle_request{method="textDocument/completion" id=280}: close time.busy=14.9µs time.idle=11.6µs
2026-05-30T13:18:10.558004Z  INFO pb_proj::upd: new
2026-05-30T13:18:10.558089Z  INFO pb_proj::upd: close time.busy=77.0µs time.idle=9.25µs
2026-05-30T13:18:10.558149Z  INFO send_notification{method="telemetry/event"}: new
2026-05-30T13:18:10.558158Z  INFO send_notification{method="telemetry/event"}: close time.busy=2.16µs time.idle=6.65µs
2026-05-30T13:18:10.680808Z  INFO handle_notification{method="textDocument/didChange"}: new
2026-05-30T13:18:10.680847Z  INFO handle_notification{method="textDocument/didChange"}: close time.busy=24.7µs time.idle=15.3µs
2026-05-30T13:18:10.732481Z  INFO handle_request{method="textDocument/completion" id=281}: new
2026-05-30T13:18:10.732510Z  INFO handle_request{method="textDocument/completion" id=281}: close time.busy=16.8µs time.idle=13.1µs
2026-05-30T13:18:10.732536Z  INFO pb_proj::upd: new
2026-05-30T13:18:10.732626Z  INFO pb_proj::upd: close time.busy=81.2µs time.idle=8.53µs
2026-05-30T13:18:10.732690Z  INFO send_notification{method="telemetry/event"}: new
2026-05-30T13:18:10.732697Z  INFO send_notification{method="telemetry/event"}: close time.busy=2.05µs time.idle=4.85µs
2026-05-30T13:18:10.881475Z  INFO handle_request{method="textDocument/foldingRange" id=282}: new
2026-05-30T13:18:10.881501Z  INFO handle_request{method="textDocument/foldingRange" id=282}: close time.busy=15.4µs time.idle=12.1µs
2026-05-30T13:18:11.031941Z  INFO handle_request{method="textDocument/documentSymbol" id=283}: new
2026-05-30T13:18:11.031972Z  INFO handle_request{method="textDocument/documentSymbol" id=283}: close time.busy=17.5µs time.idle=13.6µs
2026-05-30T13:18:11.031984Z  INFO handle_request{method="textDocument/documentSymbol" id=284}: new
2026-05-30T13:18:11.031989Z  INFO handle_request{method="textDocument/documentSymbol" id=284}: close time.busy=2.50µs time.idle=2.81µs
2026-05-30T13:18:11.232089Z  INFO GC: vers to remove: [Version(105), Version(106), Version(107)]
2026-05-30T13:18:11.232205Z  INFO send_notification{method="textDocument/publishDiagnostics"}: new
2026-05-30T13:18:11.232216Z  INFO send_notification{method="textDocument/publishDiagnostics"}: close time.busy=3.54µs time.idle=7.21µs
2026-05-30T13:18:12.161888Z  INFO handle_notification{method="textDocument/didChange"}: new
2026-05-30T13:18:12.161926Z  INFO handle_notification{method="textDocument/didChange"}: close time.busy=26.1µs time.idle=12.7µs
2026-05-30T13:18:12.213347Z  INFO handle_request{method="textDocument/completion" id=285}: new
2026-05-30T13:18:12.213374Z  INFO handle_request{method="textDocument/completion" id=285}: close time.busy=16.3µs time.idle=12.2µs
2026-05-30T13:18:12.213398Z  INFO pb_proj::upd: new
2026-05-30T13:18:12.213506Z  INFO pb_proj::upd: close time.busy=99.3µs time.idle=8.90µs
2026-05-30T13:18:12.213580Z  INFO send_notification{method="telemetry/event"}: new
2026-05-30T13:18:12.213587Z  INFO send_notification{method="telemetry/event"}: close time.busy=1.77µs time.idle=6.09µs
2026-05-30T13:18:12.214676Z  INFO handle_notification{method="textDocument/didChange"}: new
2026-05-30T13:18:12.214692Z  INFO handle_notification{method="textDocument/didChange"}: close time.busy=10.5µs time.idle=5.65µs
2026-05-30T13:18:12.408755Z  INFO handle_notification{method="textDocument/didChange"}: new
2026-05-30T13:18:12.408793Z  INFO handle_notification{method="textDocument/didChange"}: close time.busy=21.2µs time.idle=18.6µs
2026-05-30T13:18:12.460052Z  INFO handle_request{method="textDocument/completion" id=286}: new
2026-05-30T13:18:12.460079Z  INFO handle_request{method="textDocument/completion" id=286}: close time.busy=15.5µs time.idle=11.7µs
2026-05-30T13:18:12.460093Z  INFO pb_proj::upd: new
2026-05-30T13:18:12.460205Z  INFO pb_proj::upd: close time.busy=103µs time.idle=8.99µs
2026-05-30T13:18:12.460265Z  INFO send_notification{method="telemetry/event"}: new
2026-05-30T13:18:12.460274Z  INFO send_notification{method="telemetry/event"}: close time.busy=2.95µs time.idle=5.71µs
2026-05-30T13:18:12.609551Z  INFO handle_request{method="textDocument/foldingRange" id=287}: new
2026-05-30T13:18:12.609584Z  INFO handle_request{method="textDocument/foldingRange" id=287}: close time.busy=13.7µs time.idle=20.6µs
2026-05-30T13:18:12.759225Z  INFO handle_request{method="textDocument/documentSymbol" id=288}: new
2026-05-30T13:18:12.759252Z  INFO handle_request{method="textDocument/documentSymbol" id=288}: close time.busy=14.7µs time.idle=12.9µs
2026-05-30T13:18:12.759261Z  INFO handle_request{method="textDocument/documentSymbol" id=289}: new
2026-05-30T13:18:12.759266Z  INFO handle_request{method="textDocument/documentSymbol" id=289}: close time.busy=2.24µs time.idle=2.64µs
2026-05-30T13:18:12.959443Z  INFO GC: vers to remove: [Version(108), Version(109)]
2026-05-30T13:18:12.959554Z  INFO send_notification{method="textDocument/publishDiagnostics"}: new
2026-05-30T13:18:12.959565Z  INFO send_notification{method="textDocument/publishDiagnostics"}: close time.busy=3.30µs time.idle=8.14µs
2026-05-30T13:18:15.805560Z  INFO handle_notification{method="textDocument/didChange"}: new
2026-05-30T13:18:15.805596Z  INFO handle_notification{method="textDocument/didChange"}: close time.busy=22.0µs time.idle=14.9µs
2026-05-30T13:18:15.857207Z  INFO handle_request{method="textDocument/completion" id=290}: new
2026-05-30T13:18:15.857233Z  INFO handle_request{method="textDocument/completion" id=290}: close time.busy=15.0µs time.idle=11.2µs
2026-05-30T13:18:15.857245Z  INFO pb_proj::upd: new
2026-05-30T13:18:15.857360Z  INFO pb_proj::upd: close time.busy=107µs time.idle=9.21µs
2026-05-30T13:18:15.857410Z  INFO send_notification{method="telemetry/event"}: new
2026-05-30T13:18:15.857418Z  INFO send_notification{method="telemetry/event"}: close time.busy=2.09µs time.idle=6.33µs
2026-05-30T13:18:15.965086Z  INFO handle_notification{method="textDocument/didChange"}: new
2026-05-30T13:18:15.965121Z  INFO handle_notification{method="textDocument/didChange"}: close time.busy=21.3µs time.idle=14.0µs
2026-05-30T13:18:16.016864Z  INFO handle_request{method="textDocument/completion" id=291}: new
2026-05-30T13:18:16.016899Z  INFO handle_request{method="textDocument/completion" id=291}: close time.busy=16.6µs time.idle=19.0µs
2026-05-30T13:18:16.016911Z  INFO pb_proj::upd: new
2026-05-30T13:18:16.017078Z  INFO pb_proj::upd: close time.busy=157µs time.idle=9.59µs
2026-05-30T13:18:16.017136Z  INFO send_notification{method="telemetry/event"}: new
2026-05-30T13:18:16.017147Z  INFO send_notification{method="telemetry/event"}: close time.busy=2.45µs time.idle=9.36µs
2026-05-30T13:18:16.165841Z  INFO handle_request{method="textDocument/foldingRange" id=292}: new
2026-05-30T13:18:16.165887Z  INFO handle_request{method="textDocument/foldingRange" id=292}: close time.busy=27.9µs time.idle=18.6µs
2026-05-30T13:18:16.179391Z  INFO handle_notification{method="textDocument/didChange"}: new
2026-05-30T13:18:16.179413Z  INFO handle_notification{method="textDocument/didChange"}: close time.busy=12.1µs time.idle=9.58µs
2026-05-30T13:18:16.230943Z  INFO handle_request{method="textDocument/completion" id=293}: new
2026-05-30T13:18:16.230970Z  INFO handle_request{method="textDocument/completion" id=293}: close time.busy=15.0µs time.idle=12.1µs
2026-05-30T13:18:16.230983Z  INFO pb_proj::upd: new
2026-05-30T13:18:16.231166Z  INFO pb_proj::upd: close time.busy=175µs time.idle=9.33µs
2026-05-30T13:18:16.231227Z  INFO send_notification{method="telemetry/event"}: new
2026-05-30T13:18:16.231241Z  INFO send_notification{method="telemetry/event"}: close time.busy=3.51µs time.idle=10.8µs
2026-05-30T13:18:16.379934Z  INFO handle_request{method="textDocument/foldingRange" id=294}: new
2026-05-30T13:18:16.379961Z  INFO handle_request{method="textDocument/foldingRange" id=294}: close time.busy=14.3µs time.idle=14.4µs
2026-05-30T13:18:16.432411Z  INFO handle_notification{method="textDocument/didChange"}: new
2026-05-30T13:18:16.432444Z  INFO handle_notification{method="textDocument/didChange"}: close time.busy=18.9µs time.idle=15.0µs
2026-05-30T13:18:16.484006Z  INFO handle_request{method="textDocument/completion" id=295}: new
2026-05-30T13:18:16.484029Z  INFO handle_request{method="textDocument/completion" id=295}: close time.busy=14.3µs time.idle=9.63µs
2026-05-30T13:18:16.484041Z  INFO pb_proj::upd: new
2026-05-30T13:18:16.484201Z  INFO pb_proj::upd: close time.busy=151µs time.idle=8.32µs
2026-05-30T13:18:16.484260Z  INFO send_notification{method="telemetry/event"}: new
2026-05-30T13:18:16.484272Z  INFO send_notification{method="telemetry/event"}: close time.busy=2.42µs time.idle=9.48µs
2026-05-30T13:18:16.612435Z  INFO handle_notification{method="textDocument/didChange"}: new
2026-05-30T13:18:16.612468Z  INFO handle_notification{method="textDocument/didChange"}: close time.busy=20.2µs time.idle=13.9µs
2026-05-30T13:18:16.663571Z  INFO handle_request{method="textDocument/completion" id=296}: new
2026-05-30T13:18:16.663599Z  INFO handle_request{method="textDocument/completion" id=296}: close time.busy=15.6µs time.idle=12.7µs
2026-05-30T13:18:16.663609Z  INFO pb_proj::upd: new
2026-05-30T13:18:16.663729Z  INFO pb_proj::upd: close time.busy=111µs time.idle=9.33µs
2026-05-30T13:18:16.663790Z  INFO send_notification{method="telemetry/event"}: new
2026-05-30T13:18:16.663799Z  INFO send_notification{method="telemetry/event"}: close time.busy=2.09µs time.idle=6.53µs
2026-05-30T13:18:16.786967Z  INFO handle_notification{method="textDocument/didChange"}: new
2026-05-30T13:18:16.787000Z  INFO handle_notification{method="textDocument/didChange"}: close time.busy=20.9µs time.idle=12.5µs
2026-05-30T13:18:16.838040Z  INFO handle_request{method="textDocument/completion" id=297}: new
2026-05-30T13:18:16.838065Z  INFO handle_request{method="textDocument/completion" id=297}: close time.busy=13.9µs time.idle=12.1µs
2026-05-30T13:18:16.838152Z  INFO pb_proj::upd: new
2026-05-30T13:18:16.838272Z  INFO pb_proj::upd: close time.busy=111µs time.idle=9.03µs
2026-05-30T13:18:16.838329Z  INFO send_notification{method="telemetry/event"}: new
2026-05-30T13:18:16.838338Z  INFO send_notification{method="telemetry/event"}: close time.busy=2.22µs time.idle=6.82µs
2026-05-30T13:18:16.872891Z  INFO handle_notification{method="textDocument/didChange"}: new
2026-05-30T13:18:16.872911Z  INFO handle_notification{method="textDocument/didChange"}: close time.busy=13.0µs time.idle=7.42µs
2026-05-30T13:18:16.924705Z  INFO handle_request{method="textDocument/completion" id=298}: new
2026-05-30T13:18:16.924730Z  INFO handle_request{method="textDocument/completion" id=298}: close time.busy=13.2µs time.idle=12.3µs
2026-05-30T13:18:16.924789Z  INFO pb_proj::upd: new
2026-05-30T13:18:16.924890Z  INFO pb_proj::upd: close time.busy=91.0µs time.idle=10.4µs
2026-05-30T13:18:16.924946Z  INFO send_notification{method="telemetry/event"}: new
2026-05-30T13:18:16.924954Z  INFO send_notification{method="telemetry/event"}: close time.busy=2.57µs time.idle=6.29µs
2026-05-30T13:18:17.073823Z  INFO handle_request{method="textDocument/foldingRange" id=299}: new
2026-05-30T13:18:17.073859Z  INFO handle_request{method="textDocument/foldingRange" id=299}: close time.busy=14.4µs time.idle=22.1µs
2026-05-30T13:18:17.224028Z  INFO handle_request{method="textDocument/documentSymbol" id=300}: new
2026-05-30T13:18:17.224055Z  INFO handle_request{method="textDocument/documentSymbol" id=300}: close time.busy=13.6µs time.idle=13.7µs
2026-05-30T13:18:17.224067Z  INFO handle_request{method="textDocument/documentSymbol" id=301}: new
2026-05-30T13:18:17.224073Z  INFO handle_request{method="textDocument/documentSymbol" id=301}: close time.busy=2.44µs time.idle=2.93µs
2026-05-30T13:18:17.424419Z  INFO GC: vers to remove: [Version(110), Version(111), Version(112), Version(113), Version(114), Version(115), Version(116)]
2026-05-30T13:18:17.424561Z  INFO send_notification{method="textDocument/publishDiagnostics"}: new
2026-05-30T13:18:17.424572Z  INFO send_notification{method="textDocument/publishDiagnostics"}: close time.busy=3.90µs time.idle=6.95µs
2026-05-30T13:18:24.769596Z  INFO handle_notification{method="textDocument/didChange"}: new
2026-05-30T13:18:24.769643Z  INFO handle_notification{method="textDocument/didChange"}: close time.busy=22.6µs time.idle=24.6µs
2026-05-30T13:18:24.928686Z  INFO handle_notification{method="textDocument/didChange"}: new
2026-05-30T13:18:24.928720Z  INFO handle_notification{method="textDocument/didChange"}: close time.busy=20.0µs time.idle=14.2µs
2026-05-30T13:18:25.128823Z  INFO pb_proj::upd: new
2026-05-30T13:18:25.129004Z  INFO pb_proj::upd: close time.busy=144µs time.idle=37.7µs
2026-05-30T13:18:25.129025Z  INFO GC: vers to remove: [Version(117)]
2026-05-30T13:18:25.129157Z  INFO send_notification{method="textDocument/publishDiagnostics"}: new
2026-05-30T13:18:25.129164Z  INFO send_notification{method="textDocument/publishDiagnostics"}: close time.busy=2.85µs time.idle=4.44µs
2026-05-30T13:18:25.129584Z  INFO handle_request{method="textDocument/foldingRange" id=302}: new
2026-05-30T13:18:25.129604Z  INFO handle_request{method="textDocument/foldingRange" id=302}: close time.busy=10.7µs time.idle=8.97µs
2026-05-30T13:18:25.279777Z  INFO handle_request{method="textDocument/documentSymbol" id=303}: new
2026-05-30T13:18:25.279807Z  INFO handle_request{method="textDocument/documentSymbol" id=303}: close time.busy=14.6µs time.idle=15.8µs
2026-05-30T13:18:25.279816Z  INFO handle_request{method="textDocument/documentSymbol" id=304}: new
2026-05-30T13:18:25.279823Z  INFO handle_request{method="textDocument/documentSymbol" id=304}: close time.busy=3.46µs time.idle=3.03µs
2026-05-30T13:18:26.229267Z  INFO handle_notification{method="textDocument/didChange"}: new
2026-05-30T13:18:26.229298Z  INFO handle_notification{method="textDocument/didChange"}: close time.busy=19.5µs time.idle=11.5µs
2026-05-30T13:18:26.280466Z  INFO handle_request{method="textDocument/completion" id=305}: new
2026-05-30T13:18:26.280501Z  INFO handle_request{method="textDocument/completion" id=305}: close time.busy=20.6µs time.idle=14.8µs
2026-05-30T13:18:26.280517Z  INFO pb_proj::upd: new
2026-05-30T13:18:26.280612Z  INFO pb_proj::upd: close time.busy=87.3µs time.idle=7.98µs
2026-05-30T13:18:26.280676Z  INFO send_notification{method="telemetry/event"}: new
2026-05-30T13:18:26.280686Z  INFO send_notification{method="telemetry/event"}: close time.busy=3.09µs time.idle=7.89µs
2026-05-30T13:18:26.309336Z  INFO handle_notification{method="textDocument/didChange"}: new
2026-05-30T13:18:26.309369Z  INFO handle_notification{method="textDocument/didChange"}: close time.busy=20.1µs time.idle=13.2µs
2026-05-30T13:18:26.509481Z  INFO pb_proj::upd: new
2026-05-30T13:18:26.509624Z  INFO pb_proj::upd: close time.busy=119µs time.idle=24.3µs
2026-05-30T13:18:26.509639Z  INFO GC: vers to remove: [Version(118), Version(119)]
2026-05-30T13:18:26.509735Z  INFO send_notification{method="textDocument/publishDiagnostics"}: new
2026-05-30T13:18:26.509749Z  INFO send_notification{method="textDocument/publishDiagnostics"}: close time.busy=3.31µs time.idle=11.0µs
2026-05-30T13:18:26.510185Z  INFO handle_request{method="textDocument/foldingRange" id=306}: new
2026-05-30T13:18:26.510205Z  INFO handle_request{method="textDocument/foldingRange" id=306}: close time.busy=11.2µs time.idle=9.29µs
2026-05-30T13:18:26.522478Z  INFO handle_notification{method="textDocument/didChange"}: new
2026-05-30T13:18:26.522500Z  INFO handle_notification{method="textDocument/didChange"}: close time.busy=12.8µs time.idle=8.68µs
2026-05-30T13:18:26.675580Z  INFO handle_notification{method="textDocument/didChange"}: new
2026-05-30T13:18:26.675611Z  INFO handle_notification{method="textDocument/didChange"}: close time.busy=18.3µs time.idle=13.2µs
2026-05-30T13:18:26.829777Z  INFO handle_notification{method="textDocument/didChange"}: new
2026-05-30T13:18:26.829809Z  INFO handle_notification{method="textDocument/didChange"}: close time.busy=18.4µs time.idle=13.8µs
2026-05-30T13:18:26.983328Z  INFO handle_notification{method="textDocument/didChange"}: new
2026-05-30T13:18:26.983360Z  INFO handle_notification{method="textDocument/didChange"}: close time.busy=17.3µs time.idle=14.4µs
2026-05-30T13:18:27.083320Z  INFO handle_notification{method="textDocument/didChange"}: new
2026-05-30T13:18:27.083353Z  INFO handle_notification{method="textDocument/didChange"}: close time.busy=18.9µs time.idle=15.1µs
2026-05-30T13:18:27.170757Z  INFO handle_notification{method="textDocument/didChange"}: new
2026-05-30T13:18:27.170785Z  INFO handle_notification{method="textDocument/didChange"}: close time.busy=16.6µs time.idle=11.3µs
2026-05-30T13:18:27.370904Z  INFO pb_proj::upd: new
2026-05-30T13:18:27.371047Z  INFO pb_proj::upd: close time.busy=121µs time.idle=22.7µs
2026-05-30T13:18:27.371063Z  INFO GC: vers to remove: [Version(120)]
2026-05-30T13:18:27.371204Z  INFO send_notification{method="textDocument/publishDiagnostics"}: new
2026-05-30T13:18:27.371216Z  INFO send_notification{method="textDocument/publishDiagnostics"}: close time.busy=3.23µs time.idle=8.96µs
2026-05-30T13:18:27.371675Z  INFO handle_request{method="textDocument/foldingRange" id=307}: new
2026-05-30T13:18:27.371694Z  INFO handle_request{method="textDocument/foldingRange" id=307}: close time.busy=12.4µs time.idle=6.26µs
2026-05-30T13:18:27.521426Z  INFO handle_request{method="textDocument/documentSymbol" id=308}: new
2026-05-30T13:18:27.521457Z  INFO handle_request{method="textDocument/documentSymbol" id=308}: close time.busy=16.6µs time.idle=14.7µs
2026-05-30T13:18:27.521466Z  INFO handle_request{method="textDocument/documentSymbol" id=309}: new
2026-05-30T13:18:27.521471Z  INFO handle_request{method="textDocument/documentSymbol" id=309}: close time.busy=2.51µs time.idle=2.86µs
2026-05-30T13:18:28.234053Z  INFO handle_notification{method="textDocument/didChange"}: new
2026-05-30T13:18:28.234089Z  INFO handle_notification{method="textDocument/didChange"}: close time.busy=21.9µs time.idle=15.4µs
2026-05-30T13:18:28.434208Z  INFO pb_proj::upd: new
2026-05-30T13:18:28.434370Z  INFO pb_proj::upd: close time.busy=138µs time.idle=24.9µs
2026-05-30T13:18:28.434387Z  INFO GC: vers to remove: [Version(121)]
2026-05-30T13:18:28.434482Z  INFO send_notification{method="textDocument/publishDiagnostics"}: new
2026-05-30T13:18:28.434489Z  INFO send_notification{method="textDocument/publishDiagnostics"}: close time.busy=2.99µs time.idle=5.17µs
2026-05-30T13:18:28.434878Z  INFO handle_request{method="textDocument/foldingRange" id=310}: new
2026-05-30T13:18:28.434897Z  INFO handle_request{method="textDocument/foldingRange" id=310}: close time.busy=10.2µs time.idle=8.41µs
2026-05-30T13:18:28.585089Z  INFO handle_request{method="textDocument/documentSymbol" id=311}: new
2026-05-30T13:18:28.585122Z  INFO handle_request{method="textDocument/documentSymbol" id=311}: close time.busy=18.1µs time.idle=16.8µs
2026-05-30T13:18:28.585134Z  INFO handle_request{method="textDocument/documentSymbol" id=312}: new
2026-05-30T13:18:28.585140Z  INFO handle_request{method="textDocument/documentSymbol" id=312}: close time.busy=3.10µs time.idle=3.47µs
2026-05-30T13:18:28.825066Z  INFO handle_notification{method="textDocument/didChange"}: new
2026-05-30T13:18:28.825103Z  INFO handle_notification{method="textDocument/didChange"}: close time.busy=19.6µs time.idle=17.8µs
2026-05-30T13:18:29.025235Z  INFO pb_proj::upd: new
2026-05-30T13:18:29.025389Z  INFO pb_proj::upd: close time.busy=129µs time.idle=26.0µs
2026-05-30T13:18:29.025412Z  INFO GC: vers to remove: [Version(122)]
2026-05-30T13:18:29.025502Z  INFO send_notification{method="textDocument/publishDiagnostics"}: new
2026-05-30T13:18:29.025509Z  INFO send_notification{method="textDocument/publishDiagnostics"}: close time.busy=2.91µs time.idle=4.35µs
2026-05-30T13:18:29.025883Z  INFO handle_request{method="textDocument/foldingRange" id=313}: new
2026-05-30T13:18:29.025925Z  INFO handle_request{method="textDocument/foldingRange" id=313}: close time.busy=10.5µs time.idle=32.4µs
2026-05-30T13:18:29.176234Z  INFO handle_request{method="textDocument/documentSymbol" id=314}: new
2026-05-30T13:18:29.176259Z  INFO handle_request{method="textDocument/documentSymbol" id=314}: close time.busy=13.6µs time.idle=12.2µs
2026-05-30T13:18:29.176272Z  INFO handle_request{method="textDocument/documentSymbol" id=315}: new
2026-05-30T13:18:29.176280Z  INFO handle_request{method="textDocument/documentSymbol" id=315}: close time.busy=3.40µs time.idle=4.90µs
2026-05-30T13:18:29.184729Z  INFO handle_notification{method="textDocument/didChange"}: new
2026-05-30T13:18:29.184751Z  INFO handle_notification{method="textDocument/didChange"}: close time.busy=14.0µs time.idle=8.47µs
2026-05-30T13:18:29.384858Z  INFO pb_proj::upd: new
2026-05-30T13:18:29.385241Z  INFO pb_proj::upd: close time.busy=355µs time.idle=28.5µs
2026-05-30T13:18:29.385259Z  INFO GC: vers to remove: [Version(123)]
2026-05-30T13:18:29.385349Z  INFO send_notification{method="textDocument/publishDiagnostics"}: new
2026-05-30T13:18:29.385356Z  INFO send_notification{method="textDocument/publishDiagnostics"}: close time.busy=3.10µs time.idle=4.11µs
2026-05-30T13:18:29.385591Z  INFO handle_request{method="textDocument/foldingRange" id=316}: new
2026-05-30T13:18:29.385610Z  INFO handle_request{method="textDocument/foldingRange" id=316}: close time.busy=10.6µs time.idle=8.02µs
2026-05-30T13:18:29.533211Z  INFO handle_notification{method="textDocument/didChange"}: new
2026-05-30T13:18:29.533244Z  INFO handle_notification{method="textDocument/didChange"}: close time.busy=20.3µs time.idle=13.0µs
2026-05-30T13:18:29.541151Z  INFO handle_request{method="textDocument/documentSymbol" id=317}: new
2026-05-30T13:18:29.541171Z  INFO handle_request{method="textDocument/documentSymbol" id=317}: close time.busy=10.5µs time.idle=9.10µs
2026-05-30T13:18:29.541187Z  INFO pb_proj::upd: new
2026-05-30T13:18:29.541344Z  INFO pb_proj::upd: close time.busy=147µs time.idle=9.86µs
2026-05-30T13:18:29.734041Z  INFO handle_request{method="textDocument/foldingRange" id=318}: new
2026-05-30T13:18:29.734067Z  INFO handle_request{method="textDocument/foldingRange" id=318}: close time.busy=13.7µs time.idle=12.5µs
2026-05-30T13:18:29.884325Z  INFO handle_request{method="textDocument/documentSymbol" id=319}: new
2026-05-30T13:18:29.884349Z  INFO handle_request{method="textDocument/documentSymbol" id=319}: close time.busy=13.0µs time.idle=11.9µs
2026-05-30T13:18:29.884361Z  INFO handle_request{method="textDocument/documentSymbol" id=320}: new
2026-05-30T13:18:29.884367Z  INFO handle_request{method="textDocument/documentSymbol" id=320}: close time.busy=3.35µs time.idle=2.70µs
2026-05-30T13:18:30.084711Z  INFO GC: vers to remove: [Version(124)]
2026-05-30T13:18:30.084842Z  INFO send_notification{method="textDocument/publishDiagnostics"}: new
2026-05-30T13:18:30.084852Z  INFO send_notification{method="textDocument/publishDiagnostics"}: close time.busy=3.42µs time.idle=7.13µs
2026-05-30T13:18:33.870316Z  INFO handle_notification{method="textDocument/didChange"}: new
2026-05-30T13:18:33.870351Z  INFO handle_notification{method="textDocument/didChange"}: close time.busy=21.6µs time.idle=14.8µs
2026-05-30T13:18:33.921972Z  INFO handle_request{method="textDocument/completion" id=321}: new
2026-05-30T13:18:33.922000Z  INFO handle_request{method="textDocument/completion" id=321}: close time.busy=15.6µs time.idle=13.2µs
2026-05-30T13:18:33.922016Z  INFO pb_proj::upd: new
2026-05-30T13:18:33.922135Z  INFO pb_proj::upd: close time.busy=110µs time.idle=8.92µs
2026-05-30T13:18:33.922196Z  INFO send_notification{method="telemetry/event"}: new
2026-05-30T13:18:33.922208Z  INFO send_notification{method="telemetry/event"}: close time.busy=2.37µs time.idle=9.91µs
2026-05-30T13:18:34.062716Z  INFO handle_notification{method="textDocument/didChange"}: new
2026-05-30T13:18:34.062751Z  INFO handle_notification{method="textDocument/didChange"}: close time.busy=21.4µs time.idle=13.6µs
2026-05-30T13:18:34.197475Z  INFO handle_notification{method="textDocument/didChange"}: new
2026-05-30T13:18:34.197505Z  INFO handle_notification{method="textDocument/didChange"}: close time.busy=17.1µs time.idle=13.5µs
2026-05-30T13:18:34.397984Z  INFO pb_proj::upd: new
2026-05-30T13:18:34.398152Z  INFO pb_proj::upd: close time.busy=105µs time.idle=64.0µs
2026-05-30T13:18:34.398171Z  INFO GC: vers to remove: [Version(125), Version(126)]
2026-05-30T13:18:34.398310Z  INFO send_notification{method="textDocument/publishDiagnostics"}: new
2026-05-30T13:18:34.398317Z  INFO send_notification{method="textDocument/publishDiagnostics"}: close time.busy=2.71µs time.idle=4.63µs
2026-05-30T13:18:34.398725Z  INFO handle_request{method="textDocument/foldingRange" id=322}: new
2026-05-30T13:18:34.398745Z  INFO handle_request{method="textDocument/foldingRange" id=322}: close time.busy=11.5µs time.idle=8.28µs
2026-05-30T13:18:34.547989Z  INFO handle_request{method="textDocument/documentSymbol" id=323}: new
2026-05-30T13:18:34.548014Z  INFO handle_request{method="textDocument/documentSymbol" id=323}: close time.busy=12.6µs time.idle=13.9µs
2026-05-30T13:18:34.548340Z  INFO handle_request{method="textDocument/documentSymbol" id=324}: new
2026-05-30T13:18:34.548356Z  INFO handle_request{method="textDocument/documentSymbol" id=324}: close time.busy=7.55µs time.idle=9.00µs
2026-05-30T13:18:34.563375Z  INFO handle_notification{method="textDocument/didChange"}: new
2026-05-30T13:18:34.563398Z  INFO handle_notification{method="textDocument/didChange"}: close time.busy=13.4µs time.idle=9.17µs
2026-05-30T13:18:34.738177Z  INFO handle_notification{method="textDocument/didChange"}: new
2026-05-30T13:18:34.738215Z  INFO handle_notification{method="textDocument/didChange"}: close time.busy=21.6µs time.idle=17.1µs
2026-05-30T13:18:34.851169Z  INFO handle_notification{method="textDocument/didChange"}: new
2026-05-30T13:18:34.851200Z  INFO handle_notification{method="textDocument/didChange"}: close time.busy=17.6µs time.idle=14.3µs
2026-05-30T13:18:35.051323Z  INFO pb_proj::upd: new
2026-05-30T13:18:35.051476Z  INFO pb_proj::upd: close time.busy=126µs time.idle=27.8µs
2026-05-30T13:18:35.051497Z  INFO GC: vers to remove: [Version(127)]
2026-05-30T13:18:35.051605Z  INFO send_notification{method="textDocument/publishDiagnostics"}: new
2026-05-30T13:18:35.051613Z  INFO send_notification{method="textDocument/publishDiagnostics"}: close time.busy=3.26µs time.idle=4.14µs
2026-05-30T13:18:35.051967Z  INFO handle_request{method="textDocument/foldingRange" id=325}: new
2026-05-30T13:18:35.051986Z  INFO handle_request{method="textDocument/foldingRange" id=325}: close time.busy=11.3µs time.idle=7.94µs
2026-05-30T13:18:35.201824Z  INFO handle_request{method="textDocument/documentSymbol" id=326}: new
2026-05-30T13:18:35.201851Z  INFO handle_request{method="textDocument/documentSymbol" id=326}: close time.busy=14.7µs time.idle=13.3µs
2026-05-30T13:18:35.201861Z  INFO handle_request{method="textDocument/documentSymbol" id=327}: new
2026-05-30T13:18:35.201877Z  INFO handle_request{method="textDocument/documentSymbol" id=327}: close time.busy=13.0µs time.idle=2.83µs
2026-05-30T13:18:36.145175Z  INFO handle_notification{method="textDocument/didChange"}: new
2026-05-30T13:18:36.145207Z  INFO handle_notification{method="textDocument/didChange"}: close time.busy=20.0µs time.idle=13.3µs
2026-05-30T13:18:36.191763Z  INFO handle_notification{method="textDocument/didChange"}: new
2026-05-30T13:18:36.191786Z  INFO handle_notification{method="textDocument/didChange"}: close time.busy=13.7µs time.idle=10.1µs
2026-05-30T13:18:36.242507Z  INFO handle_request{method="textDocument/completion" id=328}: new
2026-05-30T13:18:36.242532Z  INFO handle_request{method="textDocument/completion" id=328}: close time.busy=15.4µs time.idle=10.5µs
2026-05-30T13:18:36.242558Z  INFO pb_proj::upd: new
2026-05-30T13:18:36.242759Z  INFO pb_proj::upd: close time.busy=190µs time.idle=12.0µs
2026-05-30T13:18:36.242813Z  INFO send_notification{method="telemetry/event"}: new
2026-05-30T13:18:36.242820Z  INFO send_notification{method="telemetry/event"}: close time.busy=1.80µs time.idle=5.98µs
2026-05-30T13:18:36.392404Z  INFO handle_notification{method="textDocument/didChange"}: new
2026-05-30T13:18:36.392427Z  INFO handle_notification{method="textDocument/didChange"}: close time.busy=14.3µs time.idle=9.35µs
2026-05-30T13:18:36.443527Z  INFO handle_request{method="textDocument/completion" id=329}: new
2026-05-30T13:18:36.443549Z  INFO handle_request{method="textDocument/completion" id=329}: close time.busy=12.5µs time.idle=10.1µs
2026-05-30T13:18:36.443574Z  INFO pb_proj::upd: new
2026-05-30T13:18:36.443707Z  INFO pb_proj::upd: close time.busy=123µs time.idle=9.43µs
2026-05-30T13:18:36.443763Z  INFO send_notification{method="telemetry/event"}: new
2026-05-30T13:18:36.443770Z  INFO send_notification{method="telemetry/event"}: close time.busy=2.32µs time.idle=5.26µs
2026-05-30T13:18:36.565925Z  INFO handle_notification{method="textDocument/didChange"}: new
2026-05-30T13:18:36.565956Z  INFO handle_notification{method="textDocument/didChange"}: close time.busy=20.6µs time.idle=11.9µs
2026-05-30T13:18:36.617173Z  INFO handle_request{method="textDocument/completion" id=330}: new
2026-05-30T13:18:36.617201Z  INFO handle_request{method="textDocument/completion" id=330}: close time.busy=15.5µs time.idle=12.8µs
2026-05-30T13:18:36.617217Z  INFO pb_proj::upd: new
2026-05-30T13:18:36.617398Z  INFO pb_proj::upd: close time.busy=174µs time.idle=7.42µs
2026-05-30T13:18:36.617458Z  INFO send_notification{method="telemetry/event"}: new
2026-05-30T13:18:36.617469Z  INFO send_notification{method="telemetry/event"}: close time.busy=2.25µs time.idle=8.70µs
2026-05-30T13:18:36.766516Z  INFO handle_request{method="textDocument/foldingRange" id=331}: new
2026-05-30T13:18:36.766545Z  INFO handle_request{method="textDocument/foldingRange" id=331}: close time.busy=17.1µs time.idle=13.5µs
2026-05-30T13:18:36.917044Z  INFO handle_request{method="textDocument/documentSymbol" id=332}: new
2026-05-30T13:18:36.917077Z  INFO handle_request{method="textDocument/documentSymbol" id=332}: close time.busy=19.9µs time.idle=13.9µs
2026-05-30T13:18:36.917089Z  INFO handle_request{method="textDocument/documentSymbol" id=333}: new
2026-05-30T13:18:36.917099Z  INFO handle_request{method="textDocument/documentSymbol" id=333}: close time.busy=5.48µs time.idle=4.48µs
2026-05-30T13:18:36.960326Z  INFO handle_notification{method="textDocument/didChange"}: new
2026-05-30T13:18:36.960369Z  INFO handle_notification{method="textDocument/didChange"}: close time.busy=23.3µs time.idle=20.8µs
2026-05-30T13:18:37.011464Z  INFO handle_request{method="textDocument/completion" id=334}: new
2026-05-30T13:18:37.011487Z  INFO handle_request{method="textDocument/completion" id=334}: close time.busy=14.1µs time.idle=9.53µs
2026-05-30T13:18:37.011569Z  INFO pb_proj::upd: new
2026-05-30T13:18:37.011666Z  INFO pb_proj::upd: close time.busy=86.7µs time.idle=10.1µs
2026-05-30T13:18:37.011730Z  INFO send_notification{method="telemetry/event"}: new
2026-05-30T13:18:37.011737Z  INFO send_notification{method="telemetry/event"}: close time.busy=2.02µs time.idle=4.98µs
2026-05-30T13:18:37.161085Z  INFO handle_request{method="textDocument/foldingRange" id=335}: new
2026-05-30T13:18:37.161112Z  INFO handle_request{method="textDocument/foldingRange" id=335}: close time.busy=13.3µs time.idle=14.3µs
2026-05-30T13:18:37.311443Z  INFO handle_request{method="textDocument/documentSymbol" id=336}: new
2026-05-30T13:18:37.311470Z  INFO handle_request{method="textDocument/documentSymbol" id=336}: close time.busy=14.1µs time.idle=14.5µs
2026-05-30T13:18:37.311480Z  INFO handle_request{method="textDocument/documentSymbol" id=337}: new
2026-05-30T13:18:37.311486Z  INFO handle_request{method="textDocument/documentSymbol" id=337}: close time.busy=2.34µs time.idle=3.15µs
2026-05-30T13:18:37.511802Z  INFO GC: vers to remove: [Version(128), Version(129), Version(130), Version(131)]
2026-05-30T13:18:37.511964Z  INFO send_notification{method="textDocument/publishDiagnostics"}: new
2026-05-30T13:18:37.511977Z  INFO send_notification{method="textDocument/publishDiagnostics"}: close time.busy=4.37µs time.idle=9.85µs
2026-05-30T13:18:37.733746Z  INFO handle_notification{method="textDocument/didChange"}: new
2026-05-30T13:18:37.733780Z  INFO handle_notification{method="textDocument/didChange"}: close time.busy=22.0µs time.idle=13.9µs
2026-05-30T13:18:37.785451Z  INFO handle_request{method="textDocument/completion" id=338}: new
2026-05-30T13:18:37.785484Z  INFO handle_request{method="textDocument/completion" id=338}: close time.busy=17.7µs time.idle=15.9µs
2026-05-30T13:18:37.785497Z  INFO pb_proj::upd: new
2026-05-30T13:18:37.785598Z  INFO pb_proj::upd: close time.busy=92.3µs time.idle=9.34µs
2026-05-30T13:18:37.785658Z  INFO send_notification{method="telemetry/event"}: new
2026-05-30T13:18:37.785669Z  INFO send_notification{method="telemetry/event"}: close time.busy=2.89µs time.idle=8.05µs
2026-05-30T13:18:37.934527Z  INFO handle_request{method="textDocument/foldingRange" id=339}: new
2026-05-30T13:18:37.934559Z  INFO handle_request{method="textDocument/foldingRange" id=339}: close time.busy=16.4µs time.idle=16.4µs
2026-05-30T13:18:38.007084Z  INFO handle_notification{method="textDocument/didChange"}: new
2026-05-30T13:18:38.007113Z  INFO handle_notification{method="textDocument/didChange"}: close time.busy=18.0µs time.idle=11.1µs
2026-05-30T13:18:38.058573Z  INFO handle_request{method="textDocument/completion" id=340}: new
2026-05-30T13:18:38.058601Z  INFO handle_request{method="textDocument/completion" id=340}: close time.busy=14.1µs time.idle=14.5µs
2026-05-30T13:18:38.058692Z  INFO pb_proj::upd: new
2026-05-30T13:18:38.058809Z  INFO pb_proj::upd: close time.busy=108µs time.idle=9.75µs
2026-05-30T13:18:38.058901Z  INFO send_notification{method="telemetry/event"}: new
2026-05-30T13:18:38.058921Z  INFO send_notification{method="telemetry/event"}: close time.busy=2.53µs time.idle=17.7µs
2026-05-30T13:18:38.207842Z  INFO handle_request{method="textDocument/foldingRange" id=341}: new
2026-05-30T13:18:38.207882Z  INFO handle_request{method="textDocument/foldingRange" id=341}: close time.busy=23.3µs time.idle=16.7µs
2026-05-30T13:18:38.358014Z  INFO handle_request{method="textDocument/documentSymbol" id=342}: new
2026-05-30T13:18:38.358042Z  INFO handle_request{method="textDocument/documentSymbol" id=342}: close time.busy=14.9µs time.idle=13.7µs
2026-05-30T13:18:38.358054Z  INFO handle_request{method="textDocument/documentSymbol" id=343}: new
2026-05-30T13:18:38.358062Z  INFO handle_request{method="textDocument/documentSymbol" id=343}: close time.busy=3.64µs time.idle=4.29µs
2026-05-30T13:18:38.414474Z  INFO handle_notification{method="textDocument/didChange"}: new
2026-05-30T13:18:38.414506Z  INFO handle_notification{method="textDocument/didChange"}: close time.busy=17.4µs time.idle=15.1µs
2026-05-30T13:18:38.614611Z  INFO pb_proj::upd: new
2026-05-30T13:18:38.614737Z  INFO pb_proj::upd: close time.busy=110µs time.idle=16.5µs
2026-05-30T13:18:38.614757Z  INFO GC: vers to remove: [Version(132), Version(133), Version(134)]
2026-05-30T13:18:38.614896Z  INFO send_notification{method="textDocument/publishDiagnostics"}: new
2026-05-30T13:18:38.614922Z  INFO send_notification{method="textDocument/publishDiagnostics"}: close time.busy=4.56µs time.idle=21.0µs
2026-05-30T13:18:38.615149Z  INFO handle_request{method="textDocument/foldingRange" id=344}: new
2026-05-30T13:18:38.615165Z  INFO handle_request{method="textDocument/foldingRange" id=344}: close time.busy=9.77µs time.idle=7.50µs
2026-05-30T13:18:38.701456Z  INFO handle_notification{method="textDocument/didChange"}: new
2026-05-30T13:18:38.701483Z  INFO handle_notification{method="textDocument/didChange"}: close time.busy=16.1µs time.idle=11.4µs
2026-05-30T13:18:38.820572Z  INFO handle_notification{method="textDocument/didChange"}: new
2026-05-30T13:18:38.820602Z  INFO handle_notification{method="textDocument/didChange"}: close time.busy=18.9µs time.idle=12.1µs
2026-05-30T13:18:39.020704Z  INFO pb_proj::upd: new
2026-05-30T13:18:39.020833Z  INFO pb_proj::upd: close time.busy=108µs time.idle=21.1µs
2026-05-30T13:18:39.020858Z  INFO GC: vers to remove: [Version(135)]
2026-05-30T13:18:39.021047Z  INFO send_notification{method="textDocument/publishDiagnostics"}: new
2026-05-30T13:18:39.021056Z  INFO send_notification{method="textDocument/publishDiagnostics"}: close time.busy=2.87µs time.idle=6.37µs
2026-05-30T13:18:39.021243Z  INFO handle_request{method="textDocument/foldingRange" id=345}: new
2026-05-30T13:18:39.021263Z  INFO handle_request{method="textDocument/foldingRange" id=345}: close time.busy=10.8µs time.idle=9.49µs
2026-05-30T13:18:39.115488Z  INFO handle_notification{method="textDocument/didChange"}: new
2026-05-30T13:18:39.115523Z  INFO handle_notification{method="textDocument/didChange"}: close time.busy=20.8µs time.idle=14.8µs
2026-05-30T13:18:39.315646Z  INFO pb_proj::upd: new
2026-05-30T13:18:39.315839Z  INFO pb_proj::upd: close time.busy=166µs time.idle=28.1µs
2026-05-30T13:18:39.315857Z  INFO GC: vers to remove: [Version(136)]
2026-05-30T13:18:39.315961Z  INFO send_notification{method="textDocument/publishDiagnostics"}: new
2026-05-30T13:18:39.315968Z  INFO send_notification{method="textDocument/publishDiagnostics"}: close time.busy=2.77µs time.idle=4.92µs
2026-05-30T13:18:39.316335Z  INFO handle_request{method="textDocument/foldingRange" id=346}: new
2026-05-30T13:18:39.316351Z  INFO handle_request{method="textDocument/foldingRange" id=346}: close time.busy=9.16µs time.idle=7.36µs
2026-05-30T13:18:39.442635Z  INFO handle_notification{method="textDocument/didChange"}: new
2026-05-30T13:18:39.442668Z  INFO handle_notification{method="textDocument/didChange"}: close time.busy=20.1µs time.idle=14.3µs
2026-05-30T13:18:39.465947Z  INFO handle_request{method="textDocument/documentSymbol" id=347}: new
2026-05-30T13:18:39.465969Z  INFO handle_request{method="textDocument/documentSymbol" id=347}: close time.busy=11.1µs time.idle=11.9µs
2026-05-30T13:18:39.465982Z  INFO pb_proj::upd: new
2026-05-30T13:18:39.466181Z  INFO pb_proj::upd: close time.busy=190µs time.idle=9.52µs
2026-05-30T13:18:39.643449Z  INFO handle_request{method="textDocument/foldingRange" id=348}: new
2026-05-30T13:18:39.643486Z  INFO handle_request{method="textDocument/foldingRange" id=348}: close time.busy=18.3µs time.idle=19.9µs
2026-05-30T13:18:39.793416Z  INFO handle_request{method="textDocument/documentSymbol" id=349}: new
2026-05-30T13:18:39.793442Z  INFO handle_request{method="textDocument/documentSymbol" id=349}: close time.busy=14.1µs time.idle=13.3µs
2026-05-30T13:18:39.793453Z  INFO handle_request{method="textDocument/documentSymbol" id=350}: new
2026-05-30T13:18:39.793460Z  INFO handle_request{method="textDocument/documentSymbol" id=350}: close time.busy=3.65µs time.idle=3.15µs
2026-05-30T13:18:39.909892Z  INFO handle_notification{method="textDocument/didChange"}: new
2026-05-30T13:18:39.909925Z  INFO handle_notification{method="textDocument/didChange"}: close time.busy=20.1µs time.idle=13.2µs
2026-05-30T13:18:40.110041Z  INFO pb_proj::upd: new
2026-05-30T13:18:40.110208Z  INFO pb_proj::upd: close time.busy=142µs time.idle=25.8µs
2026-05-30T13:18:40.110230Z  INFO GC: vers to remove: [Version(137), Version(138)]
2026-05-30T13:18:40.110343Z  INFO send_notification{method="textDocument/publishDiagnostics"}: new
2026-05-30T13:18:40.110352Z  INFO send_notification{method="textDocument/publishDiagnostics"}: close time.busy=3.49µs time.idle=4.99µs
2026-05-30T13:18:40.110752Z  INFO handle_request{method="textDocument/foldingRange" id=351}: new
2026-05-30T13:18:40.110771Z  INFO handle_request{method="textDocument/foldingRange" id=351}: close time.busy=10.8µs time.idle=8.72µs
2026-05-30T13:18:40.261206Z  INFO handle_request{method="textDocument/documentSymbol" id=352}: new
2026-05-30T13:18:40.261232Z  INFO handle_request{method="textDocument/documentSymbol" id=352}: close time.busy=13.6µs time.idle=13.2µs
2026-05-30T13:18:40.261242Z  INFO handle_request{method="textDocument/documentSymbol" id=353}: new
2026-05-30T13:18:40.261248Z  INFO handle_request{method="textDocument/documentSymbol" id=353}: close time.busy=2.91µs time.idle=2.90µs
2026-05-30T13:18:40.737296Z  INFO handle_notification{method="textDocument/didChange"}: new
2026-05-30T13:18:40.737329Z  INFO handle_notification{method="textDocument/didChange"}: close time.busy=20.3µs time.idle=14.4µs
2026-05-30T13:18:40.788994Z  INFO handle_request{method="textDocument/completion" id=354}: new
2026-05-30T13:18:40.789034Z  INFO handle_request{method="textDocument/completion" id=354}: close time.busy=17.6µs time.idle=23.4µs
2026-05-30T13:18:40.789050Z  INFO pb_proj::upd: new
2026-05-30T13:18:40.789214Z  INFO pb_proj::upd: close time.busy=154µs time.idle=10.6µs
2026-05-30T13:18:40.789271Z  INFO send_notification{method="telemetry/event"}: new
2026-05-30T13:18:40.789281Z  INFO send_notification{method="telemetry/event"}: close time.busy=2.20µs time.idle=8.25µs
2026-05-30T13:18:40.897018Z  INFO handle_notification{method="textDocument/didChange"}: new
2026-05-30T13:18:40.897050Z  INFO handle_notification{method="textDocument/didChange"}: close time.busy=20.3µs time.idle=12.3µs
2026-05-30T13:18:40.996522Z  INFO handle_notification{method="textDocument/didChange"}: new
2026-05-30T13:18:40.996557Z  INFO handle_notification{method="textDocument/didChange"}: close time.busy=21.4µs time.idle=14.3µs
2026-05-30T13:18:41.196670Z  INFO pb_proj::upd: new
2026-05-30T13:18:41.197058Z  INFO pb_proj::upd: close time.busy=363µs time.idle=26.0µs
2026-05-30T13:18:41.197076Z  INFO GC: vers to remove: [Version(139), Version(140)]
2026-05-30T13:18:41.197195Z  INFO send_notification{method="textDocument/publishDiagnostics"}: new
2026-05-30T13:18:41.197202Z  INFO send_notification{method="textDocument/publishDiagnostics"}: close time.busy=2.60µs time.idle=4.42µs
2026-05-30T13:18:41.226666Z  INFO handle_request{method="textDocument/foldingRange" id=355}: new
2026-05-30T13:18:41.226693Z  INFO handle_request{method="textDocument/foldingRange" id=355}: close time.busy=13.7µs time.idle=14.1µs
2026-05-30T13:18:41.290181Z  INFO handle_notification{method="textDocument/didChange"}: new
2026-05-30T13:18:41.290214Z  INFO handle_notification{method="textDocument/didChange"}: close time.busy=17.5µs time.idle=16.9µs
2026-05-30T13:18:41.490339Z  INFO pb_proj::upd: new
2026-05-30T13:18:41.490501Z  INFO pb_proj::upd: close time.busy=137µs time.idle=26.0µs
2026-05-30T13:18:41.490519Z  INFO GC: vers to remove: [Version(141)]
2026-05-30T13:18:41.490642Z  INFO send_notification{method="textDocument/publishDiagnostics"}: new
2026-05-30T13:18:41.490649Z  INFO send_notification{method="textDocument/publishDiagnostics"}: close time.busy=2.65µs time.idle=4.15µs
2026-05-30T13:18:41.491101Z  INFO handle_request{method="textDocument/foldingRange" id=356}: new
2026-05-30T13:18:41.491119Z  INFO handle_request{method="textDocument/foldingRange" id=356}: close time.busy=11.0µs time.idle=6.97µs
2026-05-30T13:18:41.497638Z  INFO handle_notification{method="textDocument/didChange"}: new
2026-05-30T13:18:41.497659Z  INFO handle_notification{method="textDocument/didChange"}: close time.busy=13.1µs time.idle=9.11µs
2026-05-30T13:18:41.697767Z  INFO pb_proj::upd: new
2026-05-30T13:18:41.697897Z  INFO pb_proj::upd: close time.busy=105µs time.idle=25.5µs
2026-05-30T13:18:41.697917Z  INFO GC: vers to remove: [Version(142)]
2026-05-30T13:18:41.698034Z  INFO send_notification{method="textDocument/publishDiagnostics"}: new
2026-05-30T13:18:41.698047Z  INFO send_notification{method="textDocument/publishDiagnostics"}: close time.busy=3.23µs time.idle=10.4µs
2026-05-30T13:18:41.698770Z  INFO handle_request{method="textDocument/foldingRange" id=357}: new
2026-05-30T13:18:41.698791Z  INFO handle_request{method="textDocument/foldingRange" id=357}: close time.busy=10.8µs time.idle=9.96µs
2026-05-30T13:18:41.778289Z  INFO handle_notification{method="textDocument/didChange"}: new
2026-05-30T13:18:41.778327Z  INFO handle_notification{method="textDocument/didChange"}: close time.busy=22.4µs time.idle=16.7µs
2026-05-30T13:18:41.978454Z  INFO pb_proj::upd: new
2026-05-30T13:18:41.978590Z  INFO pb_proj::upd: close time.busy=113µs time.idle=23.9µs
2026-05-30T13:18:41.978612Z  INFO GC: vers to remove: [Version(143)]
2026-05-30T13:18:41.978720Z  INFO send_notification{method="textDocument/publishDiagnostics"}: new
2026-05-30T13:18:41.978727Z  INFO send_notification{method="textDocument/publishDiagnostics"}: close time.busy=2.59µs time.idle=4.88µs
2026-05-30T13:18:41.979417Z  INFO handle_request{method="textDocument/foldingRange" id=358}: new
2026-05-30T13:18:41.979438Z  INFO handle_request{method="textDocument/foldingRange" id=358}: close time.busy=12.1µs time.idle=9.54µs
2026-05-30T13:18:41.997310Z  INFO handle_notification{method="textDocument/didChange"}: new
2026-05-30T13:18:41.997336Z  INFO handle_notification{method="textDocument/didChange"}: close time.busy=14.7µs time.idle=11.5µs
2026-05-30T13:18:42.197427Z  INFO pb_proj::upd: new
2026-05-30T13:18:42.197824Z  INFO pb_proj::upd: close time.busy=380µs time.idle=17.0µs
2026-05-30T13:18:42.197844Z  INFO GC: vers to remove: [Version(144)]
2026-05-30T13:18:42.197983Z  INFO send_notification{method="textDocument/publishDiagnostics"}: new
2026-05-30T13:18:42.197992Z  INFO send_notification{method="textDocument/publishDiagnostics"}: close time.busy=3.60µs time.idle=5.23µs
2026-05-30T13:18:42.198267Z  INFO handle_request{method="textDocument/foldingRange" id=359}: new
2026-05-30T13:18:42.198283Z  INFO handle_request{method="textDocument/foldingRange" id=359}: close time.busy=9.77µs time.idle=6.77µs
2026-05-30T13:18:42.348283Z  INFO handle_request{method="textDocument/documentSymbol" id=360}: new
2026-05-30T13:18:42.348311Z  INFO handle_request{method="textDocument/documentSymbol" id=360}: close time.busy=14.6µs time.idle=14.8µs
2026-05-30T13:18:42.348321Z  INFO handle_request{method="textDocument/documentSymbol" id=361}: new
2026-05-30T13:18:42.348327Z  INFO handle_request{method="textDocument/documentSymbol" id=361}: close time.busy=2.74µs time.idle=3.01µs
2026-05-30T13:18:42.711032Z  INFO handle_notification{method="textDocument/didChange"}: new
2026-05-30T13:18:42.711065Z  INFO handle_notification{method="textDocument/didChange"}: close time.busy=19.8µs time.idle=13.5µs
2026-05-30T13:18:42.762291Z  INFO handle_request{method="textDocument/completion" id=362}: new
2026-05-30T13:18:42.762314Z  INFO handle_request{method="textDocument/completion" id=362}: close time.busy=14.5µs time.idle=9.16µs
2026-05-30T13:18:42.762336Z  INFO pb_proj::upd: new
2026-05-30T13:18:42.762440Z  INFO pb_proj::upd: close time.busy=95.1µs time.idle=8.71µs
2026-05-30T13:18:42.762492Z  INFO send_notification{method="telemetry/event"}: new
2026-05-30T13:18:42.762501Z  INFO send_notification{method="telemetry/event"}: close time.busy=1.89µs time.idle=7.17µs
2026-05-30T13:18:42.825517Z  INFO handle_notification{method="textDocument/didChange"}: new
2026-05-30T13:18:42.825549Z  INFO handle_notification{method="textDocument/didChange"}: close time.busy=20.6µs time.idle=12.0µs
2026-05-30T13:18:42.965401Z  INFO handle_notification{method="textDocument/didChange"}: new
2026-05-30T13:18:42.965429Z  INFO handle_notification{method="textDocument/didChange"}: close time.busy=17.0µs time.idle=12.5µs
2026-05-30T13:18:43.005279Z  INFO handle_notification{method="textDocument/didChange"}: new
2026-05-30T13:18:43.005302Z  INFO handle_notification{method="textDocument/didChange"}: close time.busy=12.8µs time.idle=10.2µs
2026-05-30T13:18:43.056370Z  INFO handle_request{method="textDocument/completion" id=363}: new
2026-05-30T13:18:43.056394Z  INFO handle_request{method="textDocument/completion" id=363}: close time.busy=14.5µs time.idle=10.7µs
2026-05-30T13:18:43.056407Z  INFO pb_proj::upd: new
2026-05-30T13:18:43.056526Z  INFO pb_proj::upd: close time.busy=110µs time.idle=9.40µs
2026-05-30T13:18:43.056582Z  INFO send_notification{method="telemetry/event"}: new
2026-05-30T13:18:43.056592Z  INFO send_notification{method="telemetry/event"}: close time.busy=2.11µs time.idle=7.99µs
2026-05-30T13:18:43.091449Z  INFO handle_notification{method="textDocument/didChange"}: new
2026-05-30T13:18:43.091468Z  INFO handle_notification{method="textDocument/didChange"}: close time.busy=11.8µs time.idle=7.00µs
2026-05-30T13:18:43.291563Z  INFO pb_proj::upd: new
2026-05-30T13:18:43.291848Z  INFO pb_proj::upd: close time.busy=269µs time.idle=16.6µs
2026-05-30T13:18:43.291868Z  INFO GC: vers to remove: [Version(145), Version(146), Version(147)]
2026-05-30T13:18:43.291970Z  INFO send_notification{method="textDocument/publishDiagnostics"}: new
2026-05-30T13:18:43.291992Z  INFO send_notification{method="textDocument/publishDiagnostics"}: close time.busy=3.05µs time.idle=18.7µs
2026-05-30T13:18:43.292245Z  INFO handle_request{method="textDocument/foldingRange" id=364}: new
2026-05-30T13:18:43.292260Z  INFO handle_request{method="textDocument/foldingRange" id=364}: close time.busy=10.1µs time.idle=5.28µs
2026-05-30T13:18:43.442167Z  INFO handle_request{method="textDocument/documentSymbol" id=365}: new
2026-05-30T13:18:43.442192Z  INFO handle_request{method="textDocument/documentSymbol" id=365}: close time.busy=12.9µs time.idle=12.6µs
2026-05-30T13:18:43.442202Z  INFO handle_request{method="textDocument/documentSymbol" id=366}: new
2026-05-30T13:18:43.442207Z  INFO handle_request{method="textDocument/documentSymbol" id=366}: close time.busy=2.71µs time.idle=2.62µs
2026-05-30T13:18:43.679920Z  INFO handle_notification{method="textDocument/didChange"}: new
2026-05-30T13:18:43.679954Z  INFO handle_notification{method="textDocument/didChange"}: close time.busy=20.7µs time.idle=14.1µs
2026-05-30T13:18:43.739364Z  INFO handle_notification{method="textDocument/didChange"}: new
2026-05-30T13:18:43.739392Z  INFO handle_notification{method="textDocument/didChange"}: close time.busy=15.4µs time.idle=12.5µs
2026-05-30T13:18:43.939499Z  INFO pb_proj::upd: new
2026-05-30T13:18:43.939784Z  INFO pb_proj::upd: close time.busy=269µs time.idle=17.2µs
2026-05-30T13:18:43.939802Z  INFO GC: vers to remove: [Version(148)]
2026-05-30T13:18:43.939937Z  INFO send_notification{method="textDocument/publishDiagnostics"}: new
2026-05-30T13:18:43.939937Z  INFO handle_request{method="textDocument/foldingRange" id=367}: new
2026-05-30T13:18:43.939943Z  INFO send_notification{method="textDocument/publishDiagnostics"}: close time.busy=690ns time.idle=5.87µs
2026-05-30T13:18:43.939961Z  INFO handle_request{method="textDocument/foldingRange" id=367}: close time.busy=11.3µs time.idle=12.8µs
2026-05-30T13:18:44.066464Z  INFO handle_notification{method="textDocument/didChange"}: new
2026-05-30T13:18:44.066495Z  INFO handle_notification{method="textDocument/didChange"}: close time.busy=17.9µs time.idle=12.8µs
2026-05-30T13:18:44.090088Z  INFO handle_request{method="textDocument/documentSymbol" id=368}: new
2026-05-30T13:18:44.090119Z  INFO handle_request{method="textDocument/documentSymbol" id=368}: close time.busy=11.8µs time.idle=19.1µs
2026-05-30T13:18:44.090134Z  INFO pb_proj::upd: new
2026-05-30T13:18:44.090340Z  INFO pb_proj::upd: close time.busy=197µs time.idle=8.99µs
2026-05-30T13:18:44.166372Z  INFO handle_notification{method="textDocument/didChange"}: new
2026-05-30T13:18:44.166402Z  INFO handle_notification{method="textDocument/didChange"}: close time.busy=19.7µs time.idle=9.95µs
2026-05-30T13:18:44.366483Z  INFO pb_proj::upd: new
2026-05-30T13:18:44.366765Z  INFO pb_proj::upd: close time.busy=268µs time.idle=14.6µs
2026-05-30T13:18:44.366783Z  INFO GC: vers to remove: [Version(149), Version(150)]
2026-05-30T13:18:44.366912Z  INFO send_notification{method="textDocument/publishDiagnostics"}: new
2026-05-30T13:18:44.366918Z  INFO send_notification{method="textDocument/publishDiagnostics"}: close time.busy=2.40µs time.idle=4.10µs
2026-05-30T13:18:44.367092Z  INFO handle_request{method="textDocument/foldingRange" id=369}: new
2026-05-30T13:18:44.367109Z  INFO handle_request{method="textDocument/foldingRange" id=369}: close time.busy=10.0µs time.idle=7.46µs
2026-05-30T13:18:44.516997Z  INFO handle_request{method="textDocument/documentSymbol" id=370}: new
2026-05-30T13:18:44.517027Z  INFO handle_request{method="textDocument/documentSymbol" id=370}: close time.busy=15.7µs time.idle=14.9µs
2026-05-30T13:18:44.517037Z  INFO handle_request{method="textDocument/documentSymbol" id=371}: new
2026-05-30T13:18:44.517043Z  INFO handle_request{method="textDocument/documentSymbol" id=371}: close time.busy=2.51µs time.idle=3.07µs
2026-05-30T13:18:46.362706Z  INFO handle_notification{method="textDocument/didChange"}: new
2026-05-30T13:18:46.362739Z  INFO handle_notification{method="textDocument/didChange"}: close time.busy=20.2µs time.idle=14.2µs
2026-05-30T13:18:46.494802Z  INFO handle_notification{method="textDocument/didChange"}: new
2026-05-30T13:18:46.494830Z  INFO handle_notification{method="textDocument/didChange"}: close time.busy=17.2µs time.idle=12.1µs
2026-05-30T13:18:46.694954Z  INFO pb_proj::upd: new
2026-05-30T13:18:46.695137Z  INFO pb_proj::upd: close time.busy=155µs time.idle=28.8µs
2026-05-30T13:18:46.695158Z  INFO GC: vers to remove: [Version(151)]
2026-05-30T13:18:46.695250Z  INFO send_notification{method="textDocument/publishDiagnostics"}: new
2026-05-30T13:18:46.695260Z  INFO send_notification{method="textDocument/publishDiagnostics"}: close time.busy=3.01µs time.idle=6.43µs
2026-05-30T13:18:46.695644Z  INFO handle_request{method="textDocument/foldingRange" id=372}: new
2026-05-30T13:18:46.695664Z  INFO handle_request{method="textDocument/foldingRange" id=372}: close time.busy=11.0µs time.idle=8.94µs
2026-05-30T13:18:46.845851Z  INFO handle_request{method="textDocument/documentSymbol" id=373}: new
2026-05-30T13:18:46.845888Z  INFO handle_request{method="textDocument/documentSymbol" id=373}: close time.busy=25.1µs time.idle=12.2µs
2026-05-30T13:18:46.845899Z  INFO handle_request{method="textDocument/documentSymbol" id=374}: new
2026-05-30T13:18:46.845905Z  INFO handle_request{method="textDocument/documentSymbol" id=374}: close time.busy=3.12µs time.idle=3.19µs
2026-05-30T13:18:51.837127Z  INFO handle_request{method="textDocument/hover" id=375}: new
2026-05-30T13:18:51.837157Z  INFO handle_request{method="textDocument/hover" id=375}: close time.busy=15.5µs time.idle=14.9µs
2026-05-30T13:18:53.368091Z  INFO handle_request{method="textDocument/definition" id=376}: new
2026-05-30T13:18:53.368124Z  INFO handle_request{method="textDocument/definition" id=376}: close time.busy=18.9µs time.idle=15.4µs
2026-05-30T13:18:53.368195Z  INFO send_notification{method="telemetry/event"}: new
2026-05-30T13:18:53.368205Z  INFO send_notification{method="telemetry/event"}: close time.busy=2.52µs time.idle=8.62µs
2026-05-30T13:18:53.518952Z  INFO handle_request{method="textDocument/hover" id=377}: new
2026-05-30T13:18:53.518981Z  INFO handle_request{method="textDocument/hover" id=377}: close time.busy=15.4µs time.idle=14.6µs
2026-05-30T13:18:53.925474Z  INFO handle_request{method="textDocument/definition" id=378}: new
2026-05-30T13:18:53.925503Z  INFO handle_request{method="textDocument/definition" id=378}: close time.busy=15.9µs time.idle=13.6µs
2026-05-30T13:18:53.925584Z  INFO send_notification{method="telemetry/event"}: new
2026-05-30T13:18:53.925593Z  INFO send_notification{method="telemetry/event"}: close time.busy=2.20µs time.idle=7.80µs
2026-05-30T13:18:55.289416Z  INFO handle_notification{method="textDocument/didChange"}: new
2026-05-30T13:18:55.289450Z  INFO handle_notification{method="textDocument/didChange"}: close time.busy=21.5µs time.idle=12.8µs
2026-05-30T13:18:55.489522Z  INFO pb_proj::upd: new
2026-05-30T13:18:55.489718Z  INFO pb_proj::upd: close time.busy=180µs time.idle=17.6µs
2026-05-30T13:18:55.489734Z  INFO GC: vers to remove: [Version(152)]
2026-05-30T13:18:55.489851Z  INFO send_notification{method="textDocument/publishDiagnostics"}: new
2026-05-30T13:18:55.489857Z  INFO send_notification{method="textDocument/publishDiagnostics"}: close time.busy=2.51µs time.idle=3.97µs
2026-05-30T13:18:55.489923Z  INFO handle_request{method="textDocument/foldingRange" id=379}: new
2026-05-30T13:18:55.489941Z  INFO handle_request{method="textDocument/foldingRange" id=379}: close time.busy=10.1µs time.idle=8.56µs
2026-05-30T13:18:55.640142Z  INFO handle_request{method="textDocument/documentSymbol" id=380}: new
2026-05-30T13:18:55.640166Z  INFO handle_request{method="textDocument/documentSymbol" id=380}: close time.busy=12.4µs time.idle=12.3µs
2026-05-30T13:18:55.640174Z  INFO handle_request{method="textDocument/documentSymbol" id=381}: new
2026-05-30T13:18:55.640179Z  INFO handle_request{method="textDocument/documentSymbol" id=381}: close time.busy=2.56µs time.idle=2.68µs
2026-05-30T13:19:26.263759Z  INFO handle_request{method="textDocument/foldingRange" id=382}: new
2026-05-30T13:19:26.263784Z  INFO handle_request{method="textDocument/foldingRange" id=382}: close time.busy=13.5µs time.idle=12.2µs
2026-05-30T13:19:26.364222Z  INFO handle_request{method="textDocument/documentSymbol" id=383}: new
2026-05-30T13:19:26.364246Z  INFO handle_request{method="textDocument/documentSymbol" id=383}: close time.busy=11.9µs time.idle=11.9µs
2026-05-30T13:19:28.750996Z  INFO handle_notification{method="textDocument/didChange"}: new
2026-05-30T13:19:28.751025Z  INFO handle_notification{method="textDocument/didChange"}: close time.busy=19.1µs time.idle=11.4µs
2026-05-30T13:19:28.951151Z  INFO pb_proj::upd: new
2026-05-30T13:19:28.951332Z  INFO pb_proj::upd: close time.busy=154µs time.idle=27.7µs
2026-05-30T13:19:28.951356Z  INFO GC: vers to remove: [Version(153)]
2026-05-30T13:19:28.951462Z  INFO send_notification{method="textDocument/publishDiagnostics"}: new
2026-05-30T13:19:28.951471Z  INFO send_notification{method="textDocument/publishDiagnostics"}: close time.busy=3.00µs time.idle=5.96µs
2026-05-30T13:19:28.951822Z  INFO handle_request{method="textDocument/foldingRange" id=384}: new
2026-05-30T13:19:28.951842Z  INFO handle_request{method="textDocument/foldingRange" id=384}: close time.busy=10.8µs time.idle=9.51µs
2026-05-30T13:19:29.017171Z  INFO handle_notification{method="textDocument/didChange"}: new
2026-05-30T13:19:29.017204Z  INFO handle_notification{method="textDocument/didChange"}: close time.busy=20.1µs time.idle=13.6µs
2026-05-30T13:19:29.217303Z  INFO pb_proj::upd: new
2026-05-30T13:19:29.217459Z  INFO pb_proj::upd: close time.busy=137µs time.idle=20.0µs
2026-05-30T13:19:29.217480Z  INFO GC: vers to remove: [Version(154)]
2026-05-30T13:19:29.217605Z  INFO send_notification{method="textDocument/publishDiagnostics"}: new
2026-05-30T13:19:29.217614Z  INFO send_notification{method="textDocument/publishDiagnostics"}: close time.busy=2.95µs time.idle=5.87µs
2026-05-30T13:19:29.217939Z  INFO handle_request{method="textDocument/foldingRange" id=385}: new
2026-05-30T13:19:29.217957Z  INFO handle_request{method="textDocument/foldingRange" id=385}: close time.busy=11.1µs time.idle=7.34µs
2026-05-30T13:19:29.368175Z  INFO handle_request{method="textDocument/documentSymbol" id=386}: new
2026-05-30T13:19:29.368206Z  INFO handle_request{method="textDocument/documentSymbol" id=386}: close time.busy=16.1µs time.idle=15.8µs
2026-05-30T13:19:29.368216Z  INFO handle_request{method="textDocument/documentSymbol" id=387}: new
2026-05-30T13:19:29.368222Z  INFO handle_request{method="textDocument/documentSymbol" id=387}: close time.busy=3.25µs time.idle=2.68µs
2026-05-30T13:19:29.532511Z  INFO handle_notification{method="textDocument/didChange"}: new
2026-05-30T13:19:29.532543Z  INFO handle_notification{method="textDocument/didChange"}: close time.busy=20.8µs time.idle=12.3µs
2026-05-30T13:19:29.732622Z  INFO pb_proj::upd: new
2026-05-30T13:19:29.732801Z  INFO pb_proj::upd: close time.busy=156µs time.idle=23.8µs
2026-05-30T13:19:29.732823Z  INFO GC: vers to remove: [Version(155)]
2026-05-30T13:19:29.732931Z  INFO send_notification{method="textDocument/publishDiagnostics"}: new
2026-05-30T13:19:29.732937Z  INFO send_notification{method="textDocument/publishDiagnostics"}: close time.busy=2.59µs time.idle=3.89µs
2026-05-30T13:19:29.733400Z  INFO handle_request{method="textDocument/foldingRange" id=388}: new
2026-05-30T13:19:29.733421Z  INFO handle_request{method="textDocument/foldingRange" id=388}: close time.busy=11.5µs time.idle=9.42µs
2026-05-30T13:19:29.883489Z  INFO handle_request{method="textDocument/documentSymbol" id=389}: new
2026-05-30T13:19:29.883519Z  INFO handle_request{method="textDocument/documentSymbol" id=389}: close time.busy=16.2µs time.idle=14.9µs
2026-05-30T13:19:29.883528Z  INFO handle_request{method="textDocument/documentSymbol" id=390}: new
2026-05-30T13:19:29.883534Z  INFO handle_request{method="textDocument/documentSymbol" id=390}: close time.busy=3.03µs time.idle=2.83µs
2026-05-30T13:19:30.918708Z  INFO handle_notification{method="textDocument/didChange"}: new
2026-05-30T13:19:30.918746Z  INFO handle_notification{method="textDocument/didChange"}: close time.busy=25.2µs time.idle=13.3µs
2026-05-30T13:19:30.970313Z  INFO handle_request{method="textDocument/completion" id=391}: new
2026-05-30T13:19:30.970352Z  INFO handle_request{method="textDocument/completion" id=391}: close time.busy=20.5µs time.idle=19.5µs
2026-05-30T13:19:30.970365Z  INFO pb_proj::upd: new
2026-05-30T13:19:30.970483Z  INFO pb_proj::upd: close time.busy=109µs time.idle=8.61µs
2026-05-30T13:19:30.970535Z  INFO send_notification{method="telemetry/event"}: new
2026-05-30T13:19:30.970544Z  INFO send_notification{method="telemetry/event"}: close time.busy=2.00µs time.idle=7.48µs
2026-05-30T13:19:30.997501Z  INFO handle_notification{method="textDocument/didChange"}: new
2026-05-30T13:19:30.997522Z  INFO handle_notification{method="textDocument/didChange"}: close time.busy=13.2µs time.idle=8.08µs
2026-05-30T13:19:31.197611Z  INFO pb_proj::upd: new
2026-05-30T13:19:31.197763Z  INFO pb_proj::upd: close time.busy=126µs time.idle=27.4µs
2026-05-30T13:19:31.197786Z  INFO GC: vers to remove: [Version(156), Version(157)]
2026-05-30T13:19:31.197916Z  INFO send_notification{method="textDocument/publishDiagnostics"}: new
2026-05-30T13:19:31.197924Z  INFO send_notification{method="textDocument/publishDiagnostics"}: close time.busy=3.33µs time.idle=4.49µs
2026-05-30T13:19:31.198362Z  INFO handle_request{method="textDocument/foldingRange" id=392}: new
2026-05-30T13:19:31.198377Z  INFO handle_request{method="textDocument/foldingRange" id=392}: close time.busy=10.1µs time.idle=4.92µs
2026-05-30T13:19:31.217550Z  INFO handle_notification{method="textDocument/didChange"}: new
2026-05-30T13:19:31.217571Z  INFO handle_notification{method="textDocument/didChange"}: close time.busy=10.9µs time.idle=9.75µs
2026-05-30T13:19:31.353136Z  INFO handle_notification{method="textDocument/didChange"}: new
2026-05-30T13:19:31.353166Z  INFO handle_notification{method="textDocument/didChange"}: close time.busy=17.5µs time.idle=12.7µs
2026-05-30T13:19:31.519516Z  INFO handle_notification{method="textDocument/didChange"}: new
2026-05-30T13:19:31.519547Z  INFO handle_notification{method="textDocument/didChange"}: close time.busy=18.0µs time.idle=13.9µs
2026-05-30T13:19:31.666511Z  INFO handle_notification{method="textDocument/didChange"}: new
2026-05-30T13:19:31.666552Z  INFO handle_notification{method="textDocument/didChange"}: close time.busy=23.7µs time.idle=18.4µs
2026-05-30T13:19:31.753512Z  INFO handle_notification{method="textDocument/didChange"}: new
2026-05-30T13:19:31.753543Z  INFO handle_notification{method="textDocument/didChange"}: close time.busy=17.3µs time.idle=14.4µs
2026-05-30T13:19:31.818476Z  INFO handle_notification{method="textDocument/didChange"}: new
2026-05-30T13:19:31.818505Z  INFO handle_notification{method="textDocument/didChange"}: close time.busy=17.1µs time.idle=12.8µs
2026-05-30T13:19:32.018598Z  INFO pb_proj::upd: new
2026-05-30T13:19:32.018792Z  INFO pb_proj::upd: close time.busy=167µs time.idle=28.0µs
2026-05-30T13:19:32.018813Z  INFO GC: vers to remove: [Version(158)]
2026-05-30T13:19:32.018916Z  INFO send_notification{method="textDocument/publishDiagnostics"}: new
2026-05-30T13:19:32.018922Z  INFO send_notification{method="textDocument/publishDiagnostics"}: close time.busy=2.93µs time.idle=3.71µs
2026-05-30T13:19:32.019278Z  INFO handle_request{method="textDocument/foldingRange" id=393}: new
2026-05-30T13:19:32.019296Z  INFO handle_request{method="textDocument/foldingRange" id=393}: close time.busy=9.65µs time.idle=8.21µs
2026-05-30T13:19:32.169785Z  INFO handle_request{method="textDocument/documentSymbol" id=394}: new
2026-05-30T13:19:32.169813Z  INFO handle_request{method="textDocument/documentSymbol" id=394}: close time.busy=14.5µs time.idle=14.5µs
2026-05-30T13:19:32.169823Z  INFO handle_request{method="textDocument/documentSymbol" id=395}: new
2026-05-30T13:19:32.169829Z  INFO handle_request{method="textDocument/documentSymbol" id=395}: close time.busy=2.50µs time.idle=3.22µs
2026-05-30T13:19:32.660656Z  INFO handle_notification{method="textDocument/didChange"}: new
2026-05-30T13:19:32.660689Z  INFO handle_notification{method="textDocument/didChange"}: close time.busy=20.3µs time.idle=12.9µs
2026-05-30T13:19:32.860779Z  INFO pb_proj::upd: new
2026-05-30T13:19:32.860930Z  INFO pb_proj::upd: close time.busy=124µs time.idle=28.1µs
2026-05-30T13:19:32.860951Z  INFO GC: vers to remove: [Version(159)]
2026-05-30T13:19:32.861045Z  INFO send_notification{method="textDocument/publishDiagnostics"}: new
2026-05-30T13:19:32.861052Z  INFO send_notification{method="textDocument/publishDiagnostics"}: close time.busy=2.94µs time.idle=4.21µs
2026-05-30T13:19:32.861438Z  INFO handle_request{method="textDocument/foldingRange" id=396}: new
2026-05-30T13:19:32.861457Z  INFO handle_request{method="textDocument/foldingRange" id=396}: close time.busy=11.2µs time.idle=7.75µs
2026-05-30T13:19:33.011592Z  INFO handle_request{method="textDocument/documentSymbol" id=397}: new
2026-05-30T13:19:33.011619Z  INFO handle_request{method="textDocument/documentSymbol" id=397}: close time.busy=13.8µs time.idle=13.1µs
2026-05-30T13:19:33.011629Z  INFO handle_request{method="textDocument/documentSymbol" id=398}: new
2026-05-30T13:19:33.011634Z  INFO handle_request{method="textDocument/documentSymbol" id=398}: close time.busy=2.28µs time.idle=3.00µs
2026-05-30T13:19:34.476164Z  INFO handle_notification{method="textDocument/didChange"}: new
2026-05-30T13:19:34.476199Z  INFO handle_notification{method="textDocument/didChange"}: close time.busy=20.3µs time.idle=15.5µs
2026-05-30T13:19:34.527427Z  INFO handle_request{method="textDocument/completion" id=399}: new
2026-05-30T13:19:34.527451Z  INFO handle_request{method="textDocument/completion" id=399}: close time.busy=14.8µs time.idle=9.25µs
2026-05-30T13:19:34.527463Z  INFO pb_proj::upd: new
2026-05-30T13:19:34.527578Z  INFO pb_proj::upd: close time.busy=108µs time.idle=7.77µs
2026-05-30T13:19:34.527638Z  INFO send_notification{method="telemetry/event"}: new
2026-05-30T13:19:34.527648Z  INFO send_notification{method="telemetry/event"}: close time.busy=2.08µs time.idle=8.53µs
2026-05-30T13:19:34.609135Z  INFO handle_notification{method="textDocument/didChange"}: new
2026-05-30T13:19:34.609164Z  INFO handle_notification{method="textDocument/didChange"}: close time.busy=18.9µs time.idle=10.8µs
2026-05-30T13:19:34.716104Z  INFO handle_notification{method="textDocument/didChange"}: new
2026-05-30T13:19:34.716136Z  INFO handle_notification{method="textDocument/didChange"}: close time.busy=18.0µs time.idle=15.3µs
2026-05-30T13:19:34.848726Z  INFO handle_notification{method="textDocument/didChange"}: new
2026-05-30T13:19:34.848757Z  INFO handle_notification{method="textDocument/didChange"}: close time.busy=17.0µs time.idle=14.8µs
2026-05-30T13:19:34.942011Z  INFO handle_notification{method="textDocument/didChange"}: new
2026-05-30T13:19:34.942043Z  INFO handle_notification{method="textDocument/didChange"}: close time.busy=19.3µs time.idle=14.4µs
2026-05-30T13:19:35.142154Z  INFO pb_proj::upd: new
2026-05-30T13:19:35.142314Z  INFO pb_proj::upd: close time.busy=134µs time.idle=25.9µs
2026-05-30T13:19:35.142334Z  INFO GC: vers to remove: [Version(160), Version(161)]
2026-05-30T13:19:35.142441Z  INFO send_notification{method="textDocument/publishDiagnostics"}: new
2026-05-30T13:19:35.142448Z  INFO send_notification{method="textDocument/publishDiagnostics"}: close time.busy=3.16µs time.idle=4.04µs
2026-05-30T13:19:35.142775Z  INFO handle_request{method="textDocument/foldingRange" id=400}: new
2026-05-30T13:19:35.142794Z  INFO handle_request{method="textDocument/foldingRange" id=400}: close time.busy=10.3µs time.idle=8.56µs
2026-05-30T13:19:35.292788Z  INFO handle_request{method="textDocument/documentSymbol" id=401}: new
2026-05-30T13:19:35.292815Z  INFO handle_request{method="textDocument/documentSymbol" id=401}: close time.busy=13.2µs time.idle=15.1µs
2026-05-30T13:19:35.292825Z  INFO handle_request{method="textDocument/documentSymbol" id=402}: new
2026-05-30T13:19:35.292830Z  INFO handle_request{method="textDocument/documentSymbol" id=402}: close time.busy=2.32µs time.idle=2.94µs
2026-05-30T13:19:53.463445Z  INFO handle_request{method="textDocument/foldingRange" id=403}: new
2026-05-30T13:19:53.463470Z  INFO handle_request{method="textDocument/foldingRange" id=403}: close time.busy=13.2µs time.idle=12.2µs
2026-05-30T13:19:53.564464Z  INFO handle_request{method="textDocument/documentSymbol" id=404}: new
2026-05-30T13:19:53.564485Z  INFO handle_request{method="textDocument/documentSymbol" id=404}: close time.busy=11.4µs time.idle=9.87µs
2026-05-30T13:19:57.003510Z  INFO handle_notification{method="textDocument/didChange"}: new
2026-05-30T13:19:57.003550Z  INFO handle_notification{method="textDocument/didChange"}: close time.busy=21.0µs time.idle=20.1µs
2026-05-30T13:19:57.054922Z  INFO handle_request{method="textDocument/completion" id=405}: new
2026-05-30T13:19:57.054960Z  INFO handle_request{method="textDocument/completion" id=405}: close time.busy=18.7µs time.idle=20.3µs
2026-05-30T13:19:57.054990Z  INFO pb_proj::upd: new
2026-05-30T13:19:57.055107Z  INFO pb_proj::upd: close time.busy=107µs time.idle=10.7µs
2026-05-30T13:19:57.055177Z  INFO send_notification{method="telemetry/event"}: new
2026-05-30T13:19:57.055190Z  INFO send_notification{method="telemetry/event"}: close time.busy=2.91µs time.idle=11.0µs
2026-05-30T13:19:57.204231Z  INFO handle_request{method="textDocument/foldingRange" id=406}: new
2026-05-30T13:19:57.204267Z  INFO handle_request{method="textDocument/foldingRange" id=406}: close time.busy=14.5µs time.idle=23.6µs
2026-05-30T13:19:57.354441Z  INFO handle_request{method="textDocument/documentSymbol" id=407}: new
2026-05-30T13:19:57.354467Z  INFO handle_request{method="textDocument/documentSymbol" id=407}: close time.busy=13.1µs time.idle=13.5µs
2026-05-30T13:19:57.354476Z  INFO handle_request{method="textDocument/documentSymbol" id=408}: new
2026-05-30T13:19:57.354482Z  INFO handle_request{method="textDocument/documentSymbol" id=408}: close time.busy=2.85µs time.idle=2.81µs
2026-05-30T13:19:57.450045Z  INFO handle_notification{method="textDocument/didChange"}: new
2026-05-30T13:19:57.450078Z  INFO handle_notification{method="textDocument/didChange"}: close time.busy=20.1µs time.idle=13.4µs
2026-05-30T13:19:57.501986Z  INFO handle_request{method="textDocument/completion" id=409}: new
2026-05-30T13:19:57.502012Z  INFO handle_request{method="textDocument/completion" id=409}: close time.busy=15.1µs time.idle=11.1µs
2026-05-30T13:19:57.502023Z  INFO pb_proj::upd: new
2026-05-30T13:19:57.502149Z  INFO pb_proj::upd: close time.busy=117µs time.idle=9.50µs
2026-05-30T13:19:57.502208Z  INFO send_notification{method="telemetry/event"}: new
2026-05-30T13:19:57.502219Z  INFO send_notification{method="telemetry/event"}: close time.busy=2.31µs time.idle=9.02µs
2026-05-30T13:19:57.651928Z  INFO handle_request{method="textDocument/foldingRange" id=410}: new
2026-05-30T13:19:57.651955Z  INFO handle_request{method="textDocument/foldingRange" id=410}: close time.busy=13.3µs time.idle=14.7µs
2026-05-30T13:19:57.801310Z  INFO handle_request{method="textDocument/documentSymbol" id=411}: new
2026-05-30T13:19:57.801339Z  INFO handle_request{method="textDocument/documentSymbol" id=411}: close time.busy=14.4µs time.idle=15.2µs
2026-05-30T13:19:57.801353Z  INFO handle_request{method="textDocument/documentSymbol" id=412}: new
2026-05-30T13:19:57.801364Z  INFO handle_request{method="textDocument/documentSymbol" id=412}: close time.busy=7.94µs time.idle=3.75µs
2026-05-30T13:19:58.001456Z  INFO GC: vers to remove: [Version(162), Version(163)]
2026-05-30T13:19:58.001575Z  INFO send_notification{method="textDocument/publishDiagnostics"}: new
2026-05-30T13:19:58.001584Z  INFO send_notification{method="textDocument/publishDiagnostics"}: close time.busy=3.18µs time.idle=6.27µs
2026-05-30T13:19:58.551454Z  INFO handle_notification{method="textDocument/didChange"}: new
2026-05-30T13:19:58.551484Z  INFO handle_notification{method="textDocument/didChange"}: close time.busy=17.8µs time.idle=13.4µs
2026-05-30T13:19:58.751597Z  INFO pb_proj::upd: new
2026-05-30T13:19:58.751774Z  INFO pb_proj::upd: close time.busy=151µs time.idle=27.4µs
2026-05-30T13:19:58.751794Z  INFO GC: vers to remove: [Version(164)]
2026-05-30T13:19:58.751952Z  INFO send_notification{method="textDocument/publishDiagnostics"}: new
2026-05-30T13:19:58.751960Z  INFO send_notification{method="textDocument/publishDiagnostics"}: close time.busy=2.77µs time.idle=4.49µs
2026-05-30T13:19:58.752328Z  INFO handle_request{method="textDocument/foldingRange" id=413}: new
2026-05-30T13:19:58.752346Z  INFO handle_request{method="textDocument/foldingRange" id=413}: close time.busy=11.1µs time.idle=7.72µs
2026-05-30T13:19:58.777488Z  INFO handle_notification{method="textDocument/didChange"}: new
2026-05-30T13:19:58.777510Z  INFO handle_notification{method="textDocument/didChange"}: close time.busy=13.2µs time.idle=9.17µs
2026-05-30T13:19:58.829201Z  INFO handle_request{method="textDocument/completion" id=414}: new
2026-05-30T13:19:58.829227Z  INFO handle_request{method="textDocument/completion" id=414}: close time.busy=14.8µs time.idle=11.7µs
2026-05-30T13:19:58.829251Z  INFO pb_proj::upd: new
2026-05-30T13:19:58.829356Z  INFO pb_proj::upd: close time.busy=97.0µs time.idle=8.83µs
2026-05-30T13:19:58.829422Z  INFO send_notification{method="telemetry/event"}: new
2026-05-30T13:19:58.829429Z  INFO send_notification{method="telemetry/event"}: close time.busy=2.30µs time.idle=5.16µs
2026-05-30T13:19:58.978283Z  INFO handle_request{method="textDocument/foldingRange" id=415}: new
2026-05-30T13:19:58.978310Z  INFO handle_request{method="textDocument/foldingRange" id=415}: close time.busy=13.8µs time.idle=13.5µs
2026-05-30T13:19:59.011536Z  INFO handle_notification{method="textDocument/didChange"}: new
2026-05-30T13:19:59.011561Z  INFO handle_notification{method="textDocument/didChange"}: close time.busy=15.4µs time.idle=9.61µs
2026-05-30T13:19:59.063637Z  INFO handle_request{method="textDocument/completion" id=416}: new
2026-05-30T13:19:59.063663Z  INFO handle_request{method="textDocument/completion" id=416}: close time.busy=14.6µs time.idle=11.0µs
2026-05-30T13:19:59.063690Z  INFO pb_proj::upd: new
2026-05-30T13:19:59.063841Z  INFO pb_proj::upd: close time.busy=142µs time.idle=9.45µs
2026-05-30T13:19:59.063900Z  INFO send_notification{method="telemetry/event"}: new
2026-05-30T13:19:59.063908Z  INFO send_notification{method="telemetry/event"}: close time.busy=2.55µs time.idle=6.08µs
2026-05-30T13:19:59.213243Z  INFO handle_request{method="textDocument/foldingRange" id=417}: new
2026-05-30T13:19:59.213273Z  INFO handle_request{method="textDocument/foldingRange" id=417}: close time.busy=15.9µs time.idle=15.2µs
2026-05-30T13:19:59.362711Z  INFO handle_request{method="textDocument/documentSymbol" id=418}: new
2026-05-30T13:19:59.362737Z  INFO handle_request{method="textDocument/documentSymbol" id=418}: close time.busy=13.1µs time.idle=13.4µs
2026-05-30T13:19:59.362746Z  INFO handle_request{method="textDocument/documentSymbol" id=419}: new
2026-05-30T13:19:59.362751Z  INFO handle_request{method="textDocument/documentSymbol" id=419}: close time.busy=2.57µs time.idle=2.99µs
2026-05-30T13:19:59.364513Z  INFO handle_notification{method="textDocument/didChange"}: new
2026-05-30T13:19:59.364533Z  INFO handle_notification{method="textDocument/didChange"}: close time.busy=12.9µs time.idle=7.55µs
2026-05-30T13:19:59.416119Z  INFO handle_request{method="textDocument/completion" id=420}: new
2026-05-30T13:19:59.416147Z  INFO handle_request{method="textDocument/completion" id=420}: close time.busy=15.4µs time.idle=13.3µs
2026-05-30T13:19:59.416174Z  INFO pb_proj::upd: new
2026-05-30T13:19:59.416359Z  INFO pb_proj::upd: close time.busy=176µs time.idle=9.39µs
2026-05-30T13:19:59.416429Z  INFO send_notification{method="telemetry/event"}: new
2026-05-30T13:19:59.416444Z  INFO send_notification{method="telemetry/event"}: close time.busy=2.25µs time.idle=14.5µs
2026-05-30T13:19:59.565552Z  INFO handle_request{method="textDocument/foldingRange" id=421}: new
2026-05-30T13:19:59.565580Z  INFO handle_request{method="textDocument/foldingRange" id=421}: close time.busy=13.4µs time.idle=15.5µs
2026-05-30T13:19:59.715579Z  INFO handle_request{method="textDocument/documentSymbol" id=422}: new
2026-05-30T13:19:59.715604Z  INFO handle_request{method="textDocument/documentSymbol" id=422}: close time.busy=13.1µs time.idle=13.2µs
2026-05-30T13:19:59.715613Z  INFO handle_request{method="textDocument/documentSymbol" id=423}: new
2026-05-30T13:19:59.715618Z  INFO handle_request{method="textDocument/documentSymbol" id=423}: close time.busy=2.82µs time.idle=2.57µs
2026-05-30T13:19:59.912147Z  INFO handle_notification{method="textDocument/didChange"}: new
2026-05-30T13:19:59.912184Z  INFO handle_notification{method="textDocument/didChange"}: close time.busy=21.9µs time.idle=15.6µs
2026-05-30T13:19:59.963242Z  INFO handle_request{method="textDocument/completion" id=424}: new
2026-05-30T13:19:59.963263Z  INFO handle_request{method="textDocument/completion" id=424}: close time.busy=12.1µs time.idle=9.65µs
2026-05-30T13:19:59.963275Z  INFO pb_proj::upd: new
2026-05-30T13:19:59.963539Z  INFO pb_proj::upd: close time.busy=255µs time.idle=8.91µs
2026-05-30T13:19:59.963601Z  INFO send_notification{method="telemetry/event"}: new
2026-05-30T13:19:59.963613Z  INFO send_notification{method="telemetry/event"}: close time.busy=2.15µs time.idle=10.5µs
2026-05-30T13:19:59.992419Z  INFO handle_notification{method="textDocument/didChange"}: new
2026-05-30T13:19:59.992441Z  INFO handle_notification{method="textDocument/didChange"}: close time.busy=13.1µs time.idle=8.80µs
2026-05-30T13:20:00.043439Z  INFO handle_request{method="textDocument/completion" id=425}: new
2026-05-30T13:20:00.043468Z  INFO handle_request{method="textDocument/completion" id=425}: close time.busy=16.9µs time.idle=12.3µs
2026-05-30T13:20:00.043642Z  INFO pb_proj::upd: new
2026-05-30T13:20:00.043792Z  INFO pb_proj::upd: close time.busy=141µs time.idle=9.36µs
2026-05-30T13:20:00.043851Z  INFO send_notification{method="telemetry/event"}: new
2026-05-30T13:20:00.043861Z  INFO send_notification{method="telemetry/event"}: close time.busy=2.27µs time.idle=8.93µs
2026-05-30T13:20:00.193150Z  INFO handle_request{method="textDocument/foldingRange" id=426}: new
2026-05-30T13:20:00.193176Z  INFO handle_request{method="textDocument/foldingRange" id=426}: close time.busy=11.9µs time.idle=14.6µs
2026-05-30T13:20:00.320259Z  INFO handle_notification{method="textDocument/didChange"}: new
2026-05-30T13:20:00.320299Z  INFO handle_notification{method="textDocument/didChange"}: close time.busy=24.5µs time.idle=15.6µs
2026-05-30T13:20:00.343335Z  INFO handle_request{method="textDocument/documentSymbol" id=427}: new
2026-05-30T13:20:00.343357Z  INFO handle_request{method="textDocument/documentSymbol" id=427}: close time.busy=11.0µs time.idle=12.0µs
2026-05-30T13:20:00.343382Z  INFO pb_proj::upd: new
2026-05-30T13:20:00.343727Z  INFO pb_proj::upd: close time.busy=336µs time.idle=9.12µs
2026-05-30T13:20:00.520829Z  INFO handle_request{method="textDocument/foldingRange" id=428}: new
2026-05-30T13:20:00.520857Z  INFO handle_request{method="textDocument/foldingRange" id=428}: close time.busy=13.5µs time.idle=15.2µs
2026-05-30T13:20:00.671121Z  INFO handle_request{method="textDocument/documentSymbol" id=429}: new
2026-05-30T13:20:00.671148Z  INFO handle_request{method="textDocument/documentSymbol" id=429}: close time.busy=14.4µs time.idle=13.2µs
2026-05-30T13:20:00.671158Z  INFO handle_request{method="textDocument/documentSymbol" id=430}: new
2026-05-30T13:20:00.671163Z  INFO handle_request{method="textDocument/documentSymbol" id=430}: close time.busy=2.65µs time.idle=2.91µs
2026-05-30T13:20:00.712992Z  INFO handle_notification{method="textDocument/didChange"}: new
2026-05-30T13:20:00.713023Z  INFO handle_notification{method="textDocument/didChange"}: close time.busy=19.4µs time.idle=13.0µs
2026-05-30T13:20:00.772375Z  INFO handle_notification{method="textDocument/didChange"}: new
2026-05-30T13:20:00.772401Z  INFO handle_notification{method="textDocument/didChange"}: close time.busy=13.8µs time.idle=12.5µs
2026-05-30T13:20:00.972526Z  INFO pb_proj::upd: new
2026-05-30T13:20:00.972755Z  INFO pb_proj::upd: close time.busy=205µs time.idle=23.9µs
2026-05-30T13:20:00.972777Z  INFO GC: vers to remove: [Version(165), Version(166), Version(167), Version(168), Version(169), Version(170), Version(171)]
2026-05-30T13:20:00.972906Z  INFO send_notification{method="textDocument/publishDiagnostics"}: new
2026-05-30T13:20:00.972915Z  INFO send_notification{method="textDocument/publishDiagnostics"}: close time.busy=3.21µs time.idle=6.01µs
2026-05-30T13:20:00.973212Z  INFO handle_request{method="textDocument/foldingRange" id=431}: new
2026-05-30T13:20:00.973232Z  INFO handle_request{method="textDocument/foldingRange" id=431}: close time.busy=11.0µs time.idle=9.30µs
2026-05-30T13:20:00.993301Z  INFO handle_notification{method="textDocument/didChange"}: new
2026-05-30T13:20:00.993333Z  INFO handle_notification{method="textDocument/didChange"}: close time.busy=19.4µs time.idle=12.7µs
2026-05-30T13:20:01.100465Z  INFO handle_notification{method="textDocument/didChange"}: new
2026-05-30T13:20:01.100495Z  INFO handle_notification{method="textDocument/didChange"}: close time.busy=17.7µs time.idle=13.2µs
2026-05-30T13:20:01.300578Z  INFO pb_proj::upd: new
2026-05-30T13:20:01.300790Z  INFO pb_proj::upd: close time.busy=189µs time.idle=24.7µs
2026-05-30T13:20:01.300812Z  INFO GC: vers to remove: [Version(172)]
2026-05-30T13:20:01.300930Z  INFO send_notification{method="textDocument/publishDiagnostics"}: new
2026-05-30T13:20:01.300939Z  INFO send_notification{method="textDocument/publishDiagnostics"}: close time.busy=3.53µs time.idle=6.21µs
2026-05-30T13:20:01.301238Z  INFO handle_request{method="textDocument/foldingRange" id=432}: new
2026-05-30T13:20:01.301257Z  INFO handle_request{method="textDocument/foldingRange" id=432}: close time.busy=11.8µs time.idle=7.23µs
2026-05-30T13:20:01.451499Z  INFO handle_request{method="textDocument/documentSymbol" id=433}: new
2026-05-30T13:20:01.451527Z  INFO handle_request{method="textDocument/documentSymbol" id=433}: close time.busy=14.7µs time.idle=14.0µs
2026-05-30T13:20:01.451537Z  INFO handle_request{method="textDocument/documentSymbol" id=434}: new
2026-05-30T13:20:01.451541Z  INFO handle_request{method="textDocument/documentSymbol" id=434}: close time.busy=2.27µs time.idle=2.59µs
2026-05-30T13:20:02.327896Z  INFO handle_notification{method="textDocument/didSave"}: new
2026-05-30T13:20:02.327919Z  INFO handle_notification{method="textDocument/didSave"}: close time.busy=8.87µs time.idle=14.7µs
2026-05-30T13:20:02.619326Z  INFO handle_notification{method="workspace/didChangeWatchedFiles"}: new
2026-05-30T13:20:02.619355Z  INFO handle_notification{method="workspace/didChangeWatchedFiles"}: close time.busy=14.7µs time.idle=15.4µs
2026-05-30T13:20:02.619385Z  INFO changes: {
  kind=Changed url=file:///home/maksim/Projects/Go/Project/sso/proto/sso/sso.proto
}
2026-05-30T13:20:02.819765Z  INFO pb_proj::upd: new
2026-05-30T13:20:02.819975Z  INFO pb_proj::upd: close time.busy=186µs time.idle=25.0µs
2026-05-30T13:20:02.820009Z  INFO GC: vers to remove: [Version(173)]
2026-05-30T13:20:02.820108Z  INFO send_notification{method="textDocument/publishDiagnostics"}: new
2026-05-30T13:20:02.820115Z  INFO send_notification{method="textDocument/publishDiagnostics"}: close time.busy=2.84µs time.idle=4.68µs
2026-05-30T13:20:04.314999Z  INFO handle_request{method="textDocument/hover" id=435}: new
2026-05-30T13:20:04.315031Z  INFO handle_request{method="textDocument/hover" id=435}: close time.busy=16.7µs time.idle=15.4µs
2026-05-30T13:20:09.410069Z  INFO handle_notification{method="textDocument/didChange"}: new
2026-05-30T13:20:09.410110Z  INFO handle_notification{method="textDocument/didChange"}: close time.busy=20.8µs time.idle=21.4µs
2026-05-30T13:20:09.534363Z  INFO handle_notification{method="textDocument/didChange"}: new
2026-05-30T13:20:09.534395Z  INFO handle_notification{method="textDocument/didChange"}: close time.busy=18.6µs time.idle=14.0µs
2026-05-30T13:20:09.734520Z  INFO pb_proj::upd: new
2026-05-30T13:20:09.734708Z  INFO pb_proj::upd: close time.busy=163µs time.idle=25.8µs
2026-05-30T13:20:09.734728Z  INFO GC: vers to remove: [Version(174)]
2026-05-30T13:20:09.734848Z  INFO send_notification{method="textDocument/publishDiagnostics"}: new
2026-05-30T13:20:09.734855Z  INFO send_notification{method="textDocument/publishDiagnostics"}: close time.busy=2.94µs time.idle=4.41µs
2026-05-30T13:20:09.735154Z  INFO handle_request{method="textDocument/foldingRange" id=436}: new
2026-05-30T13:20:09.735174Z  INFO handle_request{method="textDocument/foldingRange" id=436}: close time.busy=11.2µs time.idle=9.16µs
2026-05-30T13:20:09.885457Z  INFO handle_request{method="textDocument/documentSymbol" id=437}: new
2026-05-30T13:20:09.885486Z  INFO handle_request{method="textDocument/documentSymbol" id=437}: close time.busy=14.1µs time.idle=15.9µs
2026-05-30T13:20:09.885495Z  INFO handle_request{method="textDocument/documentSymbol" id=438}: new
2026-05-30T13:20:09.885501Z  INFO handle_request{method="textDocument/documentSymbol" id=438}: close time.busy=3.26µs time.idle=3.08µs
2026-05-30T13:20:10.081858Z  INFO handle_notification{method="textDocument/didChange"}: new
2026-05-30T13:20:10.081926Z  INFO handle_notification{method="textDocument/didChange"}: close time.busy=57.3µs time.idle=11.1µs
2026-05-30T13:20:10.132947Z  INFO handle_request{method="textDocument/completion" id=439}: new
2026-05-30T13:20:10.132972Z  INFO handle_request{method="textDocument/completion" id=439}: close time.busy=14.4µs time.idle=10.6µs
2026-05-30T13:20:10.132985Z  INFO pb_proj::upd: new
2026-05-30T13:20:10.133311Z  INFO pb_proj::upd: close time.busy=318µs time.idle=8.78µs
2026-05-30T13:20:10.133371Z  INFO send_notification{method="telemetry/event"}: new
2026-05-30T13:20:10.133384Z  INFO send_notification{method="telemetry/event"}: close time.busy=2.09µs time.idle=10.9µs
2026-05-30T13:20:10.282621Z  INFO handle_request{method="textDocument/foldingRange" id=440}: new
2026-05-30T13:20:10.282657Z  INFO handle_request{method="textDocument/foldingRange" id=440}: close time.busy=14.2µs time.idle=22.5µs
2026-05-30T13:20:10.288802Z  INFO handle_notification{method="textDocument/didChange"}: new
2026-05-30T13:20:10.288819Z  INFO handle_notification{method="textDocument/didChange"}: close time.busy=10.6µs time.idle=5.95µs
2026-05-30T13:20:10.488926Z  INFO pb_proj::upd: new
2026-05-30T13:20:10.489164Z  INFO pb_proj::upd: close time.busy=217µs time.idle=22.0µs
2026-05-30T13:20:10.489177Z  INFO GC: vers to remove: [Version(175), Version(176)]
2026-05-30T13:20:10.489280Z  INFO send_notification{method="textDocument/publishDiagnostics"}: new
2026-05-30T13:20:10.489289Z  INFO send_notification{method="textDocument/publishDiagnostics"}: close time.busy=3.83µs time.idle=5.15µs
2026-05-30T13:20:10.490035Z  INFO handle_request{method="textDocument/foldingRange" id=441}: new
2026-05-30T13:20:10.490055Z  INFO handle_request{method="textDocument/foldingRange" id=441}: close time.busy=12.0µs time.idle=8.30µs
2026-05-30T13:20:10.639663Z  INFO handle_request{method="textDocument/documentSymbol" id=442}: new
2026-05-30T13:20:10.639692Z  INFO handle_request{method="textDocument/documentSymbol" id=442}: close time.busy=14.3µs time.idle=15.2µs
2026-05-30T13:20:10.639846Z  INFO handle_request{method="textDocument/documentSymbol" id=443}: new
2026-05-30T13:20:10.639854Z  INFO handle_request{method="textDocument/documentSymbol" id=443}: close time.busy=4.67µs time.idle=3.92µs
2026-05-30T13:20:10.814935Z  INFO handle_notification{method="textDocument/didChange"}: new
2026-05-30T13:20:10.814963Z  INFO handle_notification{method="textDocument/didChange"}: close time.busy=17.1µs time.idle=11.3µs
2026-05-30T13:20:10.970596Z  INFO handle_notification{method="textDocument/didChange"}: new
2026-05-30T13:20:10.970625Z  INFO handle_notification{method="textDocument/didChange"}: close time.busy=18.9µs time.idle=11.2µs
2026-05-30T13:20:11.169563Z  INFO handle_notification{method="textDocument/didChange"}: new
2026-05-30T13:20:11.169591Z  INFO handle_notification{method="textDocument/didChange"}: close time.busy=17.0µs time.idle=12.6µs
2026-05-30T13:20:11.303736Z  INFO handle_notification{method="textDocument/didChange"}: new
2026-05-30T13:20:11.303763Z  INFO handle_notification{method="textDocument/didChange"}: close time.busy=16.6µs time.idle=10.6µs
2026-05-30T13:20:11.423518Z  INFO handle_notification{method="textDocument/didChange"}: new
2026-05-30T13:20:11.423547Z  INFO handle_notification{method="textDocument/didChange"}: close time.busy=17.0µs time.idle=12.0µs
2026-05-30T13:20:11.523595Z  INFO handle_notification{method="textDocument/didChange"}: new
2026-05-30T13:20:11.523622Z  INFO handle_notification{method="textDocument/didChange"}: close time.busy=16.5µs time.idle=10.7µs
2026-05-30T13:20:11.723699Z  INFO pb_proj::upd: new
2026-05-30T13:20:11.723922Z  INFO pb_proj::upd: close time.busy=198µs time.idle=25.0µs
2026-05-30T13:20:11.723944Z  INFO GC: vers to remove: [Version(177)]
2026-05-30T13:20:11.724050Z  INFO send_notification{method="textDocument/publishDiagnostics"}: new
2026-05-30T13:20:11.724059Z  INFO send_notification{method="textDocument/publishDiagnostics"}: close time.busy=2.66µs time.idle=6.62µs
2026-05-30T13:20:11.724366Z  INFO handle_request{method="textDocument/foldingRange" id=444}: new
2026-05-30T13:20:11.724384Z  INFO handle_request{method="textDocument/foldingRange" id=444}: close time.busy=10.8µs time.idle=7.38µs
2026-05-30T13:20:11.874290Z  INFO handle_request{method="textDocument/documentSymbol" id=445}: new
2026-05-30T13:20:11.874316Z  INFO handle_request{method="textDocument/documentSymbol" id=445}: close time.busy=13.9µs time.idle=12.1µs
2026-05-30T13:20:11.874326Z  INFO handle_request{method="textDocument/documentSymbol" id=446}: new
2026-05-30T13:20:11.874333Z  INFO handle_request{method="textDocument/documentSymbol" id=446}: close time.busy=4.19µs time.idle=2.88µs
2026-05-30T13:20:12.170426Z  INFO handle_notification{method="textDocument/didChange"}: new
2026-05-30T13:20:12.170454Z  INFO handle_notification{method="textDocument/didChange"}: close time.busy=17.9µs time.idle=11.1µs
2026-05-30T13:20:12.221616Z  INFO handle_request{method="textDocument/completion" id=447}: new
2026-05-30T13:20:12.221641Z  INFO handle_request{method="textDocument/completion" id=447}: close time.busy=15.8µs time.idle=9.99µs
2026-05-30T13:20:12.221747Z  INFO pb_proj::upd: new
2026-05-30T13:20:12.221878Z  INFO pb_proj::upd: close time.busy=124µs time.idle=8.21µs
2026-05-30T13:20:12.221939Z  INFO send_notification{method="telemetry/event"}: new
2026-05-30T13:20:12.221949Z  INFO send_notification{method="telemetry/event"}: close time.busy=2.29µs time.idle=8.28µs
2026-05-30T13:20:12.371234Z  INFO handle_request{method="textDocument/foldingRange" id=448}: new
2026-05-30T13:20:12.371259Z  INFO handle_request{method="textDocument/foldingRange" id=448}: close time.busy=13.7µs time.idle=12.5µs
2026-05-30T13:20:12.484528Z  INFO handle_notification{method="textDocument/didChange"}: new
2026-05-30T13:20:12.484559Z  INFO handle_notification{method="textDocument/didChange"}: close time.busy=19.6µs time.idle=12.4µs
2026-05-30T13:20:12.520983Z  INFO handle_request{method="textDocument/documentSymbol" id=449}: new
2026-05-30T13:20:12.521010Z  INFO handle_request{method="textDocument/documentSymbol" id=449}: close time.busy=15.6µs time.idle=11.5µs
2026-05-30T13:20:12.521033Z  INFO pb_proj::upd: new
2026-05-30T13:20:12.521170Z  INFO pb_proj::upd: close time.busy=129µs time.idle=8.66µs
2026-05-30T13:20:12.536270Z  INFO handle_request{method="textDocument/completion" id=450}: new
2026-05-30T13:20:12.536288Z  INFO handle_request{method="textDocument/completion" id=450}: close time.busy=10.3µs time.idle=7.42µs
2026-05-30T13:20:12.536373Z  INFO send_notification{method="telemetry/event"}: new
2026-05-30T13:20:12.536384Z  INFO send_notification{method="telemetry/event"}: close time.busy=2.45µs time.idle=8.89µs
2026-05-30T13:20:12.616734Z  INFO handle_notification{method="textDocument/didChange"}: new
2026-05-30T13:20:12.616766Z  INFO handle_notification{method="textDocument/didChange"}: close time.busy=19.5µs time.idle=12.6µs
2026-05-30T13:20:12.668227Z  INFO handle_request{method="textDocument/completion" id=451}: new
2026-05-30T13:20:12.668255Z  INFO handle_request{method="textDocument/completion" id=451}: close time.busy=15.1µs time.idle=13.0µs
2026-05-30T13:20:12.668265Z  INFO pb_proj::upd: new
2026-05-30T13:20:12.668449Z  INFO pb_proj::upd: close time.busy=174µs time.idle=9.68µs
2026-05-30T13:20:12.668557Z  INFO send_notification{method="telemetry/event"}: new
2026-05-30T13:20:12.668569Z  INFO send_notification{method="telemetry/event"}: close time.busy=2.19µs time.idle=10.8µs
2026-05-30T13:20:12.783634Z  INFO handle_notification{method="textDocument/didChange"}: new
2026-05-30T13:20:12.783663Z  INFO handle_notification{method="textDocument/didChange"}: close time.busy=17.3µs time.idle=11.4µs
2026-05-30T13:20:12.835126Z  INFO handle_request{method="textDocument/completion" id=452}: new
2026-05-30T13:20:12.835149Z  INFO handle_request{method="textDocument/completion" id=452}: close time.busy=13.0µs time.idle=10.0µs
2026-05-30T13:20:12.835157Z  INFO pb_proj::upd: new
2026-05-30T13:20:12.835386Z  INFO pb_proj::upd: close time.busy=220µs time.idle=8.54µs
2026-05-30T13:20:12.835446Z  INFO send_notification{method="telemetry/event"}: new
2026-05-30T13:20:12.835458Z  INFO send_notification{method="telemetry/event"}: close time.busy=3.52µs time.idle=8.52µs
2026-05-30T13:20:12.985249Z  INFO handle_request{method="textDocument/foldingRange" id=453}: new
2026-05-30T13:20:12.985278Z  INFO handle_request{method="textDocument/foldingRange" id=453}: close time.busy=15.4µs time.idle=14.5µs
2026-05-30T13:20:13.134838Z  INFO handle_request{method="textDocument/documentSymbol" id=454}: new
2026-05-30T13:20:13.134864Z  INFO handle_request{method="textDocument/documentSymbol" id=454}: close time.busy=14.2µs time.idle=12.6µs
2026-05-30T13:20:13.134883Z  INFO handle_request{method="textDocument/documentSymbol" id=455}: new
2026-05-30T13:20:13.134921Z  INFO handle_request{method="textDocument/documentSymbol" id=455}: close time.busy=2.50µs time.idle=2.74µs
2026-05-30T13:20:13.334985Z  INFO GC: vers to remove: [Version(178), Version(179), Version(180), Version(181)]
2026-05-30T13:20:13.335092Z  INFO send_notification{method="textDocument/publishDiagnostics"}: new
2026-05-30T13:20:13.335101Z  INFO send_notification{method="textDocument/publishDiagnostics"}: close time.busy=3.28µs time.idle=6.12µs
2026-05-30T13:20:13.412451Z  INFO handle_notification{method="textDocument/didChange"}: new
2026-05-30T13:20:13.412485Z  INFO handle_notification{method="textDocument/didChange"}: close time.busy=21.0µs time.idle=13.4µs
2026-05-30T13:20:13.464053Z  INFO handle_request{method="textDocument/completion" id=456}: new
2026-05-30T13:20:13.464082Z  INFO handle_request{method="textDocument/completion" id=456}: close time.busy=16.1µs time.idle=13.1µs
2026-05-30T13:20:13.464097Z  INFO pb_proj::upd: new
2026-05-30T13:20:13.464259Z  INFO pb_proj::upd: close time.busy=156µs time.idle=6.83µs
2026-05-30T13:20:13.464321Z  INFO send_notification{method="telemetry/event"}: new
2026-05-30T13:20:13.464332Z  INFO send_notification{method="telemetry/event"}: close time.busy=2.40µs time.idle=8.62µs
2026-05-30T13:20:13.524391Z  INFO handle_notification{method="textDocument/didChange"}: new
2026-05-30T13:20:13.524416Z  INFO handle_notification{method="textDocument/didChange"}: close time.busy=15.8µs time.idle=9.49µs
2026-05-30T13:20:13.575978Z  INFO handle_request{method="textDocument/completion" id=457}: new
2026-05-30T13:20:13.576013Z  INFO handle_request{method="textDocument/completion" id=457}: close time.busy=20.4µs time.idle=16.1µs
2026-05-30T13:20:13.576023Z  INFO pb_proj::upd: new
2026-05-30T13:20:13.576182Z  INFO pb_proj::upd: close time.busy=151µs time.idle=8.37µs
2026-05-30T13:20:13.576244Z  INFO send_notification{method="telemetry/event"}: new
2026-05-30T13:20:13.576255Z  INFO send_notification{method="telemetry/event"}: close time.busy=2.22µs time.idle=9.17µs
2026-05-30T13:20:13.725658Z  INFO handle_request{method="textDocument/foldingRange" id=458}: new
2026-05-30T13:20:13.725696Z  INFO handle_request{method="textDocument/foldingRange" id=458}: close time.busy=14.1µs time.idle=24.6µs
2026-05-30T13:20:13.875751Z  INFO handle_request{method="textDocument/documentSymbol" id=459}: new
2026-05-30T13:20:13.875778Z  INFO handle_request{method="textDocument/documentSymbol" id=459}: close time.busy=14.5µs time.idle=12.9µs
2026-05-30T13:20:13.875787Z  INFO handle_request{method="textDocument/documentSymbol" id=460}: new
2026-05-30T13:20:13.875794Z  INFO handle_request{method="textDocument/documentSymbol" id=460}: close time.busy=3.16µs time.idle=3.50µs
2026-05-30T13:20:14.075903Z  INFO GC: vers to remove: [Version(182), Version(183)]
2026-05-30T13:20:14.076025Z  INFO send_notification{method="textDocument/publishDiagnostics"}: new
2026-05-30T13:20:14.076034Z  INFO send_notification{method="textDocument/publishDiagnostics"}: close time.busy=3.16µs time.idle=6.48µs
2026-05-30T13:20:14.699073Z  INFO handle_notification{method="textDocument/didChange"}: new
2026-05-30T13:20:14.699116Z  INFO handle_notification{method="textDocument/didChange"}: close time.busy=27.6µs time.idle=15.8µs
2026-05-30T13:20:14.750490Z  INFO handle_request{method="textDocument/completion" id=461}: new
2026-05-30T13:20:14.750517Z  INFO handle_request{method="textDocument/completion" id=461}: close time.busy=14.8µs time.idle=12.7µs
2026-05-30T13:20:14.750541Z  INFO pb_proj::upd: new
2026-05-30T13:20:14.750660Z  INFO pb_proj::upd: close time.busy=111µs time.idle=8.47µs
2026-05-30T13:20:14.750720Z  INFO send_notification{method="telemetry/event"}: new
2026-05-30T13:20:14.750728Z  INFO send_notification{method="telemetry/event"}: close time.busy=2.16µs time.idle=6.84µs
2026-05-30T13:20:14.900227Z  INFO handle_request{method="textDocument/foldingRange" id=462}: new
2026-05-30T13:20:14.900259Z  INFO handle_request{method="textDocument/foldingRange" id=462}: close time.busy=17.0µs time.idle=16.4µs
2026-05-30T13:20:15.020297Z  INFO handle_notification{method="textDocument/didChange"}: new
2026-05-30T13:20:15.020332Z  INFO handle_notification{method="textDocument/didChange"}: close time.busy=22.7µs time.idle=14.2µs
2026-05-30T13:20:15.049369Z  INFO handle_request{method="textDocument/documentSymbol" id=463}: new
2026-05-30T13:20:15.049390Z  INFO handle_request{method="textDocument/documentSymbol" id=463}: close time.busy=10.3µs time.idle=11.2µs
2026-05-30T13:20:15.049400Z  INFO pb_proj::upd: new
2026-05-30T13:20:15.049497Z  INFO pb_proj::upd: close time.busy=88.5µs time.idle=8.66µs
2026-05-30T13:20:15.071764Z  INFO handle_request{method="textDocument/completion" id=464}: new
2026-05-30T13:20:15.071779Z  INFO handle_request{method="textDocument/completion" id=464}: close time.busy=8.74µs time.idle=6.90µs
2026-05-30T13:20:15.071841Z  INFO send_notification{method="telemetry/event"}: new
2026-05-30T13:20:15.071847Z  INFO send_notification{method="telemetry/event"}: close time.busy=1.80µs time.idle=4.06µs
2026-05-30T13:20:15.153517Z  INFO handle_notification{method="textDocument/didChange"}: new
2026-05-30T13:20:15.153544Z  INFO handle_notification{method="textDocument/didChange"}: close time.busy=16.6µs time.idle=11.5µs
2026-05-30T13:20:15.204805Z  INFO handle_request{method="textDocument/completion" id=465}: new
2026-05-30T13:20:15.204828Z  INFO handle_request{method="textDocument/completion" id=465}: close time.busy=12.3µs time.idle=11.9µs
2026-05-30T13:20:15.204926Z  INFO pb_proj::upd: new
2026-05-30T13:20:15.205043Z  INFO pb_proj::upd: close time.busy=108µs time.idle=9.35µs
2026-05-30T13:20:15.205097Z  INFO send_notification{method="telemetry/event"}: new
2026-05-30T13:20:15.205106Z  INFO send_notification{method="telemetry/event"}: close time.busy=1.91µs time.idle=7.39µs
2026-05-30T13:20:15.233318Z  INFO handle_notification{method="textDocument/didChange"}: new
2026-05-30T13:20:15.233345Z  INFO handle_notification{method="textDocument/didChange"}: close time.busy=17.1µs time.idle=9.92µs
2026-05-30T13:20:15.284643Z  INFO handle_request{method="textDocument/completion" id=466}: new
2026-05-30T13:20:15.284671Z  INFO handle_request{method="textDocument/completion" id=466}: close time.busy=15.9µs time.idle=12.6µs
2026-05-30T13:20:15.284680Z  INFO pb_proj::upd: new
2026-05-30T13:20:15.284811Z  INFO pb_proj::upd: close time.busy=123µs time.idle=8.62µs
2026-05-30T13:20:15.284878Z  INFO send_notification{method="telemetry/event"}: new
2026-05-30T13:20:15.284901Z  INFO send_notification{method="telemetry/event"}: close time.busy=3.81µs time.idle=19.2µs
2026-05-30T13:20:15.434801Z  INFO handle_request{method="textDocument/foldingRange" id=467}: new
2026-05-30T13:20:15.434836Z  INFO handle_request{method="textDocument/foldingRange" id=467}: close time.busy=21.3µs time.idle=14.3µs
2026-05-30T13:20:15.584457Z  INFO handle_request{method="textDocument/documentSymbol" id=468}: new
2026-05-30T13:20:15.584482Z  INFO handle_request{method="textDocument/documentSymbol" id=468}: close time.busy=13.3µs time.idle=12.7µs
2026-05-30T13:20:15.584492Z  INFO handle_request{method="textDocument/documentSymbol" id=469}: new
2026-05-30T13:20:15.584497Z  INFO handle_request{method="textDocument/documentSymbol" id=469}: close time.busy=2.60µs time.idle=2.78µs
2026-05-30T13:20:15.784581Z  INFO GC: vers to remove: [Version(184), Version(185), Version(186), Version(187)]
2026-05-30T13:20:15.784686Z  INFO send_notification{method="textDocument/publishDiagnostics"}: new
2026-05-30T13:20:15.784697Z  INFO send_notification{method="textDocument/publishDiagnostics"}: close time.busy=4.12µs time.idle=6.57µs
2026-05-30T13:20:15.993943Z  INFO handle_notification{method="textDocument/didChange"}: new
2026-05-30T13:20:15.993989Z  INFO handle_notification{method="textDocument/didChange"}: close time.busy=29.9µs time.idle=17.3µs
2026-05-30T13:20:16.045550Z  INFO handle_request{method="textDocument/completion" id=470}: new
2026-05-30T13:20:16.045576Z  INFO handle_request{method="textDocument/completion" id=470}: close time.busy=16.5µs time.idle=10.9µs
2026-05-30T13:20:16.045587Z  INFO pb_proj::upd: new
2026-05-30T13:20:16.045690Z  INFO pb_proj::upd: close time.busy=94.2µs time.idle=8.48µs
2026-05-30T13:20:16.045748Z  INFO send_notification{method="telemetry/event"}: new
2026-05-30T13:20:16.045761Z  INFO send_notification{method="telemetry/event"}: close time.busy=2.12µs time.idle=11.2µs
2026-05-30T13:20:16.195076Z  INFO handle_request{method="textDocument/foldingRange" id=471}: new
2026-05-30T13:20:16.195104Z  INFO handle_request{method="textDocument/foldingRange" id=471}: close time.busy=14.4µs time.idle=15.1µs
2026-05-30T13:20:16.235380Z  INFO handle_notification{method="textDocument/didChange"}: new
2026-05-30T13:20:16.235420Z  INFO handle_notification{method="textDocument/didChange"}: close time.busy=25.4µs time.idle=16.5µs
2026-05-30T13:20:16.287356Z  INFO handle_request{method="textDocument/completion" id=472}: new
2026-05-30T13:20:16.287385Z  INFO handle_request{method="textDocument/completion" id=472}: close time.busy=17.8µs time.idle=12.0µs
2026-05-30T13:20:16.287411Z  INFO pb_proj::upd: new
2026-05-30T13:20:16.287515Z  INFO pb_proj::upd: close time.busy=94.4µs time.idle=9.21µs
2026-05-30T13:20:16.287576Z  INFO send_notification{method="telemetry/event"}: new
2026-05-30T13:20:16.287586Z  INFO send_notification{method="telemetry/event"}: close time.busy=2.22µs time.idle=8.31µs
2026-05-30T13:20:16.380531Z  INFO handle_notification{method="textDocument/didChange"}: new
2026-05-30T13:20:16.380568Z  INFO handle_notification{method="textDocument/didChange"}: close time.busy=19.3µs time.idle=17.9µs
2026-05-30T13:20:16.431976Z  INFO handle_request{method="textDocument/completion" id=473}: new
2026-05-30T13:20:16.432005Z  INFO handle_request{method="textDocument/completion" id=473}: close time.busy=14.5µs time.idle=15.1µs
2026-05-30T13:20:16.432102Z  INFO pb_proj::upd: new
2026-05-30T13:20:16.432262Z  INFO pb_proj::upd: close time.busy=150µs time.idle=9.50µs
2026-05-30T13:20:16.432323Z  INFO send_notification{method="telemetry/event"}: new
2026-05-30T13:20:16.432331Z  INFO send_notification{method="telemetry/event"}: close time.busy=1.83µs time.idle=5.91µs
2026-05-30T13:20:16.568204Z  INFO handle_notification{method="textDocument/didChange"}: new
2026-05-30T13:20:16.568240Z  INFO handle_notification{method="textDocument/didChange"}: close time.busy=23.2µs time.idle=13.5µs
2026-05-30T13:20:16.619755Z  INFO handle_request{method="textDocument/completion" id=474}: new
2026-05-30T13:20:16.619788Z  INFO handle_request{method="textDocument/completion" id=474}: close time.busy=19.6µs time.idle=14.5µs
2026-05-30T13:20:16.619798Z  INFO pb_proj::upd: new
2026-05-30T13:20:16.619925Z  INFO pb_proj::upd: close time.busy=120µs time.idle=7.41µs
2026-05-30T13:20:16.619985Z  INFO send_notification{method="telemetry/event"}: new
2026-05-30T13:20:16.619996Z  INFO send_notification{method="telemetry/event"}: close time.busy=2.33µs time.idle=8.44µs
2026-05-30T13:20:16.768196Z  INFO handle_notification{method="textDocument/didChange"}: new
2026-05-30T13:20:16.768231Z  INFO handle_notification{method="textDocument/didChange"}: close time.busy=23.0µs time.idle=13.2µs
2026-05-30T13:20:16.819995Z  INFO handle_request{method="textDocument/completion" id=475}: new
2026-05-30T13:20:16.820027Z  INFO handle_request{method="textDocument/completion" id=475}: close time.busy=18.2µs time.idle=15.1µs
2026-05-30T13:20:16.820105Z  INFO pb_proj::upd: new
2026-05-30T13:20:16.820242Z  INFO pb_proj::upd: close time.busy=127µs time.idle=10.3µs
2026-05-30T13:20:16.820298Z  INFO send_notification{method="telemetry/event"}: new
2026-05-30T13:20:16.820308Z  INFO send_notification{method="telemetry/event"}: close time.busy=2.11µs time.idle=8.26µs
2026-05-30T13:20:16.956338Z  INFO handle_notification{method="textDocument/didChange"}: new
2026-05-30T13:20:16.956372Z  INFO handle_notification{method="textDocument/didChange"}: close time.busy=21.2µs time.idle=12.8µs
2026-05-30T13:20:17.007609Z  INFO handle_request{method="textDocument/completion" id=476}: new
2026-05-30T13:20:17.007633Z  INFO handle_request{method="textDocument/completion" id=476}: close time.busy=13.9µs time.idle=11.0µs
2026-05-30T13:20:17.007646Z  INFO pb_proj::upd: new
2026-05-30T13:20:17.007767Z  INFO pb_proj::upd: close time.busy=113µs time.idle=9.03µs
2026-05-30T13:20:17.007830Z  INFO send_notification{method="telemetry/event"}: new
2026-05-30T13:20:17.007838Z  INFO send_notification{method="telemetry/event"}: close time.busy=1.91µs time.idle=6.17µs
2026-05-30T13:20:17.041172Z  INFO handle_notification{method="textDocument/didChange"}: new
2026-05-30T13:20:17.041201Z  INFO handle_notification{method="textDocument/didChange"}: close time.busy=20.2µs time.idle=8.92µs
2026-05-30T13:20:17.092632Z  INFO handle_request{method="textDocument/completion" id=477}: new
2026-05-30T13:20:17.092655Z  INFO handle_request{method="textDocument/completion" id=477}: close time.busy=12.5µs time.idle=11.1µs
2026-05-30T13:20:17.092678Z  INFO pb_proj::upd: new
2026-05-30T13:20:17.092799Z  INFO pb_proj::upd: close time.busy=113µs time.idle=7.85µs
2026-05-30T13:20:17.092859Z  INFO send_notification{method="telemetry/event"}: new
2026-05-30T13:20:17.092882Z  INFO send_notification{method="telemetry/event"}: close time.busy=2.68µs time.idle=21.3µs
2026-05-30T13:20:17.242586Z  INFO handle_request{method="textDocument/foldingRange" id=478}: new
2026-05-30T13:20:17.242624Z  INFO handle_request{method="textDocument/foldingRange" id=478}: close time.busy=14.4µs time.idle=24.5µs
2026-05-30T13:20:17.392385Z  INFO handle_request{method="textDocument/documentSymbol" id=479}: new
2026-05-30T13:20:17.392412Z  INFO handle_request{method="textDocument/documentSymbol" id=479}: close time.busy=14.4µs time.idle=13.8µs
2026-05-30T13:20:17.392429Z  INFO handle_request{method="textDocument/documentSymbol" id=480}: new
2026-05-30T13:20:17.392441Z  INFO handle_request{method="textDocument/documentSymbol" id=480}: close time.busy=6.31µs time.idle=6.24µs
2026-05-30T13:20:17.469266Z  INFO handle_notification{method="textDocument/didChange"}: new
2026-05-30T13:20:17.469303Z  INFO handle_notification{method="textDocument/didChange"}: close time.busy=26.1µs time.idle=12.5µs
2026-05-30T13:20:17.669411Z  INFO pb_proj::upd: new
2026-05-30T13:20:17.669545Z  INFO pb_proj::upd: close time.busy=116µs time.idle=18.2µs
2026-05-30T13:20:17.669566Z  INFO GC: vers to remove: [Version(188), Version(189), Version(190), Version(191), Version(192), Version(193), Version(194), Version(195)]
2026-05-30T13:20:17.669688Z  INFO send_notification{method="textDocument/publishDiagnostics"}: new
2026-05-30T13:20:17.669698Z  INFO send_notification{method="textDocument/publishDiagnostics"}: close time.busy=4.85µs time.idle=5.44µs
2026-05-30T13:20:17.670092Z  INFO handle_request{method="textDocument/foldingRange" id=481}: new
2026-05-30T13:20:17.670110Z  INFO handle_request{method="textDocument/foldingRange" id=481}: close time.busy=9.98µs time.idle=7.86µs
2026-05-30T13:20:17.801989Z  INFO handle_notification{method="textDocument/didChange"}: new
2026-05-30T13:20:17.802022Z  INFO handle_notification{method="textDocument/didChange"}: close time.busy=20.3µs time.idle=13.3µs
2026-05-30T13:20:17.819713Z  INFO handle_request{method="textDocument/documentSymbol" id=482}: new
2026-05-30T13:20:17.819735Z  INFO handle_request{method="textDocument/documentSymbol" id=482}: close time.busy=10.4µs time.idle=12.0µs
2026-05-30T13:20:17.819747Z  INFO pb_proj::upd: new
2026-05-30T13:20:17.819926Z  INFO pb_proj::upd: close time.busy=172µs time.idle=7.34µs
2026-05-30T13:20:18.002795Z  INFO handle_request{method="textDocument/foldingRange" id=483}: new
2026-05-30T13:20:18.002821Z  INFO handle_request{method="textDocument/foldingRange" id=483}: close time.busy=13.0µs time.idle=14.4µs
2026-05-30T13:20:18.096913Z  INFO handle_notification{method="textDocument/didChange"}: new
2026-05-30T13:20:18.096952Z  INFO handle_notification{method="textDocument/didChange"}: close time.busy=23.4µs time.idle=17.2µs
2026-05-30T13:20:18.297076Z  INFO pb_proj::upd: new
2026-05-30T13:20:18.297262Z  INFO pb_proj::upd: close time.busy=159µs time.idle=27.1µs
2026-05-30T13:20:18.297277Z  INFO GC: vers to remove: [Version(196), Version(197)]
2026-05-30T13:20:18.297379Z  INFO send_notification{method="textDocument/publishDiagnostics"}: new
2026-05-30T13:20:18.297386Z  INFO send_notification{method="textDocument/publishDiagnostics"}: close time.busy=2.71µs time.idle=4.64µs
2026-05-30T13:20:18.297733Z  INFO handle_request{method="textDocument/foldingRange" id=484}: new
2026-05-30T13:20:18.297751Z  INFO handle_request{method="textDocument/foldingRange" id=484}: close time.busy=10.8µs time.idle=8.09µs
2026-05-30T13:20:18.447807Z  INFO handle_request{method="textDocument/documentSymbol" id=485}: new
2026-05-30T13:20:18.447834Z  INFO handle_request{method="textDocument/documentSymbol" id=485}: close time.busy=13.3µs time.idle=13.7µs
2026-05-30T13:20:18.447843Z  INFO handle_request{method="textDocument/documentSymbol" id=486}: new
2026-05-30T13:20:18.447849Z  INFO handle_request{method="textDocument/documentSymbol" id=486}: close time.busy=3.03µs time.idle=2.74µs
2026-05-30T13:20:22.654758Z  INFO handle_notification{method="textDocument/didChange"}: new
2026-05-30T13:20:22.654792Z  INFO handle_notification{method="textDocument/didChange"}: close time.busy=21.2µs time.idle=12.8µs
2026-05-30T13:20:22.705947Z  INFO handle_request{method="textDocument/completion" id=487}: new
2026-05-30T13:20:22.705979Z  INFO handle_request{method="textDocument/completion" id=487}: close time.busy=18.6µs time.idle=13.7µs
2026-05-30T13:20:22.705994Z  INFO pb_proj::upd: new
2026-05-30T13:20:22.706137Z  INFO pb_proj::upd: close time.busy=132µs time.idle=10.8µs
2026-05-30T13:20:22.706198Z  INFO send_notification{method="telemetry/event"}: new
2026-05-30T13:20:22.706208Z  INFO send_notification{method="telemetry/event"}: close time.busy=2.09µs time.idle=8.56µs
2026-05-30T13:20:22.827760Z  INFO handle_notification{method="textDocument/didChange"}: new
2026-05-30T13:20:22.827796Z  INFO handle_notification{method="textDocument/didChange"}: close time.busy=24.8µs time.idle=12.5µs
2026-05-30T13:20:23.027887Z  INFO pb_proj::upd: new
2026-05-30T13:20:23.028054Z  INFO pb_proj::upd: close time.busy=135µs time.idle=32.9µs
2026-05-30T13:20:23.028073Z  INFO GC: vers to remove: [Version(198), Version(199)]
2026-05-30T13:20:23.028181Z  INFO send_notification{method="textDocument/publishDiagnostics"}: new
2026-05-30T13:20:23.028188Z  INFO send_notification{method="textDocument/publishDiagnostics"}: close time.busy=3.47µs time.idle=3.87µs
2026-05-30T13:20:23.028849Z  INFO handle_request{method="textDocument/foldingRange" id=488}: new
2026-05-30T13:20:23.028867Z  INFO handle_request{method="textDocument/foldingRange" id=488}: close time.busy=9.90µs time.idle=7.97µs
2026-05-30T13:20:23.041286Z  INFO handle_notification{method="textDocument/didChange"}: new
2026-05-30T13:20:23.041315Z  INFO handle_notification{method="textDocument/didChange"}: close time.busy=17.7µs time.idle=11.7µs
2026-05-30T13:20:23.241388Z  INFO pb_proj::upd: new
2026-05-30T13:20:23.241825Z  INFO pb_proj::upd: close time.busy=421µs time.idle=16.6µs
2026-05-30T13:20:23.241845Z  INFO GC: vers to remove: [Version(200)]
2026-05-30T13:20:23.242014Z  INFO send_notification{method="textDocument/publishDiagnostics"}: new
2026-05-30T13:20:23.242030Z  INFO send_notification{method="textDocument/publishDiagnostics"}: close time.busy=7.77µs time.idle=8.55µs
2026-05-30T13:20:23.242387Z  INFO handle_request{method="textDocument/foldingRange" id=489}: new
2026-05-30T13:20:23.242404Z  INFO handle_request{method="textDocument/foldingRange" id=489}: close time.busy=9.12µs time.idle=7.96µs
2026-05-30T13:20:23.334778Z  INFO handle_notification{method="textDocument/didChange"}: new
2026-05-30T13:20:23.334812Z  INFO handle_notification{method="textDocument/didChange"}: close time.busy=21.0µs time.idle=14.7µs
2026-05-30T13:20:23.534916Z  INFO pb_proj::upd: new
2026-05-30T13:20:23.535091Z  INFO pb_proj::upd: close time.busy=148µs time.idle=27.0µs
2026-05-30T13:20:23.535111Z  INFO GC: vers to remove: [Version(201)]
2026-05-30T13:20:23.535257Z  INFO send_notification{method="textDocument/publishDiagnostics"}: new
2026-05-30T13:20:23.535265Z  INFO send_notification{method="textDocument/publishDiagnostics"}: close time.busy=3.09µs time.idle=5.22µs
2026-05-30T13:20:23.535878Z  INFO handle_request{method="textDocument/foldingRange" id=490}: new
2026-05-30T13:20:23.535896Z  INFO handle_request{method="textDocument/foldingRange" id=490}: close time.busy=11.3µs time.idle=7.18µs
2026-05-30T13:20:23.562246Z  INFO handle_notification{method="textDocument/didChange"}: new
2026-05-30T13:20:23.562273Z  INFO handle_notification{method="textDocument/didChange"}: close time.busy=15.6µs time.idle=11.9µs
2026-05-30T13:20:23.762381Z  INFO pb_proj::upd: new
2026-05-30T13:20:23.762576Z  INFO pb_proj::upd: close time.busy=180µs time.idle=15.9µs
2026-05-30T13:20:23.762594Z  INFO GC: vers to remove: [Version(202)]
2026-05-30T13:20:23.762724Z  INFO send_notification{method="textDocument/publishDiagnostics"}: new
2026-05-30T13:20:23.762731Z  INFO send_notification{method="textDocument/publishDiagnostics"}: close time.busy=2.80µs time.idle=4.60µs
2026-05-30T13:20:23.763179Z  INFO handle_request{method="textDocument/foldingRange" id=491}: new
2026-05-30T13:20:23.763198Z  INFO handle_request{method="textDocument/foldingRange" id=491}: close time.busy=11.5µs time.idle=8.11µs
2026-05-30T13:20:23.913141Z  INFO handle_request{method="textDocument/documentSymbol" id=492}: new
2026-05-30T13:20:23.913166Z  INFO handle_request{method="textDocument/documentSymbol" id=492}: close time.busy=12.1µs time.idle=13.1µs
2026-05-30T13:20:23.913176Z  INFO handle_request{method="textDocument/documentSymbol" id=493}: new
2026-05-30T13:20:23.913184Z  INFO handle_request{method="textDocument/documentSymbol" id=493}: close time.busy=5.99µs time.idle=2.86µs
2026-05-30T13:20:23.914893Z  INFO handle_notification{method="textDocument/didChange"}: new
2026-05-30T13:20:23.914913Z  INFO handle_notification{method="textDocument/didChange"}: close time.busy=12.2µs time.idle=7.96µs
2026-05-30T13:20:24.114987Z  INFO pb_proj::upd: new
2026-05-30T13:20:24.115344Z  INFO pb_proj::upd: close time.busy=340µs time.idle=17.3µs
2026-05-30T13:20:24.115362Z  INFO GC: vers to remove: [Version(203)]
2026-05-30T13:20:24.115473Z  INFO send_notification{method="textDocument/publishDiagnostics"}: new
2026-05-30T13:20:24.115479Z  INFO send_notification{method="textDocument/publishDiagnostics"}: close time.busy=2.40µs time.idle=4.02µs
2026-05-30T13:20:24.115685Z  INFO handle_request{method="textDocument/foldingRange" id=494}: new
2026-05-30T13:20:24.115704Z  INFO handle_request{method="textDocument/foldingRange" id=494}: close time.busy=10.6µs time.idle=8.85µs
2026-05-30T13:20:24.265638Z  INFO handle_request{method="textDocument/documentSymbol" id=495}: new
2026-05-30T13:20:24.265659Z  INFO handle_request{method="textDocument/documentSymbol" id=495}: close time.busy=10.3µs time.idle=10.8µs
2026-05-30T13:20:24.265668Z  INFO handle_request{method="textDocument/documentSymbol" id=496}: new
2026-05-30T13:20:24.265673Z  INFO handle_request{method="textDocument/documentSymbol" id=496}: close time.busy=2.30µs time.idle=2.61µs
2026-05-30T13:20:24.556800Z  INFO handle_notification{method="textDocument/didChange"}: new
2026-05-30T13:20:24.556833Z  INFO handle_notification{method="textDocument/didChange"}: close time.busy=20.0µs time.idle=14.1µs
2026-05-30T13:20:24.608098Z  INFO handle_request{method="textDocument/completion" id=497}: new
2026-05-30T13:20:24.608140Z  INFO handle_request{method="textDocument/completion" id=497}: close time.busy=17.7µs time.idle=24.7µs
2026-05-30T13:20:24.608166Z  INFO pb_proj::upd: new
2026-05-30T13:20:24.608335Z  INFO pb_proj::upd: close time.busy=161µs time.idle=9.13µs
2026-05-30T13:20:24.608393Z  INFO send_notification{method="telemetry/event"}: new
2026-05-30T13:20:24.608403Z  INFO send_notification{method="telemetry/event"}: close time.busy=2.54µs time.idle=8.30µs
2026-05-30T13:20:24.616713Z  INFO handle_notification{method="textDocument/didChange"}: new
2026-05-30T13:20:24.616747Z  INFO handle_notification{method="textDocument/didChange"}: close time.busy=21.2µs time.idle=13.4µs
2026-05-30T13:20:24.668502Z  INFO handle_request{method="textDocument/completion" id=498}: new
2026-05-30T13:20:24.668533Z  INFO handle_request{method="textDocument/completion" id=498}: close time.busy=16.5µs time.idle=15.0µs
2026-05-30T13:20:24.668546Z  INFO pb_proj::upd: new
2026-05-30T13:20:24.668670Z  INFO pb_proj::upd: close time.busy=116µs time.idle=9.38µs
2026-05-30T13:20:24.668735Z  INFO send_notification{method="telemetry/event"}: new
2026-05-30T13:20:24.668747Z  INFO send_notification{method="telemetry/event"}: close time.busy=2.25µs time.idle=10.6µs
2026-05-30T13:20:24.818214Z  INFO handle_request{method="textDocument/foldingRange" id=499}: new
2026-05-30T13:20:24.818240Z  INFO handle_request{method="textDocument/foldingRange" id=499}: close time.busy=12.9µs time.idle=13.9µs
2026-05-30T13:20:24.849660Z  INFO handle_notification{method="textDocument/didChange"}: new
2026-05-30T13:20:24.849690Z  INFO handle_notification{method="textDocument/didChange"}: close time.busy=18.7µs time.idle=11.9µs
2026-05-30T13:20:24.901306Z  INFO handle_request{method="textDocument/completion" id=500}: new
2026-05-30T13:20:24.901332Z  INFO handle_request{method="textDocument/completion" id=500}: close time.busy=15.4µs time.idle=11.2µs
2026-05-30T13:20:24.901455Z  INFO pb_proj::upd: new
2026-05-30T13:20:24.901570Z  INFO pb_proj::upd: close time.busy=104µs time.idle=10.7µs
2026-05-30T13:20:24.901630Z  INFO send_notification{method="telemetry/event"}: new
2026-05-30T13:20:24.901638Z  INFO send_notification{method="telemetry/event"}: close time.busy=1.74µs time.idle=6.92µs
2026-05-30T13:20:25.016705Z  INFO handle_notification{method="textDocument/didChange"}: new
2026-05-30T13:20:25.016737Z  INFO handle_notification{method="textDocument/didChange"}: close time.busy=19.0µs time.idle=13.4µs
2026-05-30T13:20:25.068269Z  INFO handle_request{method="textDocument/completion" id=501}: new
2026-05-30T13:20:25.068296Z  INFO handle_request{method="textDocument/completion" id=501}: close time.busy=14.7µs time.idle=12.5µs
2026-05-30T13:20:25.068306Z  INFO pb_proj::upd: new
2026-05-30T13:20:25.068485Z  INFO pb_proj::upd: close time.busy=171µs time.idle=9.06µs
2026-05-30T13:20:25.068558Z  INFO send_notification{method="telemetry/event"}: new
2026-05-30T13:20:25.068571Z  INFO send_notification{method="telemetry/event"}: close time.busy=2.74µs time.idle=10.8µs
2026-05-30T13:20:25.217498Z  INFO handle_request{method="textDocument/foldingRange" id=502}: new
2026-05-30T13:20:25.217524Z  INFO handle_request{method="textDocument/foldingRange" id=502}: close time.busy=12.9µs time.idle=13.5µs
2026-05-30T13:20:25.317815Z  INFO handle_notification{method="textDocument/didChange"}: new
2026-05-30T13:20:25.317850Z  INFO handle_notification{method="textDocument/didChange"}: close time.busy=20.6µs time.idle=14.8µs
2026-05-30T13:20:25.367320Z  INFO handle_request{method="textDocument/documentSymbol" id=503}: new
2026-05-30T13:20:25.367343Z  INFO handle_request{method="textDocument/documentSymbol" id=503}: close time.busy=11.8µs time.idle=11.9µs
2026-05-30T13:20:25.367356Z  INFO pb_proj::upd: new
2026-05-30T13:20:25.367479Z  INFO pb_proj::upd: close time.busy=114µs time.idle=9.38µs
2026-05-30T13:20:25.369439Z  INFO handle_request{method="textDocument/completion" id=504}: new
2026-05-30T13:20:25.369460Z  INFO handle_request{method="textDocument/completion" id=504}: close time.busy=12.0µs time.idle=9.21µs
2026-05-30T13:20:25.369519Z  INFO send_notification{method="telemetry/event"}: new
2026-05-30T13:20:25.369529Z  INFO send_notification{method="telemetry/event"}: close time.busy=2.09µs time.idle=8.26µs
2026-05-30T13:20:25.518616Z  INFO handle_request{method="textDocument/foldingRange" id=505}: new
2026-05-30T13:20:25.518646Z  INFO handle_request{method="textDocument/foldingRange" id=505}: close time.busy=15.1µs time.idle=15.9µs
2026-05-30T13:20:25.668920Z  INFO handle_request{method="textDocument/documentSymbol" id=506}: new
2026-05-30T13:20:25.668959Z  INFO handle_request{method="textDocument/documentSymbol" id=506}: close time.busy=14.1µs time.idle=26.3µs
2026-05-30T13:20:25.668970Z  INFO handle_request{method="textDocument/documentSymbol" id=507}: new
2026-05-30T13:20:25.668976Z  INFO handle_request{method="textDocument/documentSymbol" id=507}: close time.busy=2.49µs time.idle=3.46µs
2026-05-30T13:20:25.709905Z  INFO handle_notification{method="textDocument/didChange"}: new
2026-05-30T13:20:25.709933Z  INFO handle_notification{method="textDocument/didChange"}: close time.busy=17.3µs time.idle=11.6µs
2026-05-30T13:20:25.761578Z  INFO handle_request{method="textDocument/completion" id=508}: new
2026-05-30T13:20:25.761614Z  INFO handle_request{method="textDocument/completion" id=508}: close time.busy=15.1µs time.idle=21.2µs
2026-05-30T13:20:25.761638Z  INFO pb_proj::upd: new
2026-05-30T13:20:25.761799Z  INFO pb_proj::upd: close time.busy=151µs time.idle=9.56µs
2026-05-30T13:20:25.761861Z  INFO send_notification{method="telemetry/event"}: new
2026-05-30T13:20:25.761878Z  INFO send_notification{method="telemetry/event"}: close time.busy=9.85µs time.idle=6.60µs
2026-05-30T13:20:25.910817Z  INFO handle_request{method="textDocument/foldingRange" id=509}: new
2026-05-30T13:20:25.910847Z  INFO handle_request{method="textDocument/foldingRange" id=509}: close time.busy=16.1µs time.idle=15.5µs
2026-05-30T13:20:25.950361Z  INFO handle_notification{method="textDocument/didChange"}: new
2026-05-30T13:20:25.950396Z  INFO handle_notification{method="textDocument/didChange"}: close time.busy=21.3µs time.idle=14.8µs
2026-05-30T13:20:26.002039Z  INFO handle_request{method="textDocument/completion" id=510}: new
2026-05-30T13:20:26.002071Z  INFO handle_request{method="textDocument/completion" id=510}: close time.busy=18.1µs time.idle=14.3µs
2026-05-30T13:20:26.002086Z  INFO pb_proj::upd: new
2026-05-30T13:20:26.002247Z  INFO pb_proj::upd: close time.busy=150µs time.idle=11.1µs
2026-05-30T13:20:26.002302Z  INFO send_notification{method="telemetry/event"}: new
2026-05-30T13:20:26.002312Z  INFO send_notification{method="telemetry/event"}: close time.busy=3.05µs time.idle=7.41µs
2026-05-30T13:20:26.151281Z  INFO handle_request{method="textDocument/foldingRange" id=511}: new
2026-05-30T13:20:26.151308Z  INFO handle_request{method="textDocument/foldingRange" id=511}: close time.busy=12.7µs time.idle=15.2µs
2026-05-30T13:20:26.301476Z  INFO handle_request{method="textDocument/documentSymbol" id=512}: new
2026-05-30T13:20:26.301502Z  INFO handle_request{method="textDocument/documentSymbol" id=512}: close time.busy=14.2µs time.idle=13.4µs
2026-05-30T13:20:26.301512Z  INFO handle_request{method="textDocument/documentSymbol" id=513}: new
2026-05-30T13:20:26.301517Z  INFO handle_request{method="textDocument/documentSymbol" id=513}: close time.busy=2.42µs time.idle=2.73µs
2026-05-30T13:20:26.385270Z  INFO handle_notification{method="textDocument/didChange"}: new
2026-05-30T13:20:26.385300Z  INFO handle_notification{method="textDocument/didChange"}: close time.busy=17.9µs time.idle=12.8µs
2026-05-30T13:20:26.538622Z  INFO handle_notification{method="textDocument/didChange"}: new
2026-05-30T13:20:26.538650Z  INFO handle_notification{method="textDocument/didChange"}: close time.busy=16.6µs time.idle=12.7µs
2026-05-30T13:20:26.624487Z  INFO handle_notification{method="textDocument/didChange"}: new
2026-05-30T13:20:26.624511Z  INFO handle_notification{method="textDocument/didChange"}: close time.busy=13.3µs time.idle=11.2µs
2026-05-30T13:20:26.824638Z  INFO pb_proj::upd: new
2026-05-30T13:20:26.824771Z  INFO pb_proj::upd: close time.busy=115µs time.idle=19.8µs
2026-05-30T13:20:26.824795Z  INFO GC: vers to remove: [Version(204), Version(205), Version(206), Version(207), Version(208), Version(209), Version(210), Version(211)]
2026-05-30T13:20:26.824961Z  INFO send_notification{method="textDocument/publishDiagnostics"}: new
2026-05-30T13:20:26.824971Z  INFO send_notification{method="textDocument/publishDiagnostics"}: close time.busy=3.00µs time.idle=7.02µs
2026-05-30T13:20:26.825397Z  INFO handle_request{method="textDocument/foldingRange" id=514}: new
2026-05-30T13:20:26.825417Z  INFO handle_request{method="textDocument/foldingRange" id=514}: close time.busy=10.8µs time.idle=9.12µs
2026-05-30T13:20:26.975176Z  INFO handle_request{method="textDocument/documentSymbol" id=515}: new
2026-05-30T13:20:26.975202Z  INFO handle_request{method="textDocument/documentSymbol" id=515}: close time.busy=14.0µs time.idle=12.4µs
2026-05-30T13:20:26.975212Z  INFO handle_request{method="textDocument/documentSymbol" id=516}: new
2026-05-30T13:20:26.975219Z  INFO handle_request{method="textDocument/documentSymbol" id=516}: close time.busy=3.42µs time.idle=3.10µs
2026-05-30T13:20:27.198929Z  INFO handle_notification{method="textDocument/didChange"}: new
2026-05-30T13:20:27.198961Z  INFO handle_notification{method="textDocument/didChange"}: close time.busy=19.6µs time.idle=12.6µs
2026-05-30T13:20:27.399085Z  INFO pb_proj::upd: new
2026-05-30T13:20:27.399242Z  INFO pb_proj::upd: close time.busy=132µs time.idle=26.2µs
2026-05-30T13:20:27.399259Z  INFO GC: vers to remove: [Version(212)]
2026-05-30T13:20:27.399361Z  INFO send_notification{method="textDocument/publishDiagnostics"}: new
2026-05-30T13:20:27.399368Z  INFO send_notification{method="textDocument/publishDiagnostics"}: close time.busy=3.06µs time.idle=4.49µs
2026-05-30T13:20:27.399780Z  INFO handle_request{method="textDocument/foldingRange" id=517}: new
2026-05-30T13:20:27.399800Z  INFO handle_request{method="textDocument/foldingRange" id=517}: close time.busy=11.2µs time.idle=9.29µs
2026-05-30T13:20:27.499694Z  INFO handle_notification{method="textDocument/didChange"}: new
2026-05-30T13:20:27.499734Z  INFO handle_notification{method="textDocument/didChange"}: close time.busy=21.9µs time.idle=18.4µs
2026-05-30T13:20:27.549561Z  INFO handle_request{method="textDocument/documentSymbol" id=518}: new
2026-05-30T13:20:27.549585Z  INFO handle_request{method="textDocument/documentSymbol" id=518}: close time.busy=13.0µs time.idle=12.1µs
2026-05-30T13:20:27.549600Z  INFO pb_proj::upd: new
2026-05-30T13:20:27.549746Z  INFO pb_proj::upd: close time.busy=139µs time.idle=7.49µs
2026-05-30T13:20:27.550181Z  INFO handle_notification{method="$/cancelRequest"}: new
2026-05-30T13:20:27.550189Z  INFO handle_notification{method="$/cancelRequest"}: Cancelled request id = 518
2026-05-30T13:20:27.550194Z  INFO handle_notification{method="$/cancelRequest"}: close time.busy=5.54µs time.idle=7.19µs
2026-05-30T13:20:27.699916Z  INFO handle_request{method="textDocument/foldingRange" id=519}: new
2026-05-30T13:20:27.699953Z  INFO handle_request{method="textDocument/foldingRange" id=519}: close time.busy=19.1µs time.idle=19.4µs
2026-05-30T13:20:27.819655Z  INFO handle_notification{method="textDocument/didChange"}: new
2026-05-30T13:20:27.819689Z  INFO handle_notification{method="textDocument/didChange"}: close time.busy=21.1µs time.idle=14.1µs
2026-05-30T13:20:27.850181Z  INFO handle_request{method="textDocument/documentSymbol" id=520}: new
2026-05-30T13:20:27.850204Z  INFO handle_request{method="textDocument/documentSymbol" id=520}: close time.busy=11.8µs time.idle=11.5µs
2026-05-30T13:20:27.850218Z  INFO pb_proj::upd: new
2026-05-30T13:20:27.850322Z  INFO pb_proj::upd: close time.busy=97.4µs time.idle=7.36µs
2026-05-30T13:20:28.021010Z  INFO handle_request{method="textDocument/foldingRange" id=521}: new
2026-05-30T13:20:28.021040Z  INFO handle_request{method="textDocument/foldingRange" id=521}: close time.busy=16.4µs time.idle=15.2µs
2026-05-30T13:20:28.170989Z  INFO handle_request{method="textDocument/documentSymbol" id=522}: new
2026-05-30T13:20:28.171020Z  INFO handle_request{method="textDocument/documentSymbol" id=522}: close time.busy=15.9µs time.idle=16.4µs
2026-05-30T13:20:28.171030Z  INFO handle_request{method="textDocument/documentSymbol" id=523}: new
2026-05-30T13:20:28.171035Z  INFO handle_request{method="textDocument/documentSymbol" id=523}: close time.busy=2.52µs time.idle=2.88µs
2026-05-30T13:20:28.371115Z  INFO GC: vers to remove: [Version(213), Version(214)]
2026-05-30T13:20:28.371232Z  INFO send_notification{method="textDocument/publishDiagnostics"}: new
2026-05-30T13:20:28.371241Z  INFO send_notification{method="textDocument/publishDiagnostics"}: close time.busy=3.11µs time.idle=6.85µs
2026-05-30T13:20:46.362323Z  INFO handle_request{method="textDocument/foldingRange" id=524}: new
2026-05-30T13:20:46.362356Z  INFO handle_request{method="textDocument/foldingRange" id=524}: close time.busy=13.9µs time.idle=19.6µs
2026-05-30T13:20:46.462470Z  INFO handle_request{method="textDocument/documentSymbol" id=525}: new
2026-05-30T13:20:46.462498Z  INFO handle_request{method="textDocument/documentSymbol" id=525}: close time.busy=14.3µs time.idle=14.2µs
2026-05-30T13:20:49.856764Z  INFO handle_notification{method="textDocument/didChange"}: new
2026-05-30T13:20:49.856799Z  INFO handle_notification{method="textDocument/didChange"}: close time.busy=22.5µs time.idle=13.3µs
2026-05-30T13:20:49.908276Z  INFO handle_request{method="textDocument/completion" id=526}: new
2026-05-30T13:20:49.908305Z  INFO handle_request{method="textDocument/completion" id=526}: close time.busy=17.0µs time.idle=12.0µs
2026-05-30T13:20:49.908323Z  INFO pb_proj::upd: new
2026-05-30T13:20:49.908446Z  INFO pb_proj::upd: close time.busy=116µs time.idle=7.65µs
2026-05-30T13:20:49.908523Z  INFO send_notification{method="telemetry/event"}: new
2026-05-30T13:20:49.908536Z  INFO send_notification{method="telemetry/event"}: close time.busy=2.76µs time.idle=10.2µs
2026-05-30T13:20:50.035455Z  INFO handle_notification{method="textDocument/didChange"}: new
2026-05-30T13:20:50.035484Z  INFO handle_notification{method="textDocument/didChange"}: close time.busy=17.0µs time.idle=12.6µs
2026-05-30T13:20:50.155212Z  INFO handle_notification{method="textDocument/didChange"}: new
2026-05-30T13:20:50.155241Z  INFO handle_notification{method="textDocument/didChange"}: close time.busy=16.1µs time.idle=12.7µs
2026-05-30T13:20:50.355345Z  INFO pb_proj::upd: new
2026-05-30T13:20:50.355505Z  INFO pb_proj::upd: close time.busy=134µs time.idle=27.6µs
2026-05-30T13:20:50.355527Z  INFO GC: vers to remove: [Version(215), Version(216)]
2026-05-30T13:20:50.355641Z  INFO send_notification{method="textDocument/publishDiagnostics"}: new
2026-05-30T13:20:50.355647Z  INFO send_notification{method="textDocument/publishDiagnostics"}: close time.busy=2.37µs time.idle=3.68µs
2026-05-30T13:20:50.356331Z  INFO handle_request{method="textDocument/foldingRange" id=527}: new
2026-05-30T13:20:50.356351Z  INFO handle_request{method="textDocument/foldingRange" id=527}: close time.busy=12.3µs time.idle=7.42µs
2026-05-30T13:20:50.436170Z  INFO handle_notification{method="textDocument/didChange"}: new
2026-05-30T13:20:50.436204Z  INFO handle_notification{method="textDocument/didChange"}: close time.busy=20.9µs time.idle=14.5µs
2026-05-30T13:20:50.636311Z  INFO pb_proj::upd: new
2026-05-30T13:20:50.636432Z  INFO pb_proj::upd: close time.busy=106µs time.idle=15.7µs
2026-05-30T13:20:50.636452Z  INFO GC: vers to remove: [Version(217)]
2026-05-30T13:20:50.636559Z  INFO send_notification{method="textDocument/publishDiagnostics"}: new
2026-05-30T13:20:50.636569Z  INFO send_notification{method="textDocument/publishDiagnostics"}: close time.busy=4.43µs time.idle=5.27µs
2026-05-30T13:20:50.637216Z  INFO handle_request{method="textDocument/foldingRange" id=528}: new
2026-05-30T13:20:50.637239Z  INFO handle_request{method="textDocument/foldingRange" id=528}: close time.busy=13.3µs time.idle=9.37µs
2026-05-30T13:20:50.655344Z  INFO handle_notification{method="textDocument/didChange"}: new
2026-05-30T13:20:50.655376Z  INFO handle_notification{method="textDocument/didChange"}: close time.busy=21.1µs time.idle=11.4µs
2026-05-30T13:20:50.843919Z  INFO handle_notification{method="textDocument/didChange"}: new
2026-05-30T13:20:50.843949Z  INFO handle_notification{method="textDocument/didChange"}: close time.busy=18.7µs time.idle=12.5µs
2026-05-30T13:20:50.903322Z  INFO handle_notification{method="textDocument/didChange"}: new
2026-05-30T13:20:50.903350Z  INFO handle_notification{method="textDocument/didChange"}: close time.busy=16.3µs time.idle=13.2µs
2026-05-30T13:20:51.103451Z  INFO pb_proj::upd: new
2026-05-30T13:20:51.103657Z  INFO pb_proj::upd: close time.busy=180µs time.idle=26.4µs
2026-05-30T13:20:51.103683Z  INFO GC: vers to remove: [Version(218)]
2026-05-30T13:20:51.103835Z  INFO send_notification{method="textDocument/publishDiagnostics"}: new
2026-05-30T13:20:51.103848Z  INFO send_notification{method="textDocument/publishDiagnostics"}: close time.busy=2.97µs time.idle=10.4µs
2026-05-30T13:20:51.104181Z  INFO handle_request{method="textDocument/foldingRange" id=529}: new
2026-05-30T13:20:51.104201Z  INFO handle_request{method="textDocument/foldingRange" id=529}: close time.busy=12.4µs time.idle=8.06µs
2026-05-30T13:20:51.253861Z  INFO handle_request{method="textDocument/documentSymbol" id=530}: new
2026-05-30T13:20:51.253891Z  INFO handle_request{method="textDocument/documentSymbol" id=530}: close time.busy=12.0µs time.idle=18.2µs
2026-05-30T13:20:51.253899Z  INFO handle_request{method="textDocument/documentSymbol" id=531}: new
2026-05-30T13:20:51.253904Z  INFO handle_request{method="textDocument/documentSymbol" id=531}: close time.busy=2.53µs time.idle=2.60µs
2026-05-30T13:20:51.256995Z  INFO handle_notification{method="textDocument/didChange"}: new
2026-05-30T13:20:51.257015Z  INFO handle_notification{method="textDocument/didChange"}: close time.busy=12.4µs time.idle=8.05µs
2026-05-30T13:20:51.308157Z  INFO handle_request{method="textDocument/completion" id=532}: new
2026-05-30T13:20:51.308180Z  INFO handle_request{method="textDocument/completion" id=532}: close time.busy=13.6µs time.idle=9.81µs
2026-05-30T13:20:51.308202Z  INFO pb_proj::upd: new
2026-05-30T13:20:51.308290Z  INFO pb_proj::upd: close time.busy=79.9µs time.idle=8.02µs
2026-05-30T13:20:51.308347Z  INFO send_notification{method="telemetry/event"}: new
2026-05-30T13:20:51.308356Z  INFO send_notification{method="telemetry/event"}: close time.busy=1.95µs time.idle=6.53µs
2026-05-30T13:20:51.390556Z  INFO handle_notification{method="textDocument/didChange"}: new
2026-05-30T13:20:51.390584Z  INFO handle_notification{method="textDocument/didChange"}: close time.busy=18.4µs time.idle=10.7µs
2026-05-30T13:20:51.530381Z  INFO handle_notification{method="textDocument/didChange"}: new
2026-05-30T13:20:51.530417Z  INFO handle_notification{method="textDocument/didChange"}: close time.busy=18.1µs time.idle=19.4µs
2026-05-30T13:20:51.624390Z  INFO handle_notification{method="textDocument/didChange"}: new
2026-05-30T13:20:51.624418Z  INFO handle_notification{method="textDocument/didChange"}: close time.busy=16.3µs time.idle=12.6µs
2026-05-30T13:20:51.711512Z  INFO handle_notification{method="textDocument/didChange"}: new
2026-05-30T13:20:51.711544Z  INFO handle_notification{method="textDocument/didChange"}: close time.busy=19.6µs time.idle=13.3µs
2026-05-30T13:20:51.911657Z  INFO pb_proj::upd: new
2026-05-30T13:20:51.911805Z  INFO pb_proj::upd: close time.busy=130µs time.idle=19.0µs
2026-05-30T13:20:51.911822Z  INFO GC: vers to remove: [Version(219), Version(220)]
2026-05-30T13:20:51.911936Z  INFO send_notification{method="textDocument/publishDiagnostics"}: new
2026-05-30T13:20:51.911944Z  INFO send_notification{method="textDocument/publishDiagnostics"}: close time.busy=3.24µs time.idle=4.51µs
2026-05-30T13:20:51.912175Z  INFO handle_request{method="textDocument/foldingRange" id=533}: new
2026-05-30T13:20:51.912191Z  INFO handle_request{method="textDocument/foldingRange" id=533}: close time.busy=10.1µs time.idle=6.91µs
2026-05-30T13:20:52.062326Z  INFO handle_request{method="textDocument/documentSymbol" id=534}: new
2026-05-30T13:20:52.062352Z  INFO handle_request{method="textDocument/documentSymbol" id=534}: close time.busy=13.7µs time.idle=13.5µs
2026-05-30T13:20:52.062361Z  INFO handle_request{method="textDocument/documentSymbol" id=535}: new
2026-05-30T13:20:52.062366Z  INFO handle_request{method="textDocument/documentSymbol" id=535}: close time.busy=2.69µs time.idle=2.59µs
2026-05-30T13:20:52.358153Z  INFO handle_notification{method="textDocument/didChange"}: new
2026-05-30T13:20:52.358186Z  INFO handle_notification{method="textDocument/didChange"}: close time.busy=20.2µs time.idle=13.5µs
2026-05-30T13:20:52.438052Z  INFO handle_notification{method="textDocument/didChange"}: new
2026-05-30T13:20:52.438085Z  INFO handle_notification{method="textDocument/didChange"}: close time.busy=19.1µs time.idle=14.8µs
2026-05-30T13:20:52.638209Z  INFO pb_proj::upd: new
2026-05-30T13:20:52.638575Z  INFO pb_proj::upd: close time.busy=340µs time.idle=26.6µs
2026-05-30T13:20:52.638593Z  INFO GC: vers to remove: [Version(221)]
2026-05-30T13:20:52.638712Z  INFO send_notification{method="textDocument/publishDiagnostics"}: new
2026-05-30T13:20:52.638724Z  INFO send_notification{method="textDocument/publishDiagnostics"}: close time.busy=4.38µs time.idle=7.38µs
2026-05-30T13:20:52.638772Z  INFO handle_request{method="textDocument/foldingRange" id=536}: new
2026-05-30T13:20:52.638790Z  INFO handle_request{method="textDocument/foldingRange" id=536}: close time.busy=10.7µs time.idle=7.34µs
2026-05-30T13:20:52.789100Z  INFO handle_request{method="textDocument/documentSymbol" id=537}: new
2026-05-30T13:20:52.789142Z  INFO handle_request{method="textDocument/documentSymbol" id=537}: close time.busy=13.4µs time.idle=29.4µs
2026-05-30T13:20:52.789153Z  INFO handle_request{method="textDocument/documentSymbol" id=538}: new
2026-05-30T13:20:52.789159Z  INFO handle_request{method="textDocument/documentSymbol" id=538}: close time.busy=2.86µs time.idle=3.24µs
2026-05-30T13:20:52.805536Z  INFO handle_notification{method="textDocument/didChange"}: new
2026-05-30T13:20:52.805561Z  INFO handle_notification{method="textDocument/didChange"}: close time.busy=15.6µs time.idle=9.74µs
2026-05-30T13:20:52.986092Z  INFO handle_notification{method="textDocument/didChange"}: new
2026-05-30T13:20:52.986129Z  INFO handle_notification{method="textDocument/didChange"}: close time.busy=22.5µs time.idle=15.8µs
2026-05-30T13:20:53.186261Z  INFO pb_proj::upd: new
2026-05-30T13:20:53.186469Z  INFO pb_proj::upd: close time.busy=182µs time.idle=27.2µs
2026-05-30T13:20:53.186491Z  INFO GC: vers to remove: [Version(222)]
2026-05-30T13:20:53.186596Z  INFO send_notification{method="textDocument/publishDiagnostics"}: new
2026-05-30T13:20:53.186604Z  INFO send_notification{method="textDocument/publishDiagnostics"}: close time.busy=3.00µs time.idle=4.45µs
2026-05-30T13:20:53.186849Z  INFO handle_request{method="textDocument/foldingRange" id=539}: new
2026-05-30T13:20:53.186866Z  INFO handle_request{method="textDocument/foldingRange" id=539}: close time.busy=9.45µs time.idle=7.94µs
2026-05-30T13:20:53.336698Z  INFO handle_request{method="textDocument/documentSymbol" id=540}: new
2026-05-30T13:20:53.336730Z  INFO handle_request{method="textDocument/documentSymbol" id=540}: close time.busy=19.0µs time.idle=12.9µs
2026-05-30T13:20:53.336917Z  INFO handle_request{method="textDocument/documentSymbol" id=541}: new
2026-05-30T13:20:53.336928Z  INFO handle_request{method="textDocument/documentSymbol" id=541}: close time.busy=4.15µs time.idle=8.40µs
2026-05-30T13:20:55.573891Z  INFO handle_request{method="textDocument/hover" id=542}: new
2026-05-30T13:20:55.573922Z  INFO handle_request{method="textDocument/hover" id=542}: close time.busy=15.4µs time.idle=16.7µs
2026-05-30T13:20:59.619637Z  INFO handle_notification{method="textDocument/didChange"}: new
2026-05-30T13:20:59.619681Z  INFO handle_notification{method="textDocument/didChange"}: close time.busy=25.6µs time.idle=19.1µs
2026-05-30T13:20:59.819804Z  INFO pb_proj::upd: new
2026-05-30T13:20:59.819959Z  INFO pb_proj::upd: close time.busy=132µs time.idle=24.5µs
2026-05-30T13:20:59.819978Z  INFO GC: vers to remove: [Version(223)]
2026-05-30T13:20:59.820090Z  INFO send_notification{method="textDocument/publishDiagnostics"}: new
2026-05-30T13:20:59.820103Z  INFO send_notification{method="textDocument/publishDiagnostics"}: close time.busy=4.11µs time.idle=9.63µs
2026-05-30T13:20:59.820523Z  INFO handle_request{method="textDocument/foldingRange" id=543}: new
2026-05-30T13:20:59.820542Z  INFO handle_request{method="textDocument/foldingRange" id=543}: close time.busy=9.92µs time.idle=9.68µs
2026-05-30T13:20:59.970401Z  INFO handle_request{method="textDocument/documentSymbol" id=544}: new
2026-05-30T13:20:59.970429Z  INFO handle_request{method="textDocument/documentSymbol" id=544}: close time.busy=14.2µs time.idle=14.2µs
2026-05-30T13:20:59.970582Z  INFO handle_request{method="textDocument/documentSymbol" id=545}: new
2026-05-30T13:20:59.970592Z  INFO handle_request{method="textDocument/documentSymbol" id=545}: close time.busy=5.59µs time.idle=4.19µs
2026-05-30T13:21:00.220890Z  INFO handle_notification{method="textDocument/didChange"}: new
2026-05-30T13:21:00.220921Z  INFO handle_notification{method="textDocument/didChange"}: close time.busy=18.0µs time.idle=13.9µs
2026-05-30T13:21:00.260940Z  INFO handle_notification{method="textDocument/didChange"}: new
2026-05-30T13:21:00.260965Z  INFO handle_notification{method="textDocument/didChange"}: close time.busy=13.8µs time.idle=11.2µs
2026-05-30T13:21:00.301481Z  INFO handle_notification{method="textDocument/didChange"}: new
2026-05-30T13:21:00.301503Z  INFO handle_notification{method="textDocument/didChange"}: close time.busy=11.6µs time.idle=10.6µs
2026-05-30T13:21:00.342538Z  INFO handle_notification{method="textDocument/didChange"}: new
2026-05-30T13:21:00.342563Z  INFO handle_notification{method="textDocument/didChange"}: close time.busy=12.6µs time.idle=13.1µs
2026-05-30T13:21:00.383035Z  INFO handle_notification{method="textDocument/didChange"}: new
2026-05-30T13:21:00.383065Z  INFO handle_notification{method="textDocument/didChange"}: close time.busy=15.5µs time.idle=14.5µs
2026-05-30T13:21:00.423738Z  INFO handle_notification{method="textDocument/didChange"}: new
2026-05-30T13:21:00.423763Z  INFO handle_notification{method="textDocument/didChange"}: close time.busy=12.8µs time.idle=12.7µs
2026-05-30T13:21:00.464079Z  INFO handle_notification{method="textDocument/didChange"}: new
2026-05-30T13:21:00.464110Z  INFO handle_notification{method="textDocument/didChange"}: close time.busy=17.0µs time.idle=13.8µs
2026-05-30T13:21:00.504981Z  INFO handle_notification{method="textDocument/didChange"}: new
2026-05-30T13:21:00.505004Z  INFO handle_notification{method="textDocument/didChange"}: close time.busy=13.1µs time.idle=10.6µs
2026-05-30T13:21:00.545501Z  INFO handle_notification{method="textDocument/didChange"}: new
2026-05-30T13:21:00.545528Z  INFO handle_notification{method="textDocument/didChange"}: close time.busy=13.3µs time.idle=14.2µs
2026-05-30T13:21:00.586669Z  INFO handle_notification{method="textDocument/didChange"}: new
2026-05-30T13:21:00.586698Z  INFO handle_notification{method="textDocument/didChange"}: close time.busy=18.3µs time.idle=10.7µs
2026-05-30T13:21:00.627019Z  INFO handle_notification{method="textDocument/didChange"}: new
2026-05-30T13:21:00.627042Z  INFO handle_notification{method="textDocument/didChange"}: close time.busy=12.6µs time.idle=10.3µs
2026-05-30T13:21:00.667250Z  INFO handle_notification{method="textDocument/didChange"}: new
2026-05-30T13:21:00.667274Z  INFO handle_notification{method="textDocument/didChange"}: close time.busy=12.6µs time.idle=11.5µs
2026-05-30T13:21:00.707819Z  INFO handle_notification{method="textDocument/didChange"}: new
2026-05-30T13:21:00.707845Z  INFO handle_notification{method="textDocument/didChange"}: close time.busy=15.8µs time.idle=10.8µs
2026-05-30T13:21:00.748628Z  INFO handle_notification{method="textDocument/didChange"}: new
2026-05-30T13:21:00.748651Z  INFO handle_notification{method="textDocument/didChange"}: close time.busy=12.3µs time.idle=10.8µs
2026-05-30T13:21:00.879482Z  INFO handle_notification{method="textDocument/didChange"}: new
2026-05-30T13:21:00.879507Z  INFO handle_notification{method="textDocument/didChange"}: close time.busy=14.2µs time.idle=11.6µs
2026-05-30T13:21:01.019666Z  INFO handle_notification{method="textDocument/didChange"}: new
2026-05-30T13:21:01.019695Z  INFO handle_notification{method="textDocument/didChange"}: close time.busy=15.7µs time.idle=14.3µs
2026-05-30T13:21:01.219820Z  INFO pb_proj::upd: new
2026-05-30T13:21:01.220004Z  INFO pb_proj::upd: close time.busy=158µs time.idle=27.3µs
2026-05-30T13:21:01.220025Z  INFO GC: vers to remove: [Version(224)]
2026-05-30T13:21:01.220127Z  INFO send_notification{method="textDocument/publishDiagnostics"}: new
2026-05-30T13:21:01.220134Z  INFO send_notification{method="textDocument/publishDiagnostics"}: close time.busy=2.70µs time.idle=4.90µs
2026-05-30T13:21:01.220432Z  INFO handle_request{method="textDocument/foldingRange" id=546}: new
2026-05-30T13:21:01.220452Z  INFO handle_request{method="textDocument/foldingRange" id=546}: close time.busy=11.5µs time.idle=8.94µs
2026-05-30T13:21:01.354472Z  INFO handle_notification{method="textDocument/didChange"}: new
2026-05-30T13:21:01.354503Z  INFO handle_notification{method="textDocument/didChange"}: close time.busy=18.4µs time.idle=13.4µs
2026-05-30T13:21:01.370453Z  INFO handle_request{method="textDocument/documentSymbol" id=547}: new
2026-05-30T13:21:01.370476Z  INFO handle_request{method="textDocument/documentSymbol" id=547}: close time.busy=10.9µs time.idle=12.5µs
2026-05-30T13:21:01.370500Z  INFO pb_proj::upd: new
2026-05-30T13:21:01.370607Z  INFO pb_proj::upd: close time.busy=97.5µs time.idle=9.26µs
2026-05-30T13:21:01.555303Z  INFO handle_request{method="textDocument/foldingRange" id=548}: new
2026-05-30T13:21:01.555329Z  INFO handle_request{method="textDocument/foldingRange" id=548}: close time.busy=13.0µs time.idle=14.2µs
2026-05-30T13:21:01.705609Z  INFO handle_request{method="textDocument/documentSymbol" id=549}: new
2026-05-30T13:21:01.705637Z  INFO handle_request{method="textDocument/documentSymbol" id=549}: close time.busy=14.1µs time.idle=14.4µs
2026-05-30T13:21:01.705646Z  INFO handle_request{method="textDocument/documentSymbol" id=550}: new
2026-05-30T13:21:01.705654Z  INFO handle_request{method="textDocument/documentSymbol" id=550}: close time.busy=5.25µs time.idle=3.17µs
2026-05-30T13:21:01.726939Z  INFO handle_notification{method="textDocument/didChange"}: new
2026-05-30T13:21:01.726964Z  INFO handle_notification{method="textDocument/didChange"}: close time.busy=14.9µs time.idle=10.4µs
2026-05-30T13:21:01.779398Z  INFO handle_request{method="textDocument/completion" id=551}: new
2026-05-30T13:21:01.779425Z  INFO handle_request{method="textDocument/completion" id=551}: close time.busy=14.7µs time.idle=12.8µs
2026-05-30T13:21:01.779436Z  INFO pb_proj::upd: new
2026-05-30T13:21:01.779544Z  INFO pb_proj::upd: close time.busy=99.3µs time.idle=9.62µs
2026-05-30T13:21:01.779598Z  INFO send_notification{method="telemetry/event"}: new
2026-05-30T13:21:01.779607Z  INFO send_notification{method="telemetry/event"}: close time.busy=2.26µs time.idle=7.10µs
2026-05-30T13:21:01.873674Z  INFO handle_notification{method="textDocument/didChange"}: new
2026-05-30T13:21:01.873695Z  INFO handle_notification{method="textDocument/didChange"}: close time.busy=12.9µs time.idle=9.16µs
2026-05-30T13:21:01.924880Z  INFO handle_request{method="textDocument/completion" id=552}: new
2026-05-30T13:21:01.924905Z  INFO handle_request{method="textDocument/completion" id=552}: close time.busy=14.0µs time.idle=11.4µs
2026-05-30T13:21:01.924917Z  INFO pb_proj::upd: new
2026-05-30T13:21:01.925041Z  INFO pb_proj::upd: close time.busy=114µs time.idle=11.0µs
2026-05-30T13:21:01.925106Z  INFO send_notification{method="telemetry/event"}: new
2026-05-30T13:21:01.925114Z  INFO send_notification{method="telemetry/event"}: close time.busy=2.13µs time.idle=6.47µs
2026-05-30T13:21:02.000657Z  INFO handle_notification{method="textDocument/didChange"}: new
2026-05-30T13:21:02.000684Z  INFO handle_notification{method="textDocument/didChange"}: close time.busy=15.7µs time.idle=11.0µs
2026-05-30T13:21:02.051733Z  INFO handle_request{method="textDocument/completion" id=553}: new
2026-05-30T13:21:02.051755Z  INFO handle_request{method="textDocument/completion" id=553}: close time.busy=13.3µs time.idle=9.48µs
2026-05-30T13:21:02.051844Z  INFO pb_proj::upd: new
2026-05-30T13:21:02.051963Z  INFO pb_proj::upd: close time.busy=110µs time.idle=9.44µs
2026-05-30T13:21:02.052025Z  INFO send_notification{method="telemetry/event"}: new
2026-05-30T13:21:02.052034Z  INFO send_notification{method="telemetry/event"}: close time.busy=2.23µs time.idle=6.94µs
2026-05-30T13:21:02.106634Z  INFO handle_notification{method="textDocument/didChange"}: new
2026-05-30T13:21:02.106663Z  INFO handle_notification{method="textDocument/didChange"}: close time.busy=18.1µs time.idle=10.4µs
2026-05-30T13:21:02.157901Z  INFO handle_request{method="textDocument/completion" id=554}: new
2026-05-30T13:21:02.157925Z  INFO handle_request{method="textDocument/completion" id=554}: close time.busy=14.3µs time.idle=10.5µs
2026-05-30T13:21:02.157937Z  INFO pb_proj::upd: new
2026-05-30T13:21:02.158057Z  INFO pb_proj::upd: close time.busy=111µs time.idle=9.57µs
2026-05-30T13:21:02.158112Z  INFO send_notification{method="telemetry/event"}: new
2026-05-30T13:21:02.158131Z  INFO send_notification{method="telemetry/event"}: close time.busy=2.13µs time.idle=17.2µs
2026-05-30T13:21:02.267703Z  INFO handle_notification{method="textDocument/didChange"}: new
2026-05-30T13:21:02.267726Z  INFO handle_notification{method="textDocument/didChange"}: close time.busy=13.8µs time.idle=9.48µs
2026-05-30T13:21:02.318916Z  INFO handle_request{method="textDocument/completion" id=555}: new
2026-05-30T13:21:02.318941Z  INFO handle_request{method="textDocument/completion" id=555}: close time.busy=14.2µs time.idle=11.6µs
2026-05-30T13:21:02.318952Z  INFO pb_proj::upd: new
2026-05-30T13:21:02.319095Z  INFO pb_proj::upd: close time.busy=135µs time.idle=7.91µs
2026-05-30T13:21:02.319154Z  INFO send_notification{method="telemetry/event"}: new
2026-05-30T13:21:02.319164Z  INFO send_notification{method="telemetry/event"}: close time.busy=2.22µs time.idle=8.49µs
2026-05-30T13:21:02.468365Z  INFO handle_request{method="textDocument/foldingRange" id=556}: new
2026-05-30T13:21:02.468391Z  INFO handle_request{method="textDocument/foldingRange" id=556}: close time.busy=13.3µs time.idle=13.7µs
2026-05-30T13:21:02.521554Z  INFO handle_notification{method="textDocument/didChange"}: new
2026-05-30T13:21:02.521578Z  INFO handle_notification{method="textDocument/didChange"}: close time.busy=15.4µs time.idle=9.29µs
2026-05-30T13:21:02.573479Z  INFO handle_request{method="textDocument/completion" id=557}: new
2026-05-30T13:21:02.573510Z  INFO handle_request{method="textDocument/completion" id=557}: close time.busy=17.9µs time.idle=12.9µs
2026-05-30T13:21:02.573524Z  INFO pb_proj::upd: new
2026-05-30T13:21:02.573664Z  INFO pb_proj::upd: close time.busy=132µs time.idle=8.88µs
2026-05-30T13:21:02.573726Z  INFO send_notification{method="telemetry/event"}: new
2026-05-30T13:21:02.573736Z  INFO send_notification{method="telemetry/event"}: close time.busy=2.04µs time.idle=8.53µs
2026-05-30T13:21:02.722440Z  INFO handle_request{method="textDocument/foldingRange" id=558}: new
2026-05-30T13:21:02.722470Z  INFO handle_request{method="textDocument/foldingRange" id=558}: close time.busy=16.2µs time.idle=13.7µs
2026-05-30T13:21:02.872803Z  INFO handle_request{method="textDocument/documentSymbol" id=559}: new
2026-05-30T13:21:02.872829Z  INFO handle_request{method="textDocument/documentSymbol" id=559}: close time.busy=14.8µs time.idle=12.9µs
2026-05-30T13:21:02.872839Z  INFO handle_request{method="textDocument/documentSymbol" id=560}: new
2026-05-30T13:21:02.872845Z  INFO handle_request{method="textDocument/documentSymbol" id=560}: close time.busy=2.42µs time.idle=3.46µs
2026-05-30T13:21:03.028374Z  INFO handle_notification{method="textDocument/didChange"}: new
2026-05-30T13:21:03.028406Z  INFO handle_notification{method="textDocument/didChange"}: close time.busy=20.6µs time.idle=12.2µs
2026-05-30T13:21:03.228514Z  INFO pb_proj::upd: new
2026-05-30T13:21:03.228719Z  INFO pb_proj::upd: close time.busy=185µs time.idle=21.5µs
2026-05-30T13:21:03.228741Z  INFO GC: vers to remove: [Version(225), Version(226), Version(227), Version(228), Version(229), Version(230), Version(231), Version(232)]
2026-05-30T13:21:03.228849Z  INFO send_notification{method="textDocument/publishDiagnostics"}: new
2026-05-30T13:21:03.228857Z  INFO send_notification{method="textDocument/publishDiagnostics"}: close time.busy=2.68µs time.idle=5.63µs
2026-05-30T13:21:03.228926Z  INFO handle_request{method="textDocument/foldingRange" id=561}: new
2026-05-30T13:21:03.228948Z  INFO handle_request{method="textDocument/foldingRange" id=561}: close time.busy=14.8µs time.idle=7.19µs
2026-05-30T13:21:03.236181Z  INFO handle_notification{method="textDocument/didChange"}: new
2026-05-30T13:21:03.236199Z  INFO handle_notification{method="textDocument/didChange"}: close time.busy=11.4µs time.idle=6.87µs
2026-05-30T13:21:03.288170Z  INFO handle_request{method="textDocument/completion" id=562}: new
2026-05-30T13:21:03.288199Z  INFO handle_request{method="textDocument/completion" id=562}: close time.busy=15.9µs time.idle=13.5µs
2026-05-30T13:21:03.288214Z  INFO pb_proj::upd: new
2026-05-30T13:21:03.288368Z  INFO pb_proj::upd: close time.busy=146µs time.idle=8.84µs
2026-05-30T13:21:03.288428Z  INFO send_notification{method="telemetry/event"}: new
2026-05-30T13:21:03.288437Z  INFO send_notification{method="telemetry/event"}: close time.busy=2.56µs time.idle=7.24µs
2026-05-30T13:21:03.437191Z  INFO handle_request{method="textDocument/foldingRange" id=563}: new
2026-05-30T13:21:03.437218Z  INFO handle_request{method="textDocument/foldingRange" id=563}: close time.busy=14.3µs time.idle=13.5µs
2026-05-30T13:21:03.455835Z  INFO handle_notification{method="textDocument/didChange"}: new
2026-05-30T13:21:03.455855Z  INFO handle_notification{method="textDocument/didChange"}: close time.busy=12.7µs time.idle=8.06µs
2026-05-30T13:21:03.629156Z  INFO handle_notification{method="textDocument/didChange"}: new
2026-05-30T13:21:03.629193Z  INFO handle_notification{method="textDocument/didChange"}: close time.busy=22.3µs time.idle=15.3µs
2026-05-30T13:21:03.829278Z  INFO pb_proj::upd: new
2026-05-30T13:21:03.829406Z  INFO pb_proj::upd: close time.busy=104µs time.idle=24.8µs
2026-05-30T13:21:03.829429Z  INFO GC: vers to remove: [Version(233), Version(234)]
2026-05-30T13:21:03.829549Z  INFO send_notification{method="textDocument/publishDiagnostics"}: new
2026-05-30T13:21:03.829560Z  INFO send_notification{method="textDocument/publishDiagnostics"}: close time.busy=2.84µs time.idle=8.81µs
2026-05-30T13:21:03.830310Z  INFO handle_request{method="textDocument/foldingRange" id=564}: new
2026-05-30T13:21:03.830330Z  INFO handle_request{method="textDocument/foldingRange" id=564}: close time.busy=11.8µs time.idle=8.73µs
2026-05-30T13:21:03.868554Z  INFO handle_notification{method="textDocument/didChange"}: new
2026-05-30T13:21:03.868585Z  INFO handle_notification{method="textDocument/didChange"}: close time.busy=19.3µs time.idle=11.7µs
2026-05-30T13:21:04.068690Z  INFO pb_proj::upd: new
2026-05-30T13:21:04.068887Z  INFO pb_proj::upd: close time.busy=171µs time.idle=25.9µs
2026-05-30T13:21:04.068908Z  INFO GC: vers to remove: [Version(235)]
2026-05-30T13:21:04.069011Z  INFO send_notification{method="textDocument/publishDiagnostics"}: new
2026-05-30T13:21:04.069018Z  INFO send_notification{method="textDocument/publishDiagnostics"}: close time.busy=2.87µs time.idle=4.26µs
2026-05-30T13:21:04.075400Z  INFO handle_request{method="textDocument/foldingRange" id=565}: new
2026-05-30T13:21:04.075419Z  INFO handle_request{method="textDocument/foldingRange" id=565}: close time.busy=10.1µs time.idle=9.82µs
2026-05-30T13:21:04.219609Z  INFO handle_request{method="textDocument/documentSymbol" id=566}: new
2026-05-30T13:21:04.219638Z  INFO handle_request{method="textDocument/documentSymbol" id=566}: close time.busy=14.1µs time.idle=15.7µs
2026-05-30T13:21:04.219864Z  INFO handle_request{method="textDocument/documentSymbol" id=567}: new
2026-05-30T13:21:04.219889Z  INFO handle_request{method="textDocument/documentSymbol" id=567}: close time.busy=6.80µs time.idle=17.8µs
2026-05-30T13:21:04.290172Z  INFO handle_notification{method="textDocument/didChange"}: new
2026-05-30T13:21:04.290210Z  INFO handle_notification{method="textDocument/didChange"}: close time.busy=23.9µs time.idle=15.7µs
2026-05-30T13:21:04.490324Z  INFO pb_proj::upd: new
2026-05-30T13:21:04.490428Z  INFO pb_proj::upd: close time.busy=88.1µs time.idle=17.1µs
2026-05-30T13:21:04.490447Z  INFO GC: vers to remove: [Version(236)]
2026-05-30T13:21:04.490581Z  INFO send_notification{method="textDocument/publishDiagnostics"}: new
2026-05-30T13:21:04.490591Z  INFO send_notification{method="textDocument/publishDiagnostics"}: close time.busy=2.76µs time.idle=7.71µs
2026-05-30T13:21:04.491344Z  INFO handle_request{method="textDocument/foldingRange" id=568}: new
2026-05-30T13:21:04.491365Z  INFO handle_request{method="textDocument/foldingRange" id=568}: close time.busy=13.6µs time.idle=7.51µs
2026-05-30T13:21:04.640784Z  INFO handle_request{method="textDocument/documentSymbol" id=569}: new
2026-05-30T13:21:04.640809Z  INFO handle_request{method="textDocument/documentSymbol" id=569}: close time.busy=13.2µs time.idle=12.9µs
2026-05-30T13:21:04.641163Z  INFO handle_request{method="textDocument/documentSymbol" id=570}: new
2026-05-30T13:21:04.641174Z  INFO handle_request{method="textDocument/documentSymbol" id=570}: close time.busy=5.06µs time.idle=5.91µs
2026-05-30T13:21:06.185779Z  INFO handle_notification{method="textDocument/didChange"}: new
2026-05-30T13:21:06.185817Z  INFO handle_notification{method="textDocument/didChange"}: close time.busy=23.5µs time.idle=15.7µs
2026-05-30T13:21:06.238137Z  INFO handle_request{method="textDocument/completion" id=571}: new
2026-05-30T13:21:06.238165Z  INFO handle_request{method="textDocument/completion" id=571}: close time.busy=14.5µs time.idle=14.0µs
2026-05-30T13:21:06.238190Z  INFO pb_proj::upd: new
2026-05-30T13:21:06.238352Z  INFO pb_proj::upd: close time.busy=154µs time.idle=8.48µs
2026-05-30T13:21:06.238429Z  INFO send_notification{method="telemetry/event"}: new
2026-05-30T13:21:06.238442Z  INFO send_notification{method="telemetry/event"}: close time.busy=2.55µs time.idle=11.1µs
2026-05-30T13:21:06.372077Z  INFO handle_notification{method="textDocument/didChange"}: new
2026-05-30T13:21:06.372108Z  INFO handle_notification{method="textDocument/didChange"}: close time.busy=19.6µs time.idle=12.5µs
2026-05-30T13:21:06.423550Z  INFO handle_request{method="textDocument/completion" id=572}: new
2026-05-30T13:21:06.423574Z  INFO handle_request{method="textDocument/completion" id=572}: close time.busy=14.2µs time.idle=10.5µs
2026-05-30T13:21:06.423695Z  INFO pb_proj::upd: new
2026-05-30T13:21:06.423802Z  INFO pb_proj::upd: close time.busy=96.3µs time.idle=11.2µs
2026-05-30T13:21:06.423881Z  INFO send_notification{method="telemetry/event"}: new
2026-05-30T13:21:06.423888Z  INFO send_notification{method="telemetry/event"}: close time.busy=2.12µs time.idle=4.98µs
2026-05-30T13:21:06.572901Z  INFO handle_request{method="textDocument/foldingRange" id=573}: new
2026-05-30T13:21:06.572936Z  INFO handle_request{method="textDocument/foldingRange" id=573}: close time.busy=18.3µs time.idle=17.0µs
2026-05-30T13:21:06.672327Z  INFO handle_notification{method="textDocument/didChange"}: new
2026-05-30T13:21:06.672358Z  INFO handle_notification{method="textDocument/didChange"}: close time.busy=18.8µs time.idle=13.5µs
2026-05-30T13:21:06.723274Z  INFO handle_request{method="textDocument/documentSymbol" id=574}: new
2026-05-30T13:21:06.723309Z  INFO handle_request{method="textDocument/documentSymbol" id=574}: close time.busy=21.1µs time.idle=14.2µs
2026-05-30T13:21:06.723322Z  INFO handle_notification{method="$/cancelRequest"}: new
2026-05-30T13:21:06.723327Z  INFO handle_notification{method="$/cancelRequest"}: Cancelled request id = 574
2026-05-30T13:21:06.723332Z  INFO handle_notification{method="$/cancelRequest"}: close time.busy=6.00µs time.idle=4.53µs
2026-05-30T13:21:06.723333Z  INFO pb_proj::upd: new
2026-05-30T13:21:06.723487Z  INFO pb_proj::upd: close time.busy=145µs time.idle=9.53µs
2026-05-30T13:21:06.723500Z ERROR Error happened during request handling: RawRpcError { code: -32800, message: "cancelled", data: None }
2026-05-30T13:21:06.723517Z  INFO handle_request{method="textDocument/completion" id=575}: new
2026-05-30T13:21:06.723534Z  INFO handle_request{method="textDocument/completion" id=575}: close time.busy=9.44µs time.idle=7.70µs
2026-05-30T13:21:06.723586Z  INFO send_notification{method="telemetry/event"}: new
2026-05-30T13:21:06.723594Z  INFO send_notification{method="telemetry/event"}: close time.busy=1.64µs time.idle=7.01µs
2026-05-30T13:21:06.872480Z  INFO handle_notification{method="textDocument/didChange"}: new
2026-05-30T13:21:06.872519Z  INFO handle_notification{method="textDocument/didChange"}: close time.busy=22.8µs time.idle=16.5µs
2026-05-30T13:21:07.072623Z  INFO pb_proj::upd: new
2026-05-30T13:21:07.072749Z  INFO pb_proj::upd: close time.busy=107µs time.idle=20.1µs
2026-05-30T13:21:07.072767Z  INFO GC: vers to remove: [Version(237), Version(238), Version(239), Version(240)]
2026-05-30T13:21:07.072884Z  INFO send_notification{method="textDocument/publishDiagnostics"}: new
2026-05-30T13:21:07.072893Z  INFO send_notification{method="textDocument/publishDiagnostics"}: close time.busy=4.17µs time.idle=5.80µs
2026-05-30T13:21:07.073166Z  INFO handle_request{method="textDocument/foldingRange" id=576}: new
2026-05-30T13:21:07.073188Z  INFO handle_request{method="textDocument/foldingRange" id=576}: close time.busy=13.1µs time.idle=8.59µs
2026-05-30T13:21:07.223357Z  INFO handle_request{method="textDocument/documentSymbol" id=577}: new
2026-05-30T13:21:07.223384Z  INFO handle_request{method="textDocument/documentSymbol" id=577}: close time.busy=14.5µs time.idle=13.5µs
2026-05-30T13:21:07.223394Z  INFO handle_request{method="textDocument/documentSymbol" id=578}: new
2026-05-30T13:21:07.223411Z  INFO handle_request{method="textDocument/documentSymbol" id=578}: close time.busy=14.1µs time.idle=2.84µs
2026-05-30T13:21:07.706741Z  INFO handle_notification{method="textDocument/didChange"}: new
2026-05-30T13:21:07.706774Z  INFO handle_notification{method="textDocument/didChange"}: close time.busy=19.9µs time.idle=13.9µs
2026-05-30T13:21:07.758058Z  INFO handle_request{method="textDocument/completion" id=579}: new
2026-05-30T13:21:07.758090Z  INFO handle_request{method="textDocument/completion" id=579}: close time.busy=18.2µs time.idle=15.4µs
2026-05-30T13:21:07.758103Z  INFO pb_proj::upd: new
2026-05-30T13:21:07.758260Z  INFO pb_proj::upd: close time.busy=150µs time.idle=8.23µs
2026-05-30T13:21:07.758318Z  INFO send_notification{method="telemetry/event"}: new
2026-05-30T13:21:07.758327Z  INFO send_notification{method="telemetry/event"}: close time.busy=2.00µs time.idle=7.96µs
2026-05-30T13:21:07.812658Z  INFO handle_notification{method="textDocument/didChange"}: new
2026-05-30T13:21:07.812686Z  INFO handle_notification{method="textDocument/didChange"}: close time.busy=17.2µs time.idle=11.0µs
2026-05-30T13:21:08.012781Z  INFO pb_proj::upd: new
2026-05-30T13:21:08.013188Z  INFO pb_proj::upd: close time.busy=393µs time.idle=14.8µs
2026-05-30T13:21:08.013208Z  INFO GC: vers to remove: [Version(241), Version(242)]
2026-05-30T13:21:08.013307Z  INFO send_notification{method="textDocument/publishDiagnostics"}: new
2026-05-30T13:21:08.013314Z  INFO send_notification{method="textDocument/publishDiagnostics"}: close time.busy=3.06µs time.idle=4.95µs
2026-05-30T13:21:08.013702Z  INFO handle_request{method="textDocument/foldingRange" id=580}: new
2026-05-30T13:21:08.013717Z  INFO handle_request{method="textDocument/foldingRange" id=580}: close time.busy=9.75µs time.idle=5.91µs
2026-05-30T13:21:08.163259Z  INFO handle_request{method="textDocument/documentSymbol" id=581}: new
2026-05-30T13:21:08.163283Z  INFO handle_request{method="textDocument/documentSymbol" id=581}: close time.busy=13.2µs time.idle=12.3µs
2026-05-30T13:21:08.163592Z  INFO handle_request{method="textDocument/documentSymbol" id=582}: new
2026-05-30T13:21:08.163605Z  INFO handle_request{method="textDocument/documentSymbol" id=582}: close time.busy=6.37µs time.idle=6.37µs
2026-05-30T13:21:08.347554Z  INFO handle_notification{method="textDocument/didChange"}: new
2026-05-30T13:21:08.347584Z  INFO handle_notification{method="textDocument/didChange"}: close time.busy=17.1µs time.idle=13.3µs
2026-05-30T13:21:08.547688Z  INFO pb_proj::upd: new
2026-05-30T13:21:08.547843Z  INFO pb_proj::upd: close time.busy=132µs time.idle=23.5µs
2026-05-30T13:21:08.547864Z  INFO GC: vers to remove: [Version(243)]
2026-05-30T13:21:08.547993Z  INFO send_notification{method="textDocument/publishDiagnostics"}: new
2026-05-30T13:21:08.548001Z  INFO send_notification{method="textDocument/publishDiagnostics"}: close time.busy=2.87µs time.idle=4.77µs
2026-05-30T13:21:08.548691Z  INFO handle_request{method="textDocument/foldingRange" id=583}: new
2026-05-30T13:21:08.548711Z  INFO handle_request{method="textDocument/foldingRange" id=583}: close time.busy=10.8µs time.idle=8.69µs
2026-05-30T13:21:08.698191Z  INFO handle_request{method="textDocument/documentSymbol" id=584}: new
2026-05-30T13:21:08.698216Z  INFO handle_request{method="textDocument/documentSymbol" id=584}: close time.busy=13.3µs time.idle=12.3µs
2026-05-30T13:21:08.698658Z  INFO handle_request{method="textDocument/documentSymbol" id=585}: new
2026-05-30T13:21:08.698674Z  INFO handle_request{method="textDocument/documentSymbol" id=585}: close time.busy=7.04µs time.idle=9.36µs
2026-05-30T13:21:09.034568Z  INFO handle_notification{method="textDocument/didChange"}: new
2026-05-30T13:21:09.034600Z  INFO handle_notification{method="textDocument/didChange"}: close time.busy=19.4µs time.idle=13.7µs
2026-05-30T13:21:09.234700Z  INFO pb_proj::upd: new
2026-05-30T13:21:09.234838Z  INFO pb_proj::upd: close time.busy=123µs time.idle=16.3µs
2026-05-30T13:21:09.234852Z  INFO GC: vers to remove: [Version(244)]
2026-05-30T13:21:09.234959Z  INFO send_notification{method="textDocument/publishDiagnostics"}: new
2026-05-30T13:21:09.234967Z  INFO send_notification{method="textDocument/publishDiagnostics"}: close time.busy=2.80µs time.idle=4.82µs
2026-05-30T13:21:09.235732Z  INFO handle_request{method="textDocument/foldingRange" id=586}: new
2026-05-30T13:21:09.235752Z  INFO handle_request{method="textDocument/foldingRange" id=586}: close time.busy=11.9µs time.idle=8.37µs
2026-05-30T13:21:09.328333Z  INFO handle_notification{method="textDocument/didChange"}: new
2026-05-30T13:21:09.328362Z  INFO handle_notification{method="textDocument/didChange"}: close time.busy=16.7µs time.idle=12.4µs
2026-05-30T13:21:09.379993Z  INFO handle_request{method="textDocument/completion" id=587}: new
2026-05-30T13:21:09.380023Z  INFO handle_request{method="textDocument/completion" id=587}: close time.busy=17.3µs time.idle=13.4µs
2026-05-30T13:21:09.380037Z  INFO pb_proj::upd: new
2026-05-30T13:21:09.380209Z  INFO pb_proj::upd: close time.busy=165µs time.idle=7.43µs
2026-05-30T13:21:09.380264Z  INFO send_notification{method="telemetry/event"}: new
2026-05-30T13:21:09.380273Z  INFO send_notification{method="telemetry/event"}: close time.busy=1.86µs time.idle=7.23µs
2026-05-30T13:21:09.530015Z  INFO handle_request{method="textDocument/foldingRange" id=588}: new
2026-05-30T13:21:09.530044Z  INFO handle_request{method="textDocument/foldingRange" id=588}: close time.busy=14.1µs time.idle=16.0µs
2026-05-30T13:21:09.622071Z  INFO handle_notification{method="textDocument/didChange"}: new
2026-05-30T13:21:09.622106Z  INFO handle_notification{method="textDocument/didChange"}: close time.busy=22.8µs time.idle=12.8µs
2026-05-30T13:21:09.673462Z  INFO handle_request{method="textDocument/completion" id=589}: new
2026-05-30T13:21:09.673493Z  INFO handle_request{method="textDocument/completion" id=589}: close time.busy=17.6µs time.idle=14.0µs
2026-05-30T13:21:09.673520Z  INFO pb_proj::upd: new
2026-05-30T13:21:09.673719Z  INFO pb_proj::upd: close time.busy=187µs time.idle=11.9µs
2026-05-30T13:21:09.673785Z  INFO send_notification{method="telemetry/event"}: new
2026-05-30T13:21:09.673799Z  INFO send_notification{method="telemetry/event"}: close time.busy=4.43µs time.idle=9.06µs
2026-05-30T13:21:09.755157Z  INFO handle_notification{method="textDocument/didChange"}: new
2026-05-30T13:21:09.755192Z  INFO handle_notification{method="textDocument/didChange"}: close time.busy=20.5µs time.idle=15.9µs
2026-05-30T13:21:09.806232Z  INFO handle_request{method="textDocument/completion" id=590}: new
2026-05-30T13:21:09.806256Z  INFO handle_request{method="textDocument/completion" id=590}: close time.busy=14.0µs time.idle=10.8µs
2026-05-30T13:21:09.806470Z  INFO pb_proj::upd: new
2026-05-30T13:21:09.806583Z  INFO pb_proj::upd: close time.busy=103µs time.idle=10.5µs
2026-05-30T13:21:09.806645Z  INFO send_notification{method="telemetry/event"}: new
2026-05-30T13:21:09.806654Z  INFO send_notification{method="telemetry/event"}: close time.busy=2.16µs time.idle=7.25µs
2026-05-30T13:21:09.955904Z  INFO handle_request{method="textDocument/foldingRange" id=591}: new
2026-05-30T13:21:09.955931Z  INFO handle_request{method="textDocument/foldingRange" id=591}: close time.busy=14.0µs time.idle=14.3µs
2026-05-30T13:21:10.105718Z  INFO handle_request{method="textDocument/documentSymbol" id=592}: new
2026-05-30T13:21:10.105744Z  INFO handle_request{method="textDocument/documentSymbol" id=592}: close time.busy=14.8µs time.idle=13.0µs
2026-05-30T13:21:10.105755Z  INFO handle_request{method="textDocument/documentSymbol" id=593}: new
2026-05-30T13:21:10.105760Z  INFO handle_request{method="textDocument/documentSymbol" id=593}: close time.busy=2.74µs time.idle=2.91µs
2026-05-30T13:21:10.306011Z  INFO GC: vers to remove: [Version(245), Version(246), Version(247)]
2026-05-30T13:21:10.306149Z  INFO send_notification{method="textDocument/publishDiagnostics"}: new
2026-05-30T13:21:10.306159Z  INFO send_notification{method="textDocument/publishDiagnostics"}: close time.busy=3.16µs time.idle=6.61µs
2026-05-30T13:21:14.601338Z  INFO handle_notification{method="textDocument/didChange"}: new
2026-05-30T13:21:14.601376Z  INFO handle_notification{method="textDocument/didChange"}: close time.busy=23.0µs time.idle=15.2µs
2026-05-30T13:21:14.747211Z  INFO handle_notification{method="textDocument/didChange"}: new
2026-05-30T13:21:14.747250Z  INFO handle_notification{method="textDocument/didChange"}: close time.busy=20.3µs time.idle=19.8µs
2026-05-30T13:21:14.947363Z  INFO pb_proj::upd: new
2026-05-30T13:21:14.947498Z  INFO pb_proj::upd: close time.busy=119µs time.idle=17.6µs
2026-05-30T13:21:14.947514Z  INFO GC: vers to remove: [Version(248)]
2026-05-30T13:21:14.947612Z  INFO send_notification{method="textDocument/publishDiagnostics"}: new
2026-05-30T13:21:14.947619Z  INFO send_notification{method="textDocument/publishDiagnostics"}: close time.busy=3.36µs time.idle=4.56µs
2026-05-30T13:21:14.947693Z  INFO handle_request{method="textDocument/foldingRange" id=594}: new
2026-05-30T13:21:14.947712Z  INFO handle_request{method="textDocument/foldingRange" id=594}: close time.busy=11.3µs time.idle=8.25µs
2026-05-30T13:21:15.098128Z  INFO handle_request{method="textDocument/documentSymbol" id=595}: new
2026-05-30T13:21:15.098156Z  INFO handle_request{method="textDocument/documentSymbol" id=595}: close time.busy=14.3µs time.idle=14.0µs
2026-05-30T13:21:15.098165Z  INFO handle_request{method="textDocument/documentSymbol" id=596}: new
2026-05-30T13:21:15.098170Z  INFO handle_request{method="textDocument/documentSymbol" id=596}: close time.busy=2.54µs time.idle=2.55µs
2026-05-30T13:21:15.434298Z  INFO handle_notification{method="textDocument/didChange"}: new
2026-05-30T13:21:15.434336Z  INFO handle_notification{method="textDocument/didChange"}: close time.busy=24.2µs time.idle=15.5µs
2026-05-30T13:21:15.485379Z  INFO handle_request{method="textDocument/completion" id=597}: new
2026-05-30T13:21:15.485411Z  INFO handle_request{method="textDocument/completion" id=597}: close time.busy=18.9µs time.idle=14.6µs
2026-05-30T13:21:15.485487Z  INFO pb_proj::upd: new
2026-05-30T13:21:15.485714Z  INFO pb_proj::upd: close time.busy=219µs time.idle=9.20µs
2026-05-30T13:21:15.485785Z  INFO send_notification{method="telemetry/event"}: new
2026-05-30T13:21:15.485796Z  INFO send_notification{method="telemetry/event"}: close time.busy=2.18µs time.idle=9.05µs
2026-05-30T13:21:15.607886Z  INFO handle_notification{method="textDocument/didChange"}: new
2026-05-30T13:21:15.607930Z  INFO handle_notification{method="textDocument/didChange"}: close time.busy=28.8µs time.idle=15.8µs
2026-05-30T13:21:15.808052Z  INFO pb_proj::upd: new
2026-05-30T13:21:15.808202Z  INFO pb_proj::upd: close time.busy=125µs time.idle=26.5µs
2026-05-30T13:21:15.808218Z  INFO GC: vers to remove: [Version(249), Version(250)]
2026-05-30T13:21:15.808319Z  INFO send_notification{method="textDocument/publishDiagnostics"}: new
2026-05-30T13:21:15.808326Z  INFO send_notification{method="textDocument/publishDiagnostics"}: close time.busy=3.42µs time.idle=4.03µs
2026-05-30T13:21:15.810120Z  INFO handle_request{method="textDocument/foldingRange" id=598}: new
2026-05-30T13:21:15.810139Z  INFO handle_request{method="textDocument/foldingRange" id=598}: close time.busy=11.9µs time.idle=7.48µs
2026-05-30T13:21:15.958457Z  INFO handle_request{method="textDocument/documentSymbol" id=599}: new
2026-05-30T13:21:15.958484Z  INFO handle_request{method="textDocument/documentSymbol" id=599}: close time.busy=15.6µs time.idle=12.7µs
2026-05-30T13:21:15.959160Z  INFO handle_request{method="textDocument/documentSymbol" id=600}: new
2026-05-30T13:21:15.959176Z  INFO handle_request{method="textDocument/documentSymbol" id=600}: close time.busy=7.45µs time.idle=8.09µs
2026-05-30T13:21:15.960893Z  INFO handle_notification{method="textDocument/didChange"}: new
2026-05-30T13:21:15.960912Z  INFO handle_notification{method="textDocument/didChange"}: close time.busy=14.0µs time.idle=5.82µs
2026-05-30T13:21:16.135008Z  INFO handle_notification{method="textDocument/didChange"}: new
2026-05-30T13:21:16.135043Z  INFO handle_notification{method="textDocument/didChange"}: close time.busy=19.9µs time.idle=15.6µs
2026-05-30T13:21:16.227800Z  INFO handle_notification{method="textDocument/didChange"}: new
2026-05-30T13:21:16.227833Z  INFO handle_notification{method="textDocument/didChange"}: close time.busy=18.7µs time.idle=15.6µs
2026-05-30T13:21:16.427907Z  INFO pb_proj::upd: new
2026-05-30T13:21:16.428016Z  INFO pb_proj::upd: close time.busy=89.5µs time.idle=20.1µs
2026-05-30T13:21:16.428034Z  INFO GC: vers to remove: [Version(251)]
2026-05-30T13:21:16.428218Z  INFO send_notification{method="textDocument/publishDiagnostics"}: new
2026-05-30T13:21:16.428231Z  INFO send_notification{method="textDocument/publishDiagnostics"}: close time.busy=4.60µs time.idle=7.92µs
2026-05-30T13:21:16.428760Z  INFO handle_request{method="textDocument/foldingRange" id=601}: new
2026-05-30T13:21:16.428781Z  INFO handle_request{method="textDocument/foldingRange" id=601}: close time.busy=11.9µs time.idle=9.25µs
2026-05-30T13:21:16.454908Z  INFO handle_notification{method="textDocument/didChange"}: new
2026-05-30T13:21:16.454940Z  INFO handle_notification{method="textDocument/didChange"}: close time.busy=19.8µs time.idle=11.9µs
2026-05-30T13:21:16.540887Z  INFO handle_notification{method="textDocument/didChange"}: new
2026-05-30T13:21:16.540914Z  INFO handle_notification{method="textDocument/didChange"}: close time.busy=16.4µs time.idle=11.4µs
2026-05-30T13:21:16.741020Z  INFO pb_proj::upd: new
2026-05-30T13:21:16.741151Z  INFO pb_proj::upd: close time.busy=115µs time.idle=16.1µs
2026-05-30T13:21:16.741168Z  INFO GC: vers to remove: [Version(252)]
2026-05-30T13:21:16.741450Z  INFO send_notification{method="textDocument/publishDiagnostics"}: new
2026-05-30T13:21:16.741460Z  INFO send_notification{method="textDocument/publishDiagnostics"}: close time.busy=3.02µs time.idle=7.36µs
2026-05-30T13:21:16.741542Z  INFO handle_request{method="textDocument/foldingRange" id=602}: new
2026-05-30T13:21:16.741558Z  INFO handle_request{method="textDocument/foldingRange" id=602}: close time.busy=9.32µs time.idle=7.78µs
2026-05-30T13:21:16.891524Z  INFO handle_request{method="textDocument/documentSymbol" id=603}: new
2026-05-30T13:21:16.891554Z  INFO handle_request{method="textDocument/documentSymbol" id=603}: close time.busy=13.7µs time.idle=16.7µs
2026-05-30T13:21:16.891686Z  INFO handle_request{method="textDocument/documentSymbol" id=604}: new
2026-05-30T13:21:16.891694Z  INFO handle_request{method="textDocument/documentSymbol" id=604}: close time.busy=3.76µs time.idle=4.39µs
2026-05-30T13:21:17.442584Z  INFO handle_notification{method="textDocument/didChange"}: new
2026-05-30T13:21:17.442613Z  INFO handle_notification{method="textDocument/didChange"}: close time.busy=19.0µs time.idle=10.9µs
2026-05-30T13:21:17.642706Z  INFO pb_proj::upd: new
2026-05-30T13:21:17.642815Z  INFO pb_proj::upd: close time.busy=94.1µs time.idle=15.3µs
2026-05-30T13:21:17.642832Z  INFO GC: vers to remove: [Version(253)]
2026-05-30T13:21:17.642887Z  INFO handle_request{method="textDocument/foldingRange" id=605}: new
2026-05-30T13:21:17.642907Z  INFO handle_request{method="textDocument/foldingRange" id=605}: close time.busy=10.2µs time.idle=10.2µs
2026-05-30T13:21:17.642911Z  INFO send_notification{method="textDocument/publishDiagnostics"}: new
2026-05-30T13:21:17.642919Z  INFO send_notification{method="textDocument/publishDiagnostics"}: close time.busy=3.30µs time.idle=4.69µs
2026-05-30T13:21:17.793047Z  INFO handle_request{method="textDocument/documentSymbol" id=606}: new
2026-05-30T13:21:17.793071Z  INFO handle_request{method="textDocument/documentSymbol" id=606}: close time.busy=12.8µs time.idle=11.9µs
2026-05-30T13:21:17.793079Z  INFO handle_request{method="textDocument/documentSymbol" id=607}: new
2026-05-30T13:21:17.793087Z  INFO handle_request{method="textDocument/documentSymbol" id=607}: close time.busy=5.36µs time.idle=2.61µs
2026-05-30T13:21:17.793913Z  INFO handle_request{method="textDocument/foldingRange" id=608}: new
2026-05-30T13:21:17.793927Z  INFO handle_request{method="textDocument/foldingRange" id=608}: close time.busy=7.29µs time.idle=6.57µs
2026-05-30T13:21:18.370462Z  INFO handle_notification{method="textDocument/didChange"}: new
2026-05-30T13:21:18.370496Z  INFO handle_notification{method="textDocument/didChange"}: close time.busy=20.6µs time.idle=13.4µs
2026-05-30T13:21:18.570589Z  INFO pb_proj::upd: new
2026-05-30T13:21:18.570945Z  INFO handle_request{method="textDocument/foldingRange" id=609}: new
2026-05-30T13:21:18.570962Z  INFO handle_request{method="textDocument/foldingRange" id=609}: close time.busy=9.46µs time.idle=7.72µs
2026-05-30T13:21:18.571013Z  INFO pb_proj::upd: close time.busy=409µs time.idle=15.6µs
2026-05-30T13:21:18.571033Z  INFO GC: vers to remove: [Version(254)]
2026-05-30T13:21:18.571160Z  INFO send_notification{method="textDocument/publishDiagnostics"}: new
2026-05-30T13:21:18.571166Z  INFO send_notification{method="textDocument/publishDiagnostics"}: close time.busy=2.02µs time.idle=4.06µs
2026-05-30T13:21:18.721082Z  INFO handle_request{method="textDocument/documentSymbol" id=610}: new
2026-05-30T13:21:18.721106Z  INFO handle_request{method="textDocument/documentSymbol" id=610}: close time.busy=12.9µs time.idle=11.9µs
2026-05-30T13:21:18.721115Z  INFO handle_request{method="textDocument/documentSymbol" id=611}: new
2026-05-30T13:21:18.721120Z  INFO handle_request{method="textDocument/documentSymbol" id=611}: close time.busy=2.35µs time.idle=2.64µs
2026-05-30T13:21:19.431653Z  INFO handle_notification{method="textDocument/didChange"}: new
2026-05-30T13:21:19.431686Z  INFO handle_notification{method="textDocument/didChange"}: close time.busy=21.2µs time.idle=13.7µs
2026-05-30T13:21:19.584591Z  INFO handle_notification{method="textDocument/didChange"}: new
2026-05-30T13:21:19.584629Z  INFO handle_notification{method="textDocument/didChange"}: close time.busy=23.4µs time.idle=15.1µs
2026-05-30T13:21:19.704580Z  INFO handle_notification{method="textDocument/didChange"}: new
2026-05-30T13:21:19.704613Z  INFO handle_notification{method="textDocument/didChange"}: close time.busy=18.7µs time.idle=14.7µs
2026-05-30T13:21:19.812326Z  INFO handle_notification{method="textDocument/didChange"}: new
2026-05-30T13:21:19.812358Z  INFO handle_notification{method="textDocument/didChange"}: close time.busy=18.9µs time.idle=14.6µs
2026-05-30T13:21:19.925380Z  INFO handle_notification{method="textDocument/didChange"}: new
2026-05-30T13:21:19.925414Z  INFO handle_notification{method="textDocument/didChange"}: close time.busy=18.9µs time.idle=15.6µs
2026-05-30T13:21:20.125534Z  INFO pb_proj::upd: new
2026-05-30T13:21:20.125740Z  INFO pb_proj::upd: close time.busy=182µs time.idle=25.0µs
2026-05-30T13:21:20.125761Z  INFO GC: vers to remove: [Version(255)]
2026-05-30T13:21:20.125905Z  INFO send_notification{method="textDocument/publishDiagnostics"}: new
2026-05-30T13:21:20.125915Z  INFO send_notification{method="textDocument/publishDiagnostics"}: close time.busy=2.78µs time.idle=6.98µs
2026-05-30T13:21:20.126188Z  INFO handle_request{method="textDocument/foldingRange" id=612}: new
2026-05-30T13:21:20.126208Z  INFO handle_request{method="textDocument/foldingRange" id=612}: close time.busy=11.2µs time.idle=9.18µs
2026-05-30T13:21:20.276450Z  INFO handle_request{method="textDocument/documentSymbol" id=613}: new
2026-05-30T13:21:20.276477Z  INFO handle_request{method="textDocument/documentSymbol" id=613}: close time.busy=13.7µs time.idle=14.6µs
2026-05-30T13:21:20.276487Z  INFO handle_request{method="textDocument/documentSymbol" id=614}: new
2026-05-30T13:21:20.276493Z  INFO handle_request{method="textDocument/documentSymbol" id=614}: close time.busy=2.48µs time.idle=2.95µs
2026-05-30T13:21:20.332307Z  INFO handle_notification{method="textDocument/didChange"}: new
2026-05-30T13:21:20.332340Z  INFO handle_notification{method="textDocument/didChange"}: close time.busy=19.6µs time.idle=14.2µs
2026-05-30T13:21:20.532455Z  INFO pb_proj::upd: new
2026-05-30T13:21:20.532624Z  INFO pb_proj::upd: close time.busy=142µs time.idle=27.9µs
2026-05-30T13:21:20.532644Z  INFO GC: vers to remove: [Version(256)]
2026-05-30T13:21:20.532760Z  INFO send_notification{method="textDocument/publishDiagnostics"}: new
2026-05-30T13:21:20.532768Z  INFO send_notification{method="textDocument/publishDiagnostics"}: close time.busy=3.33µs time.idle=4.91µs
2026-05-30T13:21:20.533111Z  INFO handle_request{method="textDocument/foldingRange" id=615}: new
2026-05-30T13:21:20.533132Z  INFO handle_request{method="textDocument/foldingRange" id=615}: close time.busy=11.6µs time.idle=9.55µs
2026-05-30T13:21:20.558786Z  INFO handle_notification{method="textDocument/didChange"}: new
2026-05-30T13:21:20.558811Z  INFO handle_notification{method="textDocument/didChange"}: close time.busy=14.1µs time.idle=10.5µs
2026-05-30T13:21:20.758912Z  INFO pb_proj::upd: new
2026-05-30T13:21:20.759121Z  INFO pb_proj::upd: close time.busy=182µs time.idle=27.5µs
2026-05-30T13:21:20.759142Z  INFO GC: vers to remove: [Version(257)]
2026-05-30T13:21:20.759256Z  INFO send_notification{method="textDocument/publishDiagnostics"}: new
2026-05-30T13:21:20.759265Z  INFO send_notification{method="textDocument/publishDiagnostics"}: close time.busy=3.49µs time.idle=5.29µs
2026-05-30T13:21:20.759579Z  INFO handle_request{method="textDocument/foldingRange" id=616}: new
2026-05-30T13:21:20.759596Z  INFO handle_request{method="textDocument/foldingRange" id=616}: close time.busy=9.92µs time.idle=7.83µs
2026-05-30T13:21:20.909854Z  INFO handle_request{method="textDocument/documentSymbol" id=617}: new
2026-05-30T13:21:20.909911Z  INFO handle_request{method="textDocument/documentSymbol" id=617}: close time.busy=43.3µs time.idle=14.2µs
2026-05-30T13:21:20.909925Z  INFO handle_request{method="textDocument/documentSymbol" id=618}: new
2026-05-30T13:21:20.909933Z  INFO handle_request{method="textDocument/documentSymbol" id=618}: close time.busy=5.32µs time.idle=2.92µs
2026-05-30T13:21:20.946612Z  INFO handle_notification{method="textDocument/didChange"}: new
2026-05-30T13:21:20.946651Z  INFO handle_notification{method="textDocument/didChange"}: close time.busy=24.6µs time.idle=15.4µs
2026-05-30T13:21:21.146762Z  INFO pb_proj::upd: new
2026-05-30T13:21:21.146909Z  INFO pb_proj::upd: close time.busy=126µs time.idle=21.1µs
2026-05-30T13:21:21.146929Z  INFO GC: vers to remove: [Version(258)]
2026-05-30T13:21:21.147083Z  INFO send_notification{method="textDocument/publishDiagnostics"}: new
2026-05-30T13:21:21.147095Z  INFO send_notification{method="textDocument/publishDiagnostics"}: close time.busy=3.97µs time.idle=8.72µs
2026-05-30T13:21:21.147517Z  INFO handle_request{method="textDocument/foldingRange" id=619}: new
2026-05-30T13:21:21.147537Z  INFO handle_request{method="textDocument/foldingRange" id=619}: close time.busy=11.0µs time.idle=9.47µs
2026-05-30T13:21:21.159602Z  INFO handle_notification{method="textDocument/didChange"}: new
2026-05-30T13:21:21.159625Z  INFO handle_notification{method="textDocument/didChange"}: close time.busy=14.1µs time.idle=9.77µs
2026-05-30T13:21:21.286571Z  INFO handle_notification{method="textDocument/didChange"}: new
2026-05-30T13:21:21.286609Z  INFO handle_notification{method="textDocument/didChange"}: close time.busy=17.9µs time.idle=21.3µs
2026-05-30T13:21:21.486744Z  INFO pb_proj::upd: new
2026-05-30T13:21:21.486894Z  INFO pb_proj::upd: close time.busy=129µs time.idle=22.1µs
2026-05-30T13:21:21.486914Z  INFO GC: vers to remove: [Version(259)]
2026-05-30T13:21:21.487033Z  INFO send_notification{method="textDocument/publishDiagnostics"}: new
2026-05-30T13:21:21.487040Z  INFO send_notification{method="textDocument/publishDiagnostics"}: close time.busy=2.71µs time.idle=3.97µs
2026-05-30T13:21:21.487468Z  INFO handle_request{method="textDocument/foldingRange" id=620}: new
2026-05-30T13:21:21.487487Z  INFO handle_request{method="textDocument/foldingRange" id=620}: close time.busy=10.6µs time.idle=9.23µs
2026-05-30T13:21:21.637525Z  INFO handle_request{method="textDocument/documentSymbol" id=621}: new
2026-05-30T13:21:21.637554Z  INFO handle_request{method="textDocument/documentSymbol" id=621}: close time.busy=14.1µs time.idle=15.3µs
2026-05-30T13:21:21.637564Z  INFO handle_request{method="textDocument/documentSymbol" id=622}: new
2026-05-30T13:21:21.637569Z  INFO handle_request{method="textDocument/documentSymbol" id=622}: close time.busy=2.64µs time.idle=2.91µs
2026-05-30T13:21:21.674484Z  INFO handle_notification{method="textDocument/didChange"}: new
2026-05-30T13:21:21.674515Z  INFO handle_notification{method="textDocument/didChange"}: close time.busy=19.6µs time.idle=12.6µs
2026-05-30T13:21:21.827480Z  INFO handle_notification{method="textDocument/didChange"}: new
2026-05-30T13:21:21.827508Z  INFO handle_notification{method="textDocument/didChange"}: close time.busy=16.4µs time.idle=12.8µs
2026-05-30T13:21:22.027649Z  INFO pb_proj::upd: new
2026-05-30T13:21:22.027829Z  INFO pb_proj::upd: close time.busy=156µs time.idle=25.6µs
2026-05-30T13:21:22.027847Z  INFO GC: vers to remove: [Version(260)]
2026-05-30T13:21:22.027968Z  INFO send_notification{method="textDocument/publishDiagnostics"}: new
2026-05-30T13:21:22.027976Z  INFO send_notification{method="textDocument/publishDiagnostics"}: close time.busy=2.82µs time.idle=4.77µs
2026-05-30T13:21:22.028259Z  INFO handle_request{method="textDocument/foldingRange" id=623}: new
2026-05-30T13:21:22.028277Z  INFO handle_request{method="textDocument/foldingRange" id=623}: close time.busy=10.6µs time.idle=7.14µs
2026-05-30T13:21:22.178198Z  INFO handle_request{method="textDocument/documentSymbol" id=624}: new
2026-05-30T13:21:22.178223Z  INFO handle_request{method="textDocument/documentSymbol" id=624}: close time.busy=14.0µs time.idle=12.1µs
2026-05-30T13:21:22.178232Z  INFO handle_request{method="textDocument/documentSymbol" id=625}: new
2026-05-30T13:21:22.178237Z  INFO handle_request{method="textDocument/documentSymbol" id=625}: close time.busy=2.43µs time.idle=2.64µs
2026-05-30T13:21:22.608532Z  INFO handle_notification{method="textDocument/didChange"}: new
2026-05-30T13:21:22.608566Z  INFO handle_notification{method="textDocument/didChange"}: close time.busy=21.4µs time.idle=13.8µs
2026-05-30T13:21:22.808694Z  INFO pb_proj::upd: new
2026-05-30T13:21:22.808864Z  INFO pb_proj::upd: close time.busy=143µs time.idle=26.8µs
2026-05-30T13:21:22.808897Z  INFO GC: vers to remove: [Version(261)]
2026-05-30T13:21:22.809011Z  INFO send_notification{method="textDocument/publishDiagnostics"}: new
2026-05-30T13:21:22.809018Z  INFO send_notification{method="textDocument/publishDiagnostics"}: close time.busy=2.55µs time.idle=4.12µs
2026-05-30T13:21:22.809304Z  INFO handle_request{method="textDocument/foldingRange" id=626}: new
2026-05-30T13:21:22.809322Z  INFO handle_request{method="textDocument/foldingRange" id=626}: close time.busy=11.0µs time.idle=7.12µs
2026-05-30T13:21:22.914936Z  INFO handle_notification{method="textDocument/didChange"}: new
2026-05-30T13:21:22.914970Z  INFO handle_notification{method="textDocument/didChange"}: close time.busy=21.3µs time.idle=13.6µs
2026-05-30T13:21:22.959003Z  INFO handle_request{method="textDocument/documentSymbol" id=627}: new
2026-05-30T13:21:22.959024Z  INFO handle_request{method="textDocument/documentSymbol" id=627}: close time.busy=10.6µs time.idle=10.7µs
2026-05-30T13:21:22.959047Z  INFO pb_proj::upd: new
2026-05-30T13:21:22.959141Z  INFO pb_proj::upd: close time.busy=85.9µs time.idle=8.51µs
2026-05-30T13:21:23.115663Z  INFO handle_request{method="textDocument/foldingRange" id=628}: new
2026-05-30T13:21:23.115688Z  INFO handle_request{method="textDocument/foldingRange" id=628}: close time.busy=14.1µs time.idle=12.4µs
2026-05-30T13:21:23.214588Z  INFO handle_notification{method="textDocument/didChange"}: new
2026-05-30T13:21:23.214621Z  INFO handle_notification{method="textDocument/didChange"}: close time.busy=20.1µs time.idle=14.3µs
2026-05-30T13:21:23.414727Z  INFO pb_proj::upd: new
2026-05-30T13:21:23.414916Z  INFO pb_proj::upd: close time.busy=167µs time.idle=23.8µs
2026-05-30T13:21:23.414940Z  INFO GC: vers to remove: [Version(262), Version(263)]
2026-05-30T13:21:23.415055Z  INFO send_notification{method="textDocument/publishDiagnostics"}: new
2026-05-30T13:21:23.415062Z  INFO send_notification{method="textDocument/publishDiagnostics"}: close time.busy=2.75µs time.idle=5.18µs
2026-05-30T13:21:23.415478Z  INFO handle_request{method="textDocument/foldingRange" id=629}: new
2026-05-30T13:21:23.415501Z  INFO handle_request{method="textDocument/foldingRange" id=629}: close time.busy=15.5µs time.idle=7.99µs
2026-05-30T13:21:23.565722Z  INFO handle_request{method="textDocument/documentSymbol" id=630}: new
2026-05-30T13:21:23.565749Z  INFO handle_request{method="textDocument/documentSymbol" id=630}: close time.busy=14.9µs time.idle=13.3µs
2026-05-30T13:21:23.565760Z  INFO handle_request{method="textDocument/documentSymbol" id=631}: new
2026-05-30T13:21:23.565766Z  INFO handle_request{method="textDocument/documentSymbol" id=631}: close time.busy=2.70µs time.idle=3.07µs
2026-05-30T13:21:24.268929Z  INFO handle_notification{method="textDocument/didChange"}: new
2026-05-30T13:21:24.268958Z  INFO handle_notification{method="textDocument/didChange"}: close time.busy=18.2µs time.idle=11.5µs
2026-05-30T13:21:24.469063Z  INFO pb_proj::upd: new
2026-05-30T13:21:24.469225Z  INFO pb_proj::upd: close time.busy=142µs time.idle=20.8µs
2026-05-30T13:21:24.469243Z  INFO GC: vers to remove: [Version(264)]
2026-05-30T13:21:24.469356Z  INFO send_notification{method="textDocument/publishDiagnostics"}: new
2026-05-30T13:21:24.469369Z  INFO send_notification{method="textDocument/publishDiagnostics"}: close time.busy=4.58µs time.idle=8.90µs
2026-05-30T13:21:24.469521Z  INFO handle_request{method="textDocument/foldingRange" id=632}: new
2026-05-30T13:21:24.469541Z  INFO handle_request{method="textDocument/foldingRange" id=632}: close time.busy=11.1µs time.idle=8.52µs
2026-05-30T13:21:24.577347Z  INFO handle_notification{method="textDocument/didChange"}: new
2026-05-30T13:21:24.577387Z  INFO handle_notification{method="textDocument/didChange"}: close time.busy=23.5µs time.idle=17.0µs
2026-05-30T13:21:24.619452Z  INFO handle_request{method="textDocument/documentSymbol" id=633}: new
2026-05-30T13:21:24.619482Z  INFO handle_request{method="textDocument/documentSymbol" id=633}: close time.busy=14.2µs time.idle=16.3µs
2026-05-30T13:21:24.619497Z  INFO pb_proj::upd: new
2026-05-30T13:21:24.619723Z  INFO pb_proj::upd: close time.busy=217µs time.idle=9.01µs
2026-05-30T13:21:24.777922Z  INFO handle_request{method="textDocument/foldingRange" id=634}: new
2026-05-30T13:21:24.777948Z  INFO handle_request{method="textDocument/foldingRange" id=634}: close time.busy=12.5µs time.idle=13.9µs
2026-05-30T13:21:24.789465Z  INFO handle_notification{method="textDocument/didChange"}: new
2026-05-30T13:21:24.789487Z  INFO handle_notification{method="textDocument/didChange"}: close time.busy=12.5µs time.idle=9.58µs
2026-05-30T13:21:24.989652Z  INFO pb_proj::upd: new
2026-05-30T13:21:24.989820Z  INFO pb_proj::upd: close time.busy=145µs time.idle=24.9µs
2026-05-30T13:21:24.989841Z  INFO GC: vers to remove: [Version(265), Version(266)]
2026-05-30T13:21:24.989983Z  INFO send_notification{method="textDocument/publishDiagnostics"}: new
2026-05-30T13:21:24.989990Z  INFO send_notification{method="textDocument/publishDiagnostics"}: close time.busy=2.57µs time.idle=5.34µs
2026-05-30T13:21:24.990427Z  INFO handle_request{method="textDocument/foldingRange" id=635}: new
2026-05-30T13:21:24.990445Z  INFO handle_request{method="textDocument/foldingRange" id=635}: close time.busy=10.4µs time.idle=7.91µs
2026-05-30T13:21:25.097114Z  INFO handle_notification{method="textDocument/didChange"}: new
2026-05-30T13:21:25.097147Z  INFO handle_notification{method="textDocument/didChange"}: close time.busy=19.8µs time.idle=14.0µs
2026-05-30T13:21:25.140538Z  INFO handle_request{method="textDocument/documentSymbol" id=636}: new
2026-05-30T13:21:25.140566Z  INFO handle_request{method="textDocument/documentSymbol" id=636}: close time.busy=13.5µs time.idle=14.8µs
2026-05-30T13:21:25.140795Z  INFO pb_proj::upd: new
2026-05-30T13:21:25.140959Z  INFO pb_proj::upd: close time.busy=156µs time.idle=8.96µs
2026-05-30T13:21:25.264260Z  INFO handle_notification{method="textDocument/didChange"}: new
2026-05-30T13:21:25.264292Z  INFO handle_notification{method="textDocument/didChange"}: close time.busy=19.5µs time.idle=14.0µs
2026-05-30T13:21:25.464404Z  INFO pb_proj::upd: new
2026-05-30T13:21:25.464616Z  INFO pb_proj::upd: close time.busy=185µs time.idle=27.4µs
2026-05-30T13:21:25.464635Z  INFO GC: vers to remove: [Version(267), Version(268)]
2026-05-30T13:21:25.464751Z  INFO send_notification{method="textDocument/publishDiagnostics"}: new
2026-05-30T13:21:25.464758Z  INFO send_notification{method="textDocument/publishDiagnostics"}: close time.busy=2.62µs time.idle=4.19µs
2026-05-30T13:21:25.465096Z  INFO handle_request{method="textDocument/foldingRange" id=637}: new
2026-05-30T13:21:25.465116Z  INFO handle_request{method="textDocument/foldingRange" id=637}: close time.busy=11.0µs time.idle=9.10µs
2026-05-30T13:21:25.615410Z  INFO handle_request{method="textDocument/documentSymbol" id=638}: new
2026-05-30T13:21:25.615437Z  INFO handle_request{method="textDocument/documentSymbol" id=638}: close time.busy=14.7µs time.idle=13.6µs
2026-05-30T13:21:25.615449Z  INFO handle_request{method="textDocument/documentSymbol" id=639}: new
2026-05-30T13:21:25.615456Z  INFO handle_request{method="textDocument/documentSymbol" id=639}: close time.busy=3.65µs time.idle=3.28µs
2026-05-30T13:21:25.671076Z  INFO handle_notification{method="textDocument/didChange"}: new
2026-05-30T13:21:25.671106Z  INFO handle_notification{method="textDocument/didChange"}: close time.busy=18.2µs time.idle=12.6µs
2026-05-30T13:21:25.758304Z  INFO handle_notification{method="textDocument/didChange"}: new
2026-05-30T13:21:25.758337Z  INFO handle_notification{method="textDocument/didChange"}: close time.busy=19.6µs time.idle=14.6µs
2026-05-30T13:21:25.918319Z  INFO handle_notification{method="textDocument/didChange"}: new
2026-05-30T13:21:25.918350Z  INFO handle_notification{method="textDocument/didChange"}: close time.busy=18.0µs time.idle=13.8µs
2026-05-30T13:21:26.118454Z  INFO pb_proj::upd: new
2026-05-30T13:21:26.118581Z  INFO pb_proj::upd: close time.busy=108µs time.idle=20.4µs
2026-05-30T13:21:26.118603Z  INFO GC: vers to remove: [Version(269)]
2026-05-30T13:21:26.118754Z  INFO send_notification{method="textDocument/publishDiagnostics"}: new
2026-05-30T13:21:26.118761Z  INFO send_notification{method="textDocument/publishDiagnostics"}: close time.busy=2.90µs time.idle=4.39µs
2026-05-30T13:21:26.118937Z  INFO handle_request{method="textDocument/foldingRange" id=640}: new
2026-05-30T13:21:26.118953Z  INFO handle_request{method="textDocument/foldingRange" id=640}: close time.busy=9.92µs time.idle=6.85µs
2026-05-30T13:21:26.269358Z  INFO handle_request{method="textDocument/documentSymbol" id=641}: new
2026-05-30T13:21:26.269392Z  INFO handle_request{method="textDocument/documentSymbol" id=641}: close time.busy=14.0µs time.idle=21.0µs
2026-05-30T13:21:26.269402Z  INFO handle_request{method="textDocument/documentSymbol" id=642}: new
2026-05-30T13:21:26.269408Z  INFO handle_request{method="textDocument/documentSymbol" id=642}: close time.busy=3.19µs time.idle=3.30µs
2026-05-30T13:21:26.846523Z  INFO handle_notification{method="textDocument/didChange"}: new
2026-05-30T13:21:26.846556Z  INFO handle_notification{method="textDocument/didChange"}: close time.busy=20.1µs time.idle=13.3µs
2026-05-30T13:21:27.046674Z  INFO pb_proj::upd: new
2026-05-30T13:21:27.046817Z  INFO pb_proj::upd: close time.busy=119µs time.idle=24.3µs
2026-05-30T13:21:27.046836Z  INFO GC: vers to remove: [Version(270)]
2026-05-30T13:21:27.046950Z  INFO send_notification{method="textDocument/publishDiagnostics"}: new
2026-05-30T13:21:27.046956Z  INFO send_notification{method="textDocument/publishDiagnostics"}: close time.busy=2.73µs time.idle=4.11µs
2026-05-30T13:21:27.047022Z  INFO handle_request{method="textDocument/foldingRange" id=643}: new
2026-05-30T13:21:27.047041Z  INFO handle_request{method="textDocument/foldingRange" id=643}: close time.busy=10.1µs time.idle=9.32µs
2026-05-30T13:21:27.197038Z  INFO handle_request{method="textDocument/documentSymbol" id=644}: new
2026-05-30T13:21:27.197064Z  INFO handle_request{method="textDocument/documentSymbol" id=644}: close time.busy=13.8µs time.idle=13.0µs
2026-05-30T13:21:27.197074Z  INFO handle_request{method="textDocument/documentSymbol" id=645}: new
2026-05-30T13:21:27.197080Z  INFO handle_request{method="textDocument/documentSymbol" id=645}: close time.busy=3.40µs time.idle=3.14µs
2026-05-30T13:21:27.909169Z  INFO handle_request{method="textDocument/hover" id=646}: new
2026-05-30T13:21:27.909200Z  INFO handle_request{method="textDocument/hover" id=646}: close time.busy=18.3µs time.idle=13.7µs
2026-05-30T13:21:28.139163Z  INFO handle_request{method="textDocument/hover" id=647}: new
2026-05-30T13:21:28.139192Z  INFO handle_request{method="textDocument/hover" id=647}: close time.busy=16.1µs time.idle=13.6µs
2026-05-30T13:21:53.460151Z  INFO handle_request{method="textDocument/hover" id=648}: new
2026-05-30T13:21:53.460179Z  INFO handle_request{method="textDocument/hover" id=648}: close time.busy=15.4µs time.idle=13.4µs
2026-05-30T13:21:55.701018Z  INFO handle_notification{method="textDocument/didChange"}: new
2026-05-30T13:21:55.701051Z  INFO handle_notification{method="textDocument/didChange"}: close time.busy=17.8µs time.idle=15.8µs
2026-05-30T13:21:55.788024Z  INFO handle_notification{method="textDocument/didChange"}: new
2026-05-30T13:21:55.788058Z  INFO handle_notification{method="textDocument/didChange"}: close time.busy=21.6µs time.idle=13.4µs
2026-05-30T13:21:55.988181Z  INFO pb_proj::upd: new
2026-05-30T13:21:55.988364Z  INFO pb_proj::upd: close time.busy=157µs time.idle=26.4µs
2026-05-30T13:21:55.988384Z  INFO GC: vers to remove: [Version(271)]
2026-05-30T13:21:55.988498Z  INFO send_notification{method="textDocument/publishDiagnostics"}: new
2026-05-30T13:21:55.988506Z  INFO send_notification{method="textDocument/publishDiagnostics"}: close time.busy=3.27µs time.idle=5.12µs
2026-05-30T13:21:55.988812Z  INFO handle_request{method="textDocument/foldingRange" id=649}: new
2026-05-30T13:21:55.988831Z  INFO handle_request{method="textDocument/foldingRange" id=649}: close time.busy=10.6µs time.idle=9.09µs
2026-05-30T13:21:56.138968Z  INFO handle_request{method="textDocument/documentSymbol" id=650}: new
2026-05-30T13:21:56.138995Z  INFO handle_request{method="textDocument/documentSymbol" id=650}: close time.busy=14.5µs time.idle=13.7µs
2026-05-30T13:21:56.139006Z  INFO handle_request{method="textDocument/documentSymbol" id=651}: new
2026-05-30T13:21:56.139013Z  INFO handle_request{method="textDocument/documentSymbol" id=651}: close time.busy=3.99µs time.idle=3.15µs
2026-05-30T13:21:57.369613Z  INFO handle_notification{method="textDocument/didChange"}: new
2026-05-30T13:21:57.369653Z  INFO handle_notification{method="textDocument/didChange"}: close time.busy=24.5µs time.idle=17.2µs
2026-05-30T13:21:57.569755Z  INFO pb_proj::upd: new
2026-05-30T13:21:57.569913Z  INFO pb_proj::upd: close time.busy=134µs time.idle=24.6µs
2026-05-30T13:21:57.569943Z  INFO GC: vers to remove: [Version(272)]
2026-05-30T13:21:57.570074Z  INFO send_notification{method="textDocument/publishDiagnostics"}: new
2026-05-30T13:21:57.570081Z  INFO send_notification{method="textDocument/publishDiagnostics"}: close time.busy=2.93µs time.idle=4.49µs
2026-05-30T13:21:57.570387Z  INFO handle_request{method="textDocument/foldingRange" id=652}: new
2026-05-30T13:21:57.570406Z  INFO handle_request{method="textDocument/foldingRange" id=652}: close time.busy=10.2µs time.idle=9.44µs
2026-05-30T13:21:57.582058Z  INFO handle_notification{method="textDocument/didChange"}: new
2026-05-30T13:21:57.582079Z  INFO handle_notification{method="textDocument/didChange"}: close time.busy=12.7µs time.idle=8.09µs
2026-05-30T13:21:57.782205Z  INFO pb_proj::upd: new
2026-05-30T13:21:57.782364Z  INFO pb_proj::upd: close time.busy=133µs time.idle=26.2µs
2026-05-30T13:21:57.782387Z  INFO GC: vers to remove: [Version(273)]
2026-05-30T13:21:57.782503Z  INFO send_notification{method="textDocument/publishDiagnostics"}: new
2026-05-30T13:21:57.782517Z  INFO send_notification{method="textDocument/publishDiagnostics"}: close time.busy=3.87µs time.idle=9.79µs
2026-05-30T13:21:57.782890Z  INFO handle_request{method="textDocument/foldingRange" id=653}: new
2026-05-30T13:21:57.782909Z  INFO handle_request{method="textDocument/foldingRange" id=653}: close time.busy=10.8µs time.idle=8.50µs
2026-05-30T13:21:57.788853Z  INFO handle_notification{method="textDocument/didChange"}: new
2026-05-30T13:21:57.788879Z  INFO handle_notification{method="textDocument/didChange"}: close time.busy=18.8µs time.idle=7.54µs
2026-05-30T13:21:57.896930Z  INFO handle_notification{method="textDocument/didChange"}: new
2026-05-30T13:21:57.896962Z  INFO handle_notification{method="textDocument/didChange"}: close time.busy=18.6µs time.idle=14.7µs
2026-05-30T13:21:58.063894Z  INFO handle_notification{method="textDocument/didChange"}: new
2026-05-30T13:21:58.063925Z  INFO handle_notification{method="textDocument/didChange"}: close time.busy=16.6µs time.idle=15.3µs
2026-05-30T13:21:58.217863Z  INFO handle_notification{method="textDocument/didChange"}: new
2026-05-30T13:21:58.217903Z  INFO handle_notification{method="textDocument/didChange"}: close time.busy=18.0µs time.idle=22.9µs
2026-05-30T13:21:58.418018Z  INFO pb_proj::upd: new
2026-05-30T13:21:58.418165Z  INFO pb_proj::upd: close time.busy=123µs time.idle=25.4µs
2026-05-30T13:21:58.418188Z  INFO GC: vers to remove: [Version(274)]
2026-05-30T13:21:58.418565Z  INFO send_notification{method="textDocument/publishDiagnostics"}: new
2026-05-30T13:21:58.418574Z  INFO send_notification{method="textDocument/publishDiagnostics"}: close time.busy=3.26µs time.idle=7.05µs
2026-05-30T13:21:58.418625Z  INFO handle_request{method="textDocument/foldingRange" id=654}: new
2026-05-30T13:21:58.418641Z  INFO handle_request{method="textDocument/foldingRange" id=654}: close time.busy=9.92µs time.idle=6.51µs
2026-05-30T13:21:58.568843Z  INFO handle_request{method="textDocument/documentSymbol" id=655}: new
2026-05-30T13:21:58.568881Z  INFO handle_request{method="textDocument/documentSymbol" id=655}: close time.busy=25.0µs time.idle=13.2µs
2026-05-30T13:21:58.568909Z  INFO handle_request{method="textDocument/documentSymbol" id=656}: new
2026-05-30T13:21:58.568923Z  INFO handle_request{method="textDocument/documentSymbol" id=656}: close time.busy=6.73µs time.idle=7.53µs
2026-05-30T13:22:02.659116Z  INFO handle_request{method="textDocument/hover" id=657}: new
2026-05-30T13:22:02.659146Z  INFO handle_request{method="textDocument/hover" id=657}: close time.busy=16.3µs time.idle=13.8µs
2026-05-30T13:22:04.677200Z  INFO handle_notification{method="textDocument/didChange"}: new
2026-05-30T13:22:04.677230Z  INFO handle_notification{method="textDocument/didChange"}: close time.busy=16.2µs time.idle=14.6µs
2026-05-30T13:22:04.877339Z  INFO pb_proj::upd: new
2026-05-30T13:22:04.877500Z  INFO pb_proj::upd: close time.busy=143µs time.idle=18.6µs
2026-05-30T13:22:04.877521Z  INFO GC: vers to remove: [Version(275)]
2026-05-30T13:22:04.877620Z  INFO send_notification{method="textDocument/publishDiagnostics"}: new
2026-05-30T13:22:04.877627Z  INFO send_notification{method="textDocument/publishDiagnostics"}: close time.busy=3.17µs time.idle=4.18µs
2026-05-30T13:22:04.877813Z  INFO handle_request{method="textDocument/foldingRange" id=658}: new
2026-05-30T13:22:04.877833Z  INFO handle_request{method="textDocument/foldingRange" id=658}: close time.busy=11.4µs time.idle=8.36µs
2026-05-30T13:22:04.889647Z  INFO handle_notification{method="textDocument/didChange"}: new
2026-05-30T13:22:04.889674Z  INFO handle_notification{method="textDocument/didChange"}: close time.busy=16.4µs time.idle=10.8µs
2026-05-30T13:22:05.089782Z  INFO pb_proj::upd: new
2026-05-30T13:22:05.090173Z  INFO pb_proj::upd: close time.busy=373µs time.idle=18.4µs
2026-05-30T13:22:05.090189Z  INFO GC: vers to remove: [Version(276)]
2026-05-30T13:22:05.090223Z  INFO handle_request{method="textDocument/foldingRange" id=659}: new
2026-05-30T13:22:05.090243Z  INFO handle_request{method="textDocument/foldingRange" id=659}: close time.busy=11.6µs time.idle=9.13µs
2026-05-30T13:22:05.090325Z  INFO send_notification{method="textDocument/publishDiagnostics"}: new
2026-05-30T13:22:05.090333Z  INFO send_notification{method="textDocument/publishDiagnostics"}: close time.busy=1.76µs time.idle=5.60µs
2026-05-30T13:22:05.240551Z  INFO handle_request{method="textDocument/documentSymbol" id=660}: new
2026-05-30T13:22:05.240579Z  INFO handle_request{method="textDocument/documentSymbol" id=660}: close time.busy=14.1µs time.idle=14.4µs
2026-05-30T13:22:05.240590Z  INFO handle_request{method="textDocument/documentSymbol" id=661}: new
2026-05-30T13:22:05.240595Z  INFO handle_request{method="textDocument/documentSymbol" id=661}: close time.busy=2.91µs time.idle=3.05µs
2026-05-30T13:22:06.745491Z  INFO handle_notification{method="textDocument/didChange"}: new
2026-05-30T13:22:06.745523Z  INFO handle_notification{method="textDocument/didChange"}: close time.busy=19.3µs time.idle=13.4µs
2026-05-30T13:22:06.819963Z  INFO handle_notification{method="textDocument/didChange"}: new
2026-05-30T13:22:06.819995Z  INFO handle_notification{method="textDocument/didChange"}: close time.busy=19.1µs time.idle=13.8µs
2026-05-30T13:22:07.020117Z  INFO pb_proj::upd: new
2026-05-30T13:22:07.020335Z  INFO pb_proj::upd: close time.busy=190µs time.idle=28.8µs
2026-05-30T13:22:07.020354Z  INFO GC: vers to remove: [Version(277)]
2026-05-30T13:22:07.020469Z  INFO send_notification{method="textDocument/publishDiagnostics"}: new
2026-05-30T13:22:07.020476Z  INFO send_notification{method="textDocument/publishDiagnostics"}: close time.busy=2.74µs time.idle=4.19µs
2026-05-30T13:22:07.020735Z  INFO handle_request{method="textDocument/foldingRange" id=662}: new
2026-05-30T13:22:07.020754Z  INFO handle_request{method="textDocument/foldingRange" id=662}: close time.busy=10.8µs time.idle=9.02µs
2026-05-30T13:22:07.170443Z  INFO handle_request{method="textDocument/documentSymbol" id=663}: new
2026-05-30T13:22:07.170474Z  INFO handle_request{method="textDocument/documentSymbol" id=663}: close time.busy=16.5µs time.idle=15.2µs
2026-05-30T13:22:07.170488Z  INFO handle_request{method="textDocument/documentSymbol" id=664}: new
2026-05-30T13:22:07.170496Z  INFO handle_request{method="textDocument/documentSymbol" id=664}: close time.busy=3.69µs time.idle=4.30µs
2026-05-30T13:22:08.614257Z  INFO handle_notification{method="textDocument/didChange"}: new
2026-05-30T13:22:08.614295Z  INFO handle_notification{method="textDocument/didChange"}: close time.busy=21.5µs time.idle=17.4µs
2026-05-30T13:22:08.667490Z  INFO handle_notification{method="textDocument/didChange"}: new
2026-05-30T13:22:08.667524Z  INFO handle_notification{method="textDocument/didChange"}: close time.busy=20.1µs time.idle=15.1µs
2026-05-30T13:22:08.867644Z  INFO pb_proj::upd: new
2026-05-30T13:22:08.867792Z  INFO pb_proj::upd: close time.busy=126µs time.idle=22.8µs
2026-05-30T13:22:08.867811Z  INFO GC: vers to remove: [Version(278)]
2026-05-30T13:22:08.867938Z  INFO send_notification{method="textDocument/publishDiagnostics"}: new
2026-05-30T13:22:08.867946Z  INFO send_notification{method="textDocument/publishDiagnostics"}: close time.busy=3.03µs time.idle=4.63µs
2026-05-30T13:22:08.868216Z  INFO handle_request{method="textDocument/foldingRange" id=665}: new
2026-05-30T13:22:08.868233Z  INFO handle_request{method="textDocument/foldingRange" id=665}: close time.busy=10.1µs time.idle=7.11µs
2026-05-30T13:22:09.018510Z  INFO handle_request{method="textDocument/documentSymbol" id=666}: new
2026-05-30T13:22:09.018536Z  INFO handle_request{method="textDocument/documentSymbol" id=666}: close time.busy=13.7µs time.idle=13.4µs
2026-05-30T13:22:09.018545Z  INFO handle_request{method="textDocument/documentSymbol" id=667}: new
2026-05-30T13:22:09.018550Z  INFO handle_request{method="textDocument/documentSymbol" id=667}: close time.busy=1.92µs time.idle=2.53µs
2026-05-30T13:22:12.611802Z  INFO handle_notification{method="textDocument/didChange"}: new
2026-05-30T13:22:12.611857Z  INFO handle_notification{method="textDocument/didChange"}: close time.busy=23.1µs time.idle=34.0µs
2026-05-30T13:22:12.657360Z  INFO handle_notification{method="textDocument/didChange"}: new
2026-05-30T13:22:12.657393Z  INFO handle_notification{method="textDocument/didChange"}: close time.busy=20.1µs time.idle=14.0µs
2026-05-30T13:22:12.857510Z  INFO pb_proj::upd: new
2026-05-30T13:22:12.857668Z  INFO pb_proj::upd: close time.busy=131µs time.idle=27.8µs
2026-05-30T13:22:12.857690Z  INFO GC: vers to remove: [Version(279)]
2026-05-30T13:22:12.857810Z  INFO send_notification{method="textDocument/publishDiagnostics"}: new
2026-05-30T13:22:12.857822Z  INFO send_notification{method="textDocument/publishDiagnostics"}: close time.busy=4.19µs time.idle=8.44µs
2026-05-30T13:22:12.858279Z  INFO handle_request{method="textDocument/foldingRange" id=668}: new
2026-05-30T13:22:12.858299Z  INFO handle_request{method="textDocument/foldingRange" id=668}: close time.busy=10.8µs time.idle=9.80µs
2026-05-30T13:22:13.008129Z  INFO handle_request{method="textDocument/documentSymbol" id=669}: new
2026-05-30T13:22:13.008157Z  INFO handle_request{method="textDocument/documentSymbol" id=669}: close time.busy=14.3µs time.idle=15.1µs
2026-05-30T13:22:13.008167Z  INFO handle_request{method="textDocument/documentSymbol" id=670}: new
2026-05-30T13:22:13.008172Z  INFO handle_request{method="textDocument/documentSymbol" id=670}: close time.busy=2.62µs time.idle=2.66µs
2026-05-30T13:22:13.494297Z  INFO handle_notification{method="textDocument/didSave"}: new
2026-05-30T13:22:13.494320Z  INFO handle_notification{method="textDocument/didSave"}: close time.busy=8.88µs time.idle=14.7µs
2026-05-30T13:22:13.498954Z  INFO handle_request{method="textDocument/definition" id=671}: new
2026-05-30T13:22:13.498979Z  INFO handle_request{method="textDocument/definition" id=671}: close time.busy=14.0µs time.idle=10.9µs
2026-05-30T13:22:13.499024Z  INFO send_notification{method="telemetry/event"}: new
2026-05-30T13:22:13.499036Z  INFO send_notification{method="telemetry/event"}: close time.busy=3.14µs time.idle=8.70µs
2026-05-30T13:22:13.586721Z  INFO handle_request{method="textDocument/definition" id=672}: new
2026-05-30T13:22:13.586743Z  INFO handle_request{method="textDocument/definition" id=672}: close time.busy=12.7µs time.idle=9.46µs
2026-05-30T13:22:13.586833Z  INFO send_notification{method="telemetry/event"}: new
2026-05-30T13:22:13.586839Z  INFO send_notification{method="telemetry/event"}: close time.busy=1.90µs time.idle=4.46µs
2026-05-30T13:22:13.592662Z  INFO handle_notification{method="textDocument/didOpen"}: new
2026-05-30T13:22:13.592681Z  INFO handle_notification{method="textDocument/didOpen"}: close time.busy=12.0µs time.idle=8.04µs
2026-05-30T13:22:13.592757Z  INFO send_notification{method="textDocument/publishDiagnostics"}: new
2026-05-30T13:22:13.592765Z  INFO send_notification{method="textDocument/publishDiagnostics"}: close time.busy=1.90µs time.idle=6.06µs
2026-05-30T13:22:13.593515Z  INFO handle_notification{method="textDocument/didClose"}: new
2026-05-30T13:22:13.593524Z  INFO handle_notification{method="textDocument/didClose"}: close time.busy=5.58µs time.idle=3.34µs
2026-05-30T13:22:13.593538Z  INFO send_notification{method="textDocument/publishDiagnostics"}: new
2026-05-30T13:22:13.593547Z  INFO send_notification{method="textDocument/publishDiagnostics"}: close time.busy=2.28µs time.idle=6.70µs
2026-05-30T13:22:13.787349Z  INFO handle_notification{method="workspace/didChangeWatchedFiles"}: new
2026-05-30T13:22:13.787372Z  INFO handle_notification{method="workspace/didChangeWatchedFiles"}: close time.busy=12.1µs time.idle=11.8µs
2026-05-30T13:22:13.787395Z  INFO changes: {
  kind=Changed url=file:///home/maksim/Projects/Go/Project/sso/proto/sso/sso.proto
}
2026-05-30T13:22:13.987517Z  INFO pb_proj::upd: new
2026-05-30T13:22:13.987618Z  INFO pb_proj::upd: close time.busy=90.6µs time.idle=10.5µs
2026-05-30T13:22:13.987636Z  INFO GC: vers to remove: [Version(280)]
2026-05-30T13:22:13.987752Z  INFO send_notification{method="textDocument/publishDiagnostics"}: new
2026-05-30T13:22:13.987759Z  INFO send_notification{method="textDocument/publishDiagnostics"}: close time.busy=2.13µs time.idle=4.51µs
2026-05-30T13:26:35.528455Z  INFO handle_notification{method="workspace/didChangeWatchedFiles"}: new
2026-05-30T13:26:35.528486Z  INFO handle_notification{method="workspace/didChangeWatchedFiles"}: close time.busy=16.4µs time.idle=15.2µs
2026-05-30T13:26:35.528494Z  INFO changes: {
  kind=Deleted url=file:///home/maksim/Projects/Go/Project/sso/gen/go/sso/sso_grpc.pb.go
  kind=Deleted url=file:///home/maksim/Projects/Go/Project/sso/gen/go/sso/sso.pb.go
}
2026-05-30T13:26:35.728621Z  INFO pb_proj::upd: new
2026-05-30T13:26:35.728724Z  INFO pb_proj::upd: close time.busy=84.2µs time.idle=18.8µs
2026-05-30T13:26:35.728743Z  INFO GC: vers to remove: [Version(281)]
2026-05-30T13:26:35.728883Z  INFO send_notification{method="textDocument/publishDiagnostics"}: new
2026-05-30T13:26:35.728890Z  INFO send_notification{method="textDocument/publishDiagnostics"}: close time.busy=3.08µs time.idle=4.86µs
2026-05-30T13:26:42.518973Z  INFO handle_notification{method="workspace/didChangeWatchedFiles"}: new
2026-05-30T13:26:42.518999Z  INFO handle_notification{method="workspace/didChangeWatchedFiles"}: close time.busy=13.4µs time.idle=13.1µs
2026-05-30T13:26:42.519011Z  INFO changes: {
  kind=Deleted url=file:///home/maksim/Projects/Go/Project/sso/gen/go/sso
}
2026-05-30T13:26:42.719133Z  INFO pb_proj::upd: new
2026-05-30T13:26:42.719245Z  INFO pb_proj::upd: close time.busy=96.1µs time.idle=16.7µs
2026-05-30T13:26:42.719267Z  INFO GC: vers to remove: [Version(282)]
2026-05-30T13:26:42.719390Z  INFO send_notification{method="textDocument/publishDiagnostics"}: new
2026-05-30T13:26:42.719399Z  INFO send_notification{method="textDocument/publishDiagnostics"}: close time.busy=2.87µs time.idle=6.41µs
2026-05-30T13:27:06.285833Z  INFO handle_notification{method="workspace/didChangeWatchedFiles"}: new
2026-05-30T13:27:06.285863Z  INFO handle_notification{method="workspace/didChangeWatchedFiles"}: close time.busy=12.1µs time.idle=18.9µs
2026-05-30T13:27:06.285881Z  INFO changes: {
  kind=Created url=file:///home/maksim/Projects/Go/Project/sso/proto/permissions
}
2026-05-30T13:27:06.486021Z  INFO pb_proj::upd: new
2026-05-30T13:27:06.486123Z  INFO pb_proj::upd: close time.busy=88.7µs time.idle=14.7µs
2026-05-30T13:27:06.486142Z  INFO GC: vers to remove: [Version(283)]
2026-05-30T13:27:06.486258Z  INFO send_notification{method="textDocument/publishDiagnostics"}: new
2026-05-30T13:27:06.486269Z  INFO send_notification{method="textDocument/publishDiagnostics"}: close time.busy=3.94µs time.idle=7.13µs
2026-05-30T13:27:12.911188Z  INFO handle_notification{method="textDocument/didOpen"}: new
2026-05-30T13:27:12.911217Z  INFO handle_notification{method="textDocument/didOpen"}: close time.busy=16.3µs time.idle=13.1µs
2026-05-30T13:27:12.911246Z ERROR Can't find file file:///home/maksim/Projects/Go/Project/sso/proto/permissions/permissions.proto in the workspace
2026-05-30T13:27:12.911267Z  INFO send_notification{method="textDocument/publishDiagnostics"}: new
2026-05-30T13:27:12.911276Z  INFO send_notification{method="textDocument/publishDiagnostics"}: close time.busy=2.21µs time.idle=8.08µs
2026-05-30T13:27:12.918848Z  INFO handle_request{method="textDocument/documentSymbol" id=673}: new
2026-05-30T13:27:12.918877Z  INFO handle_request{method="textDocument/documentSymbol" id=673}: close time.busy=18.1µs time.idle=10.8µs
2026-05-30T13:27:13.113341Z  INFO handle_request{method="textDocument/foldingRange" id=674}: new
2026-05-30T13:27:13.113369Z  INFO handle_request{method="textDocument/foldingRange" id=674}: close time.busy=16.3µs time.idle=12.9µs
2026-05-30T13:27:13.195780Z  INFO handle_notification{method="workspace/didChangeWatchedFiles"}: new
2026-05-30T13:27:13.195803Z  INFO handle_notification{method="workspace/didChangeWatchedFiles"}: close time.busy=15.4µs time.idle=8.08µs
2026-05-30T13:27:13.195813Z  INFO changes: {
  kind=Created url=file:///home/maksim/Projects/Go/Project/sso/proto/permissions/permissions.proto
  kind=Created url=file:///home/maksim/Projects/Go/Project/sso/proto/permissions/permissions.proto
}
2026-05-30T13:27:13.214167Z  INFO handle_request{method="textDocument/documentSymbol" id=675}: new
2026-05-30T13:27:13.214183Z  INFO handle_request{method="textDocument/documentSymbol" id=675}: close time.busy=9.13µs time.idle=7.41µs
2026-05-30T13:27:13.214192Z  INFO pb_proj::upd: new
2026-05-30T13:27:13.214327Z  INFO pb_proj::upd: close time.busy=128µs time.idle=7.41µs
2026-05-30T13:27:13.214939Z  INFO handle_request{method="textDocument/foldingRange" id=676}: new
2026-05-30T13:27:13.214952Z  INFO handle_request{method="textDocument/foldingRange" id=676}: close time.busy=6.63µs time.idle=6.93µs
2026-05-30T13:27:13.415031Z  INFO GC: vers to remove: [Version(284)]
2026-05-30T13:27:13.415077Z  INFO send_notification{method="textDocument/publishDiagnostics"}: new
2026-05-30T13:27:13.415085Z  INFO send_notification{method="textDocument/publishDiagnostics"}: close time.busy=2.73µs time.idle=5.47µs
2026-05-30T13:27:13.415193Z  INFO send_notification{method="textDocument/publishDiagnostics"}: new
2026-05-30T13:27:13.415197Z  INFO send_notification{method="textDocument/publishDiagnostics"}: close time.busy=1.25µs time.idle=2.90µs
2026-05-30T13:27:14.539418Z  INFO handle_request{method="textDocument/foldingRange" id=677}: new
2026-05-30T13:27:14.539444Z  INFO handle_request{method="textDocument/foldingRange" id=677}: close time.busy=13.5µs time.idle=13.3µs
2026-05-30T13:27:14.639661Z  INFO handle_request{method="textDocument/documentSymbol" id=678}: new
2026-05-30T13:27:14.639683Z  INFO handle_request{method="textDocument/documentSymbol" id=678}: close time.busy=12.0µs time.idle=10.8µs
2026-05-30T13:27:17.395422Z  INFO handle_request{method="textDocument/definition" id=679}: new
2026-05-30T13:27:17.395452Z  INFO handle_request{method="textDocument/definition" id=679}: close time.busy=17.3µs time.idle=14.3µs
2026-05-30T13:27:17.395502Z  INFO send_notification{method="telemetry/event"}: new
2026-05-30T13:27:17.395511Z  INFO send_notification{method="telemetry/event"}: close time.busy=2.35µs time.idle=7.59µs
2026-05-30T13:27:17.411487Z  INFO handle_request{method="textDocument/definition" id=680}: new
2026-05-30T13:27:17.411506Z  INFO handle_request{method="textDocument/definition" id=680}: close time.busy=9.41µs time.idle=10.6µs
2026-05-30T13:27:17.411546Z  INFO send_notification{method="telemetry/event"}: new
2026-05-30T13:27:17.411556Z  INFO send_notification{method="telemetry/event"}: close time.busy=2.71µs time.idle=7.93µs
2026-05-30T13:27:17.544743Z  INFO handle_request{method="textDocument/definition" id=681}: new
2026-05-30T13:27:17.544764Z  INFO handle_request{method="textDocument/definition" id=681}: close time.busy=11.5µs time.idle=10.7µs
2026-05-30T13:27:17.544799Z  INFO send_notification{method="telemetry/event"}: new
2026-05-30T13:27:17.544812Z  INFO send_notification{method="telemetry/event"}: close time.busy=3.60µs time.idle=9.78µs
2026-05-30T13:27:18.066114Z  INFO handle_request{method="textDocument/definition" id=682}: new
2026-05-30T13:27:18.066143Z  INFO handle_request{method="textDocument/definition" id=682}: close time.busy=16.1µs time.idle=14.0µs
2026-05-30T13:27:18.066191Z  INFO send_notification{method="telemetry/event"}: new
2026-05-30T13:27:18.066202Z  INFO send_notification{method="telemetry/event"}: close time.busy=3.04µs time.idle=7.69µs
2026-05-30T13:27:19.266995Z  INFO handle_request{method="textDocument/foldingRange" id=683}: new
2026-05-30T13:27:19.267022Z  INFO handle_request{method="textDocument/foldingRange" id=683}: close time.busy=12.6µs time.idle=14.5µs
2026-05-30T13:27:19.367597Z  INFO handle_request{method="textDocument/documentSymbol" id=684}: new
2026-05-30T13:27:19.367618Z  INFO handle_request{method="textDocument/documentSymbol" id=684}: close time.busy=10.2µs time.idle=11.0µs
2026-05-30T13:27:19.368184Z  INFO handle_request{method="textDocument/foldingRange" id=685}: new
2026-05-30T13:27:19.368197Z  INFO handle_request{method="textDocument/foldingRange" id=685}: close time.busy=6.20µs time.idle=7.11µs
2026-05-30T13:27:20.695752Z  INFO handle_request{method="textDocument/hover" id=686}: new
2026-05-30T13:27:20.695780Z  INFO handle_request{method="textDocument/hover" id=686}: close time.busy=16.2µs time.idle=12.4µs
2026-05-30T13:27:21.005886Z  INFO handle_notification{method="textDocument/didChange"}: new
2026-05-30T13:27:21.005920Z  INFO handle_notification{method="textDocument/didChange"}: close time.busy=18.1µs time.idle=16.1µs
2026-05-30T13:27:21.037648Z  INFO handle_request{method="textDocument/definition" id=687}: new
2026-05-30T13:27:21.037686Z  INFO handle_request{method="textDocument/definition" id=687}: close time.busy=21.7µs time.idle=17.0µs
2026-05-30T13:27:21.037697Z  INFO pb_proj::upd: new
2026-05-30T13:27:21.037833Z  INFO pb_proj::upd: close time.busy=129µs time.idle=8.51µs
2026-05-30T13:27:21.037876Z  INFO send_notification{method="telemetry/event"}: new
2026-05-30T13:27:21.037886Z  INFO send_notification{method="telemetry/event"}: close time.busy=3.08µs time.idle=7.27µs
2026-05-30T13:27:21.178480Z  INFO handle_request{method="textDocument/definition" id=688}: new
2026-05-30T13:27:21.178511Z  INFO handle_request{method="textDocument/definition" id=688}: close time.busy=17.2µs time.idle=13.9µs
2026-05-30T13:27:21.178571Z  INFO send_notification{method="telemetry/event"}: new
2026-05-30T13:27:21.178580Z  INFO send_notification{method="telemetry/event"}: close time.busy=2.33µs time.idle=7.35µs
2026-05-30T13:27:21.207371Z  INFO handle_request{method="textDocument/foldingRange" id=689}: new
2026-05-30T13:27:21.207387Z  INFO handle_request{method="textDocument/foldingRange" id=689}: close time.busy=8.14µs time.idle=8.20µs
2026-05-30T13:27:21.357594Z  INFO handle_request{method="textDocument/documentSymbol" id=690}: new
2026-05-30T13:27:21.357619Z  INFO handle_request{method="textDocument/documentSymbol" id=690}: close time.busy=13.1µs time.idle=12.1µs
2026-05-30T13:27:21.357628Z  INFO handle_request{method="textDocument/documentSymbol" id=691}: new
2026-05-30T13:27:21.357633Z  INFO handle_request{method="textDocument/documentSymbol" id=691}: close time.busy=2.63µs time.idle=2.50µs
2026-05-30T13:27:21.358295Z  INFO handle_request{method="textDocument/foldingRange" id=692}: new
2026-05-30T13:27:21.358307Z  INFO handle_request{method="textDocument/foldingRange" id=692}: close time.busy=6.12µs time.idle=6.31µs
2026-05-30T13:27:21.558631Z  INFO GC: vers to remove: [Version(285)]
2026-05-30T13:27:21.558690Z  INFO send_notification{method="textDocument/publishDiagnostics"}: new
2026-05-30T13:27:21.558699Z  INFO send_notification{method="textDocument/publishDiagnostics"}: close time.busy=3.15µs time.idle=5.87µs
2026-05-30T13:27:21.558743Z  INFO send_notification{method="textDocument/publishDiagnostics"}: new
2026-05-30T13:27:21.558747Z  INFO send_notification{method="textDocument/publishDiagnostics"}: close time.busy=1.29µs time.idle=2.91µs
2026-05-30T13:27:23.545905Z  INFO handle_request{method="textDocument/hover" id=693}: new
2026-05-30T13:27:23.545935Z  INFO handle_request{method="textDocument/hover" id=693}: close time.busy=15.6µs time.idle=15.2µs
2026-05-30T13:27:24.029190Z  INFO handle_request{method="textDocument/hover" id=694}: new
2026-05-30T13:27:24.029221Z  INFO handle_request{method="textDocument/hover" id=694}: close time.busy=16.9µs time.idle=14.4µs
2026-05-30T13:27:24.295739Z  INFO handle_request{method="textDocument/hover" id=695}: new
2026-05-30T13:27:24.295778Z  INFO handle_request{method="textDocument/hover" id=695}: close time.busy=15.4µs time.idle=24.1µs
2026-05-30T13:27:25.334472Z  INFO handle_request{method="textDocument/hover" id=696}: new
2026-05-30T13:27:25.334501Z  INFO handle_request{method="textDocument/hover" id=696}: close time.busy=15.3µs time.idle=14.2µs
2026-05-30T13:27:25.695454Z  INFO handle_request{method="textDocument/hover" id=697}: new
2026-05-30T13:27:25.695485Z  INFO handle_request{method="textDocument/hover" id=697}: close time.busy=15.8µs time.idle=15.3µs
2026-05-30T13:27:27.602444Z  INFO handle_request{method="textDocument/foldingRange" id=698}: new
2026-05-30T13:27:27.602469Z  INFO handle_request{method="textDocument/foldingRange" id=698}: close time.busy=13.4µs time.idle=12.5µs
2026-05-30T13:27:27.702985Z  INFO handle_request{method="textDocument/documentSymbol" id=699}: new
2026-05-30T13:27:27.703011Z  INFO handle_request{method="textDocument/documentSymbol" id=699}: close time.busy=13.8µs time.idle=13.1µs
2026-05-30T13:27:29.025346Z  INFO handle_request{method="textDocument/foldingRange" id=700}: new
2026-05-30T13:27:29.025371Z  INFO handle_request{method="textDocument/foldingRange" id=700}: close time.busy=13.0µs time.idle=13.1µs
2026-05-30T13:27:29.125628Z  INFO handle_request{method="textDocument/documentSymbol" id=701}: new
2026-05-30T13:27:29.125651Z  INFO handle_request{method="textDocument/documentSymbol" id=701}: close time.busy=10.7µs time.idle=12.9µs
2026-05-30T13:27:29.126276Z  INFO handle_request{method="textDocument/foldingRange" id=702}: new
2026-05-30T13:27:29.126289Z  INFO handle_request{method="textDocument/foldingRange" id=702}: close time.busy=6.07µs time.idle=6.93µs
2026-05-30T13:27:29.345217Z  INFO handle_request{method="textDocument/hover" id=703}: new
2026-05-30T13:27:29.345239Z  INFO handle_request{method="textDocument/hover" id=703}: close time.busy=11.7µs time.idle=11.0µs
2026-05-30T13:27:30.695105Z  INFO handle_request{method="textDocument/hover" id=704}: new
2026-05-30T13:27:30.695142Z  INFO handle_request{method="textDocument/hover" id=704}: close time.busy=19.4µs time.idle=19.0µs
2026-05-30T13:27:30.878210Z  INFO handle_request{method="textDocument/hover" id=705}: new
2026-05-30T13:27:30.878240Z  INFO handle_request{method="textDocument/hover" id=705}: close time.busy=15.5µs time.idle=14.5µs
2026-05-30T13:27:31.755817Z  INFO handle_notification{method="textDocument/didChange"}: new
2026-05-30T13:27:31.755854Z  INFO handle_notification{method="textDocument/didChange"}: close time.busy=20.8µs time.idle=16.7µs
2026-05-30T13:27:31.903108Z  INFO handle_notification{method="textDocument/didChange"}: new
2026-05-30T13:27:31.903142Z  INFO handle_notification{method="textDocument/didChange"}: close time.busy=19.9µs time.idle=14.8µs
2026-05-30T13:27:32.043092Z  INFO handle_notification{method="textDocument/didChange"}: new
2026-05-30T13:27:32.043121Z  INFO handle_notification{method="textDocument/didChange"}: close time.busy=15.8µs time.idle=13.5µs
2026-05-30T13:27:32.243247Z  INFO pb_proj::upd: new
2026-05-30T13:27:32.243439Z  INFO pb_proj::upd: close time.busy=166µs time.idle=26.5µs
2026-05-30T13:27:32.243460Z  INFO GC: vers to remove: [Version(286)]
2026-05-30T13:27:32.243536Z  INFO send_notification{method="textDocument/publishDiagnostics"}: new
2026-05-30T13:27:32.243547Z  INFO send_notification{method="textDocument/publishDiagnostics"}: close time.busy=4.25µs time.idle=7.01µs
2026-05-30T13:27:32.243583Z  INFO send_notification{method="textDocument/publishDiagnostics"}: new
2026-05-30T13:27:32.243591Z  INFO send_notification{method="textDocument/publishDiagnostics"}: close time.busy=2.10µs time.idle=6.21µs
2026-05-30T13:27:32.243897Z  INFO handle_request{method="textDocument/foldingRange" id=706}: new
2026-05-30T13:27:32.243917Z  INFO handle_request{method="textDocument/foldingRange" id=706}: close time.busy=10.2µs time.idle=10.2µs
2026-05-30T13:27:32.393959Z  INFO handle_request{method="textDocument/documentSymbol" id=707}: new
2026-05-30T13:27:32.393986Z  INFO handle_request{method="textDocument/documentSymbol" id=707}: close time.busy=14.0µs time.idle=14.3µs
2026-05-30T13:27:32.393996Z  INFO handle_request{method="textDocument/documentSymbol" id=708}: new
2026-05-30T13:27:32.394001Z  INFO handle_request{method="textDocument/documentSymbol" id=708}: close time.busy=2.68µs time.idle=2.77µs
2026-05-30T13:27:32.394793Z  INFO handle_request{method="textDocument/foldingRange" id=709}: new
2026-05-30T13:27:32.394806Z  INFO handle_request{method="textDocument/foldingRange" id=709}: close time.busy=5.78µs time.idle=6.77µs
2026-05-30T13:27:32.664032Z  INFO handle_notification{method="textDocument/didChange"}: new
2026-05-30T13:27:32.664063Z  INFO handle_notification{method="textDocument/didChange"}: close time.busy=18.9µs time.idle=12.9µs
2026-05-30T13:27:32.751258Z  INFO handle_notification{method="textDocument/didChange"}: new
2026-05-30T13:27:32.751286Z  INFO handle_notification{method="textDocument/didChange"}: close time.busy=16.7µs time.idle=11.6µs
2026-05-30T13:27:32.944248Z  INFO handle_notification{method="textDocument/didChange"}: new
2026-05-30T13:27:32.944280Z  INFO handle_notification{method="textDocument/didChange"}: close time.busy=18.3µs time.idle=15.2µs
2026-05-30T13:27:33.116753Z  INFO handle_notification{method="textDocument/didChange"}: new
2026-05-30T13:27:33.116781Z  INFO handle_notification{method="textDocument/didChange"}: close time.busy=16.1µs time.idle=12.6µs
2026-05-30T13:27:33.316696Z  INFO handle_notification{method="textDocument/didChange"}: new
2026-05-30T13:27:33.316721Z  INFO handle_notification{method="textDocument/didChange"}: close time.busy=15.3µs time.idle=10.4µs
2026-05-30T13:27:33.516831Z  INFO pb_proj::upd: new
2026-05-30T13:27:33.517000Z  INFO pb_proj::upd: close time.busy=141µs time.idle=28.1µs
2026-05-30T13:27:33.517022Z  INFO GC: vers to remove: [Version(287)]
2026-05-30T13:27:33.517093Z  INFO send_notification{method="textDocument/publishDiagnostics"}: new
2026-05-30T13:27:33.517104Z  INFO send_notification{method="textDocument/publishDiagnostics"}: close time.busy=3.37µs time.idle=6.98µs
2026-05-30T13:27:33.517141Z  INFO send_notification{method="textDocument/publishDiagnostics"}: new
2026-05-30T13:27:33.517145Z  INFO send_notification{method="textDocument/publishDiagnostics"}: close time.busy=1.36µs time.idle=3.19µs
2026-05-30T13:27:33.517426Z  INFO handle_request{method="textDocument/foldingRange" id=710}: new
2026-05-30T13:27:33.517443Z  INFO handle_request{method="textDocument/foldingRange" id=710}: close time.busy=9.51µs time.idle=7.26µs
2026-05-30T13:27:33.597739Z  INFO handle_notification{method="textDocument/didChange"}: new
2026-05-30T13:27:33.597768Z  INFO handle_notification{method="textDocument/didChange"}: close time.busy=18.3µs time.idle=12.0µs
2026-05-30T13:27:33.738153Z  INFO handle_notification{method="textDocument/didChange"}: new
2026-05-30T13:27:33.738181Z  INFO handle_notification{method="textDocument/didChange"}: close time.busy=16.7µs time.idle=12.3µs
2026-05-30T13:27:33.872087Z  INFO handle_notification{method="textDocument/didChange"}: new
2026-05-30T13:27:33.872117Z  INFO handle_notification{method="textDocument/didChange"}: close time.busy=18.2µs time.idle=12.3µs
2026-05-30T13:27:34.025032Z  INFO handle_notification{method="textDocument/didChange"}: new
2026-05-30T13:27:34.025058Z  INFO handle_notification{method="textDocument/didChange"}: close time.busy=16.1µs time.idle=10.7µs
2026-05-30T13:27:34.225175Z  INFO pb_proj::upd: new
2026-05-30T13:27:34.225416Z  INFO pb_proj::upd: close time.busy=214µs time.idle=28.0µs
2026-05-30T13:27:34.225436Z  INFO GC: vers to remove: [Version(288)]
2026-05-30T13:27:34.225500Z  INFO send_notification{method="textDocument/publishDiagnostics"}: new
2026-05-30T13:27:34.225510Z  INFO send_notification{method="textDocument/publishDiagnostics"}: close time.busy=3.68µs time.idle=5.97µs
2026-05-30T13:27:34.225554Z  INFO send_notification{method="textDocument/publishDiagnostics"}: new
2026-05-30T13:27:34.225561Z  INFO send_notification{method="textDocument/publishDiagnostics"}: close time.busy=2.42µs time.idle=5.33µs
2026-05-30T13:27:34.225833Z  INFO handle_request{method="textDocument/foldingRange" id=711}: new
2026-05-30T13:27:34.225853Z  INFO handle_request{method="textDocument/foldingRange" id=711}: close time.busy=10.2µs time.idle=10.1µs
2026-05-30T13:27:34.376118Z  INFO handle_request{method="textDocument/documentSymbol" id=712}: new
2026-05-30T13:27:34.376147Z  INFO handle_request{method="textDocument/documentSymbol" id=712}: close time.busy=16.9µs time.idle=12.9µs
2026-05-30T13:27:34.376510Z  INFO handle_request{method="textDocument/documentSymbol" id=713}: new
2026-05-30T13:27:34.376517Z  INFO handle_request{method="textDocument/documentSymbol" id=713}: close time.busy=3.94µs time.idle=3.92µs
2026-05-30T13:27:34.377204Z  INFO handle_request{method="textDocument/foldingRange" id=714}: new
2026-05-30T13:27:34.377211Z  INFO handle_request{method="textDocument/foldingRange" id=714}: close time.busy=3.58µs time.idle=3.67µs
2026-05-30T13:27:34.579281Z  INFO handle_notification{method="textDocument/didChange"}: new
2026-05-30T13:27:34.579312Z  INFO handle_notification{method="textDocument/didChange"}: close time.busy=18.4µs time.idle=13.0µs
2026-05-30T13:27:34.719089Z  INFO handle_notification{method="textDocument/didChange"}: new
2026-05-30T13:27:34.719116Z  INFO handle_notification{method="textDocument/didChange"}: close time.busy=16.4µs time.idle=10.9µs
2026-05-30T13:27:34.919236Z  INFO pb_proj::upd: new
2026-05-30T13:27:34.919443Z  INFO pb_proj::upd: close time.busy=182µs time.idle=26.6µs
2026-05-30T13:27:34.919466Z  INFO GC: vers to remove: [Version(289)]
2026-05-30T13:27:34.919519Z  INFO send_notification{method="textDocument/publishDiagnostics"}: new
2026-05-30T13:27:34.919526Z  INFO send_notification{method="textDocument/publishDiagnostics"}: close time.busy=2.90µs time.idle=4.16µs
2026-05-30T13:27:34.919585Z  INFO send_notification{method="textDocument/publishDiagnostics"}: new
2026-05-30T13:27:34.919591Z  INFO send_notification{method="textDocument/publishDiagnostics"}: close time.busy=1.27µs time.idle=4.37µs
2026-05-30T13:27:34.919810Z  INFO handle_request{method="textDocument/foldingRange" id=715}: new
2026-05-30T13:27:34.919826Z  INFO handle_request{method="textDocument/foldingRange" id=715}: close time.busy=9.28µs time.idle=6.64µs
2026-05-30T13:27:35.069592Z  INFO handle_request{method="textDocument/documentSymbol" id=716}: new
2026-05-30T13:27:35.069617Z  INFO handle_request{method="textDocument/documentSymbol" id=716}: close time.busy=12.9µs time.idle=12.7µs
2026-05-30T13:27:35.069628Z  INFO handle_request{method="textDocument/documentSymbol" id=717}: new
2026-05-30T13:27:35.069634Z  INFO handle_request{method="textDocument/documentSymbol" id=717}: close time.busy=3.27µs time.idle=3.30µs
2026-05-30T13:27:35.070617Z  INFO handle_request{method="textDocument/foldingRange" id=718}: new
2026-05-30T13:27:35.070626Z  INFO handle_request{method="textDocument/foldingRange" id=718}: close time.busy=4.85µs time.idle=4.19µs
2026-05-30T13:27:37.563012Z  INFO handle_notification{method="textDocument/didChange"}: new
2026-05-30T13:27:37.563040Z  INFO handle_notification{method="textDocument/didChange"}: close time.busy=17.0µs time.idle=11.5µs
2026-05-30T13:27:37.716904Z  INFO handle_notification{method="textDocument/didChange"}: new
2026-05-30T13:27:37.716936Z  INFO handle_notification{method="textDocument/didChange"}: close time.busy=18.1µs time.idle=14.7µs
2026-05-30T13:27:37.869937Z  INFO handle_notification{method="textDocument/didChange"}: new
2026-05-30T13:27:37.869965Z  INFO handle_notification{method="textDocument/didChange"}: close time.busy=17.3µs time.idle=11.7µs
2026-05-30T13:27:38.070092Z  INFO pb_proj::upd: new
2026-05-30T13:27:38.070257Z  INFO pb_proj::upd: close time.busy=139µs time.idle=26.3µs
2026-05-30T13:27:38.070278Z  INFO GC: vers to remove: [Version(290)]
2026-05-30T13:27:38.070342Z  INFO send_notification{method="textDocument/publishDiagnostics"}: new
2026-05-30T13:27:38.070354Z  INFO send_notification{method="textDocument/publishDiagnostics"}: close time.busy=4.72µs time.idle=7.07µs
2026-05-30T13:27:38.070386Z  INFO send_notification{method="textDocument/publishDiagnostics"}: new
2026-05-30T13:27:38.070393Z  INFO send_notification{method="textDocument/publishDiagnostics"}: close time.busy=2.11µs time.idle=5.53µs
2026-05-30T13:27:38.070736Z  INFO handle_request{method="textDocument/foldingRange" id=719}: new
2026-05-30T13:27:38.070755Z  INFO handle_request{method="textDocument/foldingRange" id=719}: close time.busy=11.0µs time.idle=8.58µs
2026-05-30T13:27:38.221023Z  INFO handle_request{method="textDocument/documentSymbol" id=720}: new
2026-05-30T13:27:38.221049Z  INFO handle_request{method="textDocument/documentSymbol" id=720}: close time.busy=13.3µs time.idle=13.7µs
2026-05-30T13:27:38.221057Z  INFO handle_request{method="textDocument/documentSymbol" id=721}: new
2026-05-30T13:27:38.221062Z  INFO handle_request{method="textDocument/documentSymbol" id=721}: close time.busy=2.31µs time.idle=3.18µs
2026-05-30T13:27:38.222019Z  INFO handle_request{method="textDocument/foldingRange" id=722}: new
2026-05-30T13:27:38.222034Z  INFO handle_request{method="textDocument/foldingRange" id=722}: close time.busy=6.80µs time.idle=8.17µs
2026-05-30T13:27:38.450833Z  INFO handle_notification{method="textDocument/didChange"}: new
2026-05-30T13:27:38.450878Z  INFO handle_notification{method="textDocument/didChange"}: close time.busy=31.9µs time.idle=14.3µs
2026-05-30T13:27:38.544189Z  INFO handle_notification{method="textDocument/didChange"}: new
2026-05-30T13:27:38.544220Z  INFO handle_notification{method="textDocument/didChange"}: close time.busy=18.4µs time.idle=13.0µs
2026-05-30T13:27:38.718106Z  INFO handle_notification{method="textDocument/didChange"}: new
2026-05-30T13:27:38.718138Z  INFO handle_notification{method="textDocument/didChange"}: close time.busy=18.0µs time.idle=15.3µs
2026-05-30T13:27:38.850796Z  INFO handle_notification{method="textDocument/didChange"}: new
2026-05-30T13:27:38.850833Z  INFO handle_notification{method="textDocument/didChange"}: close time.busy=17.5µs time.idle=20.2µs
2026-05-30T13:27:39.050944Z  INFO pb_proj::upd: new
2026-05-30T13:27:39.051087Z  INFO pb_proj::upd: close time.busy=116µs time.idle=27.4µs
2026-05-30T13:27:39.051110Z  INFO GC: vers to remove: [Version(291)]
2026-05-30T13:27:39.051254Z  INFO send_notification{method="textDocument/publishDiagnostics"}: new
2026-05-30T13:27:39.051261Z  INFO send_notification{method="textDocument/publishDiagnostics"}: close time.busy=2.82µs time.idle=3.93µs
2026-05-30T13:27:39.051328Z  INFO send_notification{method="textDocument/publishDiagnostics"}: new
2026-05-30T13:27:39.051333Z  INFO send_notification{method="textDocument/publishDiagnostics"}: close time.busy=1.34µs time.idle=3.36µs
2026-05-30T13:27:39.051662Z  INFO handle_request{method="textDocument/foldingRange" id=723}: new
2026-05-30T13:27:39.051685Z  INFO handle_request{method="textDocument/foldingRange" id=723}: close time.busy=12.0µs time.idle=11.7µs
2026-05-30T13:27:39.201768Z  INFO handle_request{method="textDocument/documentSymbol" id=724}: new
2026-05-30T13:27:39.201795Z  INFO handle_request{method="textDocument/documentSymbol" id=724}: close time.busy=13.6µs time.idle=14.1µs
2026-05-30T13:27:39.201805Z  INFO handle_request{method="textDocument/documentSymbol" id=725}: new
2026-05-30T13:27:39.201813Z  INFO handle_request{method="textDocument/documentSymbol" id=725}: close time.busy=5.39µs time.idle=2.94µs
2026-05-30T13:27:39.202616Z  INFO handle_request{method="textDocument/foldingRange" id=726}: new
2026-05-30T13:27:39.202631Z  INFO handle_request{method="textDocument/foldingRange" id=726}: close time.busy=6.74µs time.idle=8.23µs
2026-05-30T13:27:41.380180Z  INFO handle_request{method="textDocument/foldingRange" id=727}: new
2026-05-30T13:27:41.380207Z  INFO handle_request{method="textDocument/foldingRange" id=727}: close time.busy=14.4µs time.idle=13.2µs
2026-05-30T13:27:41.480537Z  INFO handle_request{method="textDocument/documentSymbol" id=728}: new
2026-05-30T13:27:41.480559Z  INFO handle_request{method="textDocument/documentSymbol" id=728}: close time.busy=10.4µs time.idle=11.8µs
2026-05-30T13:27:43.241568Z  INFO handle_request{method="textDocument/hover" id=729}: new
2026-05-30T13:27:43.241597Z  INFO handle_request{method="textDocument/hover" id=729}: close time.busy=15.0µs time.idle=14.5µs
2026-05-30T13:27:43.441862Z  INFO handle_request{method="textDocument/hover" id=730}: new
2026-05-30T13:27:43.441937Z  INFO handle_request{method="textDocument/hover" id=730}: close time.busy=42.9µs time.idle=33.5µs
2026-05-30T13:27:44.039709Z  INFO handle_request{method="textDocument/hover" id=731}: new
2026-05-30T13:27:44.039737Z  INFO handle_request{method="textDocument/hover" id=731}: close time.busy=15.2µs time.idle=13.6µs
2026-05-30T13:27:44.821177Z  INFO handle_request{method="textDocument/hover" id=732}: new
2026-05-30T13:27:44.821206Z  INFO handle_request{method="textDocument/hover" id=732}: close time.busy=15.2µs time.idle=13.8µs
2026-05-30T13:27:45.059019Z  INFO handle_notification{method="textDocument/didChange"}: new
2026-05-30T13:27:45.059053Z  INFO handle_notification{method="textDocument/didChange"}: close time.busy=19.5µs time.idle=15.6µs
2026-05-30T13:27:45.225172Z  INFO handle_notification{method="textDocument/didChange"}: new
2026-05-30T13:27:45.225210Z  INFO handle_notification{method="textDocument/didChange"}: close time.busy=21.1µs time.idle=18.6µs
2026-05-30T13:27:45.358862Z  INFO handle_notification{method="textDocument/didChange"}: new
2026-05-30T13:27:45.358905Z  INFO handle_notification{method="textDocument/didChange"}: close time.busy=19.6µs time.idle=24.2µs
2026-05-30T13:27:45.499791Z  INFO handle_notification{method="textDocument/didChange"}: new
2026-05-30T13:27:45.499829Z  INFO handle_notification{method="textDocument/didChange"}: close time.busy=21.4µs time.idle=17.1µs
2026-05-30T13:27:45.699942Z  INFO pb_proj::upd: new
2026-05-30T13:27:45.700092Z  INFO pb_proj::upd: close time.busy=123µs time.idle=27.4µs
2026-05-30T13:27:45.700117Z  INFO GC: vers to remove: [Version(292)]
2026-05-30T13:27:45.700178Z  INFO send_notification{method="textDocument/publishDiagnostics"}: new
2026-05-30T13:27:45.700185Z  INFO send_notification{method="textDocument/publishDiagnostics"}: close time.busy=2.55µs time.idle=5.07µs
2026-05-30T13:27:45.700260Z  INFO send_notification{method="textDocument/publishDiagnostics"}: new
2026-05-30T13:27:45.700264Z  INFO send_notification{method="textDocument/publishDiagnostics"}: close time.busy=1.41µs time.idle=3.12µs
2026-05-30T13:27:45.700630Z  INFO handle_request{method="textDocument/foldingRange" id=733}: new
2026-05-30T13:27:45.700645Z  INFO handle_request{method="textDocument/foldingRange" id=733}: close time.busy=8.86µs time.idle=6.52µs
2026-05-30T13:27:45.799515Z  INFO handle_notification{method="textDocument/didChange"}: new
2026-05-30T13:27:45.799551Z  INFO handle_notification{method="textDocument/didChange"}: close time.busy=20.4µs time.idle=17.1µs
2026-05-30T13:27:45.887111Z  INFO handle_notification{method="textDocument/didChange"}: new
2026-05-30T13:27:45.887144Z  INFO handle_notification{method="textDocument/didChange"}: close time.busy=21.2µs time.idle=12.5µs
2026-05-30T13:27:45.967274Z  INFO handle_notification{method="textDocument/didChange"}: new
2026-05-30T13:27:45.967308Z  INFO handle_notification{method="textDocument/didChange"}: close time.busy=20.5µs time.idle=14.1µs
2026-05-30T13:27:46.167421Z  INFO pb_proj::upd: new
2026-05-30T13:27:46.167599Z  INFO pb_proj::upd: close time.busy=158µs time.idle=20.6µs
2026-05-30T13:27:46.167617Z  INFO GC: vers to remove: [Version(293)]
2026-05-30T13:27:46.167677Z  INFO send_notification{method="textDocument/publishDiagnostics"}: new
2026-05-30T13:27:46.167683Z  INFO send_notification{method="textDocument/publishDiagnostics"}: close time.busy=2.54µs time.idle=3.54µs
2026-05-30T13:27:46.167733Z  INFO send_notification{method="textDocument/publishDiagnostics"}: new
2026-05-30T13:27:46.167737Z  INFO send_notification{method="textDocument/publishDiagnostics"}: close time.busy=1.15µs time.idle=3.32µs
2026-05-30T13:27:46.167789Z  INFO handle_request{method="textDocument/foldingRange" id=734}: new
2026-05-30T13:27:46.167805Z  INFO handle_request{method="textDocument/foldingRange" id=734}: close time.busy=8.84µs time.idle=7.77µs
2026-05-30T13:27:46.317937Z  INFO handle_request{method="textDocument/documentSymbol" id=735}: new
2026-05-30T13:27:46.317965Z  INFO handle_request{method="textDocument/documentSymbol" id=735}: close time.busy=14.1µs time.idle=15.4µs
2026-05-30T13:27:46.317975Z  INFO handle_request{method="textDocument/documentSymbol" id=736}: new
2026-05-30T13:27:46.317980Z  INFO handle_request{method="textDocument/documentSymbol" id=736}: close time.busy=2.23µs time.idle=3.13µs
2026-05-30T13:27:46.341108Z  INFO handle_notification{method="textDocument/didChange"}: new
2026-05-30T13:27:46.341146Z  INFO handle_notification{method="textDocument/didChange"}: close time.busy=22.5µs time.idle=16.9µs
2026-05-30T13:27:46.541272Z  INFO pb_proj::upd: new
2026-05-30T13:27:46.541429Z  INFO pb_proj::upd: close time.busy=131µs time.idle=26.5µs
2026-05-30T13:27:46.541450Z  INFO GC: vers to remove: [Version(294)]
2026-05-30T13:27:46.541518Z  INFO send_notification{method="textDocument/publishDiagnostics"}: new
2026-05-30T13:27:46.541531Z  INFO send_notification{method="textDocument/publishDiagnostics"}: close time.busy=3.50µs time.idle=9.45µs
2026-05-30T13:27:46.541573Z  INFO send_notification{method="textDocument/publishDiagnostics"}: new
2026-05-30T13:27:46.541578Z  INFO send_notification{method="textDocument/publishDiagnostics"}: close time.busy=1.49µs time.idle=3.49µs
2026-05-30T13:27:46.541910Z  INFO handle_request{method="textDocument/foldingRange" id=737}: new
2026-05-30T13:27:46.541930Z  INFO handle_request{method="textDocument/foldingRange" id=737}: close time.busy=11.7µs time.idle=8.52µs
2026-05-30T13:27:46.547148Z  INFO handle_notification{method="textDocument/didChange"}: new
2026-05-30T13:27:46.547169Z  INFO handle_notification{method="textDocument/didChange"}: close time.busy=13.0µs time.idle=8.19µs
2026-05-30T13:27:46.747279Z  INFO pb_proj::upd: new
2026-05-30T13:27:46.747443Z  INFO pb_proj::upd: close time.busy=139µs time.idle=25.2µs
2026-05-30T13:27:46.747462Z  INFO GC: vers to remove: [Version(295)]
2026-05-30T13:27:46.747520Z  INFO send_notification{method="textDocument/publishDiagnostics"}: new
2026-05-30T13:27:46.747529Z  INFO send_notification{method="textDocument/publishDiagnostics"}: close time.busy=3.58µs time.idle=4.81µs
2026-05-30T13:27:46.747573Z  INFO send_notification{method="textDocument/publishDiagnostics"}: new
2026-05-30T13:27:46.747577Z  INFO send_notification{method="textDocument/publishDiagnostics"}: close time.busy=1.34µs time.idle=3.16µs
2026-05-30T13:27:46.748040Z  INFO handle_request{method="textDocument/foldingRange" id=738}: new
2026-05-30T13:27:46.748068Z  INFO handle_request{method="textDocument/foldingRange" id=738}: close time.busy=17.5µs time.idle=10.2µs
2026-05-30T13:27:46.897979Z  INFO handle_request{method="textDocument/documentSymbol" id=739}: new
2026-05-30T13:27:46.898005Z  INFO handle_request{method="textDocument/documentSymbol" id=739}: close time.busy=13.5µs time.idle=13.0µs
2026-05-30T13:27:46.898015Z  INFO handle_request{method="textDocument/documentSymbol" id=740}: new
2026-05-30T13:27:46.898021Z  INFO handle_request{method="textDocument/documentSymbol" id=740}: close time.busy=2.36µs time.idle=2.95µs
2026-05-30T13:27:47.530711Z  INFO handle_notification{method="textDocument/didSave"}: new
2026-05-30T13:27:47.530738Z  INFO handle_notification{method="textDocument/didSave"}: close time.busy=12.3µs time.idle=16.0µs
2026-05-30T13:27:47.698637Z  INFO handle_request{method="textDocument/definition" id=741}: new
2026-05-30T13:27:47.698663Z  INFO handle_request{method="textDocument/definition" id=741}: close time.busy=15.0µs time.idle=11.0µs
2026-05-30T13:27:47.698722Z  INFO send_notification{method="telemetry/event"}: new
2026-05-30T13:27:47.698735Z  INFO send_notification{method="telemetry/event"}: close time.busy=2.38µs time.idle=11.2µs
2026-05-30T13:27:47.751472Z  INFO handle_request{method="textDocument/definition" id=742}: new
2026-05-30T13:27:47.751488Z  INFO handle_request{method="textDocument/definition" id=742}: close time.busy=8.23µs time.idle=8.32µs
2026-05-30T13:27:47.751545Z  INFO send_notification{method="telemetry/event"}: new
2026-05-30T13:27:47.751553Z  INFO send_notification{method="telemetry/event"}: close time.busy=2.03µs time.idle=6.74µs
2026-05-30T13:27:47.754611Z  INFO handle_notification{method="textDocument/didOpen"}: new
2026-05-30T13:27:47.754633Z  INFO handle_notification{method="textDocument/didOpen"}: close time.busy=15.2µs time.idle=7.23µs
2026-05-30T13:27:47.754715Z  INFO send_notification{method="textDocument/publishDiagnostics"}: new
2026-05-30T13:27:47.754728Z  INFO send_notification{method="textDocument/publishDiagnostics"}: close time.busy=2.06µs time.idle=11.7µs
2026-05-30T13:27:47.755446Z  INFO handle_notification{method="textDocument/didClose"}: new
2026-05-30T13:27:47.755463Z  INFO handle_notification{method="textDocument/didClose"}: close time.busy=10.2µs time.idle=7.24µs
2026-05-30T13:27:47.755471Z  INFO send_notification{method="textDocument/publishDiagnostics"}: new
2026-05-30T13:27:47.755478Z  INFO send_notification{method="textDocument/publishDiagnostics"}: close time.busy=1.83µs time.idle=4.55µs
2026-05-30T13:27:47.769374Z  INFO handle_request{method="textDocument/definition" id=743}: new
2026-05-30T13:27:47.769391Z  INFO handle_request{method="textDocument/definition" id=743}: close time.busy=9.29µs time.idle=8.46µs
2026-05-30T13:27:47.769425Z  INFO send_notification{method="telemetry/event"}: new
2026-05-30T13:27:47.769436Z  INFO send_notification{method="telemetry/event"}: close time.busy=1.95µs time.idle=8.80µs
2026-05-30T13:27:47.823121Z  INFO handle_notification{method="workspace/didChangeWatchedFiles"}: new
2026-05-30T13:27:47.823145Z  INFO handle_notification{method="workspace/didChangeWatchedFiles"}: close time.busy=12.3µs time.idle=12.9µs
2026-05-30T13:27:47.823157Z  INFO changes: {
  kind=Changed url=file:///home/maksim/Projects/Go/Project/sso/proto/sso/sso.proto
}
2026-05-30T13:27:48.023295Z  INFO pb_proj::upd: new
2026-05-30T13:27:48.023399Z  INFO pb_proj::upd: close time.busy=89.4µs time.idle=15.4µs
2026-05-30T13:27:48.023419Z  INFO GC: vers to remove: [Version(296)]
2026-05-30T13:27:48.023649Z  INFO send_notification{method="textDocument/publishDiagnostics"}: new
2026-05-30T13:27:48.023658Z  INFO send_notification{method="textDocument/publishDiagnostics"}: close time.busy=3.69µs time.idle=5.61µs
2026-05-30T13:27:48.023713Z  INFO send_notification{method="textDocument/publishDiagnostics"}: new
2026-05-30T13:27:48.023717Z  INFO send_notification{method="textDocument/publishDiagnostics"}: close time.busy=1.34µs time.idle=3.33µs
2026-05-30T13:27:48.431610Z  INFO handle_request{method="textDocument/foldingRange" id=744}: new
2026-05-30T13:27:48.431634Z  INFO handle_request{method="textDocument/foldingRange" id=744}: close time.busy=12.0µs time.idle=13.4µs
2026-05-30T13:27:48.532135Z  INFO handle_request{method="textDocument/documentSymbol" id=745}: new
2026-05-30T13:27:48.532156Z  INFO handle_request{method="textDocument/documentSymbol" id=745}: close time.busy=10.9µs time.idle=10.3µs
2026-05-30T13:27:48.532699Z  INFO handle_request{method="textDocument/foldingRange" id=746}: new
2026-05-30T13:27:48.532710Z  INFO handle_request{method="textDocument/foldingRange" id=746}: close time.busy=6.65µs time.idle=5.22µs
2026-05-30T13:27:49.128736Z  INFO handle_request{method="textDocument/hover" id=747}: new
2026-05-30T13:27:49.128765Z  INFO handle_request{method="textDocument/hover" id=747}: close time.busy=16.3µs time.idle=14.1µs
2026-05-30T13:27:49.461662Z  INFO handle_request{method="textDocument/hover" id=748}: new
2026-05-30T13:27:49.461688Z  INFO handle_request{method="textDocument/hover" id=748}: close time.busy=14.4µs time.idle=12.4µs
2026-05-30T13:27:50.332843Z  INFO handle_notification{method="textDocument/didChange"}: new
2026-05-30T13:27:50.332884Z  INFO handle_notification{method="textDocument/didChange"}: close time.busy=28.0µs time.idle=14.2µs
2026-05-30T13:27:50.452427Z  INFO handle_notification{method="textDocument/didChange"}: new
2026-05-30T13:27:50.452460Z  INFO handle_notification{method="textDocument/didChange"}: close time.busy=18.4µs time.idle=14.9µs
2026-05-30T13:27:50.585747Z  INFO handle_notification{method="textDocument/didChange"}: new
2026-05-30T13:27:50.585783Z  INFO handle_notification{method="textDocument/didChange"}: close time.busy=22.5µs time.idle=14.5µs
2026-05-30T13:27:50.705791Z  INFO handle_notification{method="textDocument/didChange"}: new
2026-05-30T13:27:50.705827Z  INFO handle_notification{method="textDocument/didChange"}: close time.busy=17.3µs time.idle=19.6µs
2026-05-30T13:27:50.905935Z  INFO pb_proj::upd: new
2026-05-30T13:27:50.906138Z  INFO pb_proj::upd: close time.busy=175µs time.idle=28.7µs
2026-05-30T13:27:50.906160Z  INFO GC: vers to remove: [Version(297)]
2026-05-30T13:27:50.906214Z  INFO send_notification{method="textDocument/publishDiagnostics"}: new
2026-05-30T13:27:50.906221Z  INFO send_notification{method="textDocument/publishDiagnostics"}: close time.busy=2.88µs time.idle=3.92µs
2026-05-30T13:27:50.906275Z  INFO send_notification{method="textDocument/publishDiagnostics"}: new
2026-05-30T13:27:50.906279Z  INFO send_notification{method="textDocument/publishDiagnostics"}: close time.busy=1.25µs time.idle=3.05µs
2026-05-30T13:27:50.906559Z  INFO handle_request{method="textDocument/foldingRange" id=749}: new
2026-05-30T13:27:50.906578Z  INFO handle_request{method="textDocument/foldingRange" id=749}: close time.busy=10.5µs time.idle=9.32µs
2026-05-30T13:27:51.012818Z  INFO handle_notification{method="textDocument/didChange"}: new
2026-05-30T13:27:51.012856Z  INFO handle_notification{method="textDocument/didChange"}: close time.busy=24.3µs time.idle=15.0µs
2026-05-30T13:27:51.056423Z  INFO handle_request{method="textDocument/documentSymbol" id=750}: new
2026-05-30T13:27:51.056451Z  INFO handle_request{method="textDocument/documentSymbol" id=750}: close time.busy=13.8µs time.idle=14.8µs
2026-05-30T13:27:51.056462Z  INFO pb_proj::upd: new
2026-05-30T13:27:51.056584Z  INFO pb_proj::upd: close time.busy=114µs time.idle=7.56µs
2026-05-30T13:27:51.057142Z  INFO handle_request{method="textDocument/foldingRange" id=751}: new
2026-05-30T13:27:51.057154Z  INFO handle_request{method="textDocument/foldingRange" id=751}: close time.busy=5.92µs time.idle=6.41µs
2026-05-30T13:27:51.138236Z  INFO handle_notification{method="textDocument/didChange"}: new
2026-05-30T13:27:51.138257Z  INFO handle_notification{method="textDocument/didChange"}: close time.busy=11.8µs time.idle=8.81µs
2026-05-30T13:27:51.319584Z  INFO handle_notification{method="textDocument/didChange"}: new
2026-05-30T13:27:51.319617Z  INFO handle_notification{method="textDocument/didChange"}: close time.busy=18.4µs time.idle=14.9µs
2026-05-30T13:27:51.519727Z  INFO pb_proj::upd: new
2026-05-30T13:27:51.519891Z  INFO pb_proj::upd: close time.busy=139µs time.idle=27.0µs
2026-05-30T13:27:51.519910Z  INFO GC: vers to remove: [Version(298), Version(299)]
2026-05-30T13:27:51.519969Z  INFO send_notification{method="textDocument/publishDiagnostics"}: new
2026-05-30T13:27:51.519981Z  INFO send_notification{method="textDocument/publishDiagnostics"}: close time.busy=3.07µs time.idle=8.97µs
2026-05-30T13:27:51.520055Z  INFO send_notification{method="textDocument/publishDiagnostics"}: new
2026-05-30T13:27:51.520060Z  INFO send_notification{method="textDocument/publishDiagnostics"}: close time.busy=1.43µs time.idle=3.31µs
2026-05-30T13:27:51.520352Z  INFO handle_request{method="textDocument/foldingRange" id=752}: new
2026-05-30T13:27:51.520371Z  INFO handle_request{method="textDocument/foldingRange" id=752}: close time.busy=10.4µs time.idle=9.15µs
2026-05-30T13:27:51.653977Z  INFO handle_notification{method="textDocument/didChange"}: new
2026-05-30T13:27:51.654008Z  INFO handle_notification{method="textDocument/didChange"}: close time.busy=20.4µs time.idle=11.7µs
2026-05-30T13:27:51.669968Z  INFO handle_request{method="textDocument/documentSymbol" id=753}: new
2026-05-30T13:27:51.669989Z  INFO handle_request{method="textDocument/documentSymbol" id=753}: close time.busy=10.8µs time.idle=10.8µs
2026-05-30T13:27:51.670001Z  INFO pb_proj::upd: new
2026-05-30T13:27:51.670104Z  INFO pb_proj::upd: close time.busy=95.1µs time.idle=8.03µs
2026-05-30T13:27:51.670608Z  INFO handle_request{method="textDocument/foldingRange" id=754}: new
2026-05-30T13:27:51.670620Z  INFO handle_request{method="textDocument/foldingRange" id=754}: close time.busy=5.25µs time.idle=6.52µs
2026-05-30T13:27:51.793965Z  INFO handle_notification{method="textDocument/didChange"}: new
2026-05-30T13:27:51.793996Z  INFO handle_notification{method="textDocument/didChange"}: close time.busy=20.5µs time.idle=11.5µs
2026-05-30T13:27:51.994084Z  INFO pb_proj::upd: new
2026-05-30T13:27:51.994225Z  INFO pb_proj::upd: close time.busy=118µs time.idle=23.9µs
2026-05-30T13:27:51.994248Z  INFO GC: vers to remove: [Version(300), Version(301)]
2026-05-30T13:27:51.994317Z  INFO send_notification{method="textDocument/publishDiagnostics"}: new
2026-05-30T13:27:51.994332Z  INFO send_notification{method="textDocument/publishDiagnostics"}: close time.busy=4.86µs time.idle=9.68µs
2026-05-30T13:27:51.994406Z  INFO send_notification{method="textDocument/publishDiagnostics"}: new
2026-05-30T13:27:51.994411Z  INFO send_notification{method="textDocument/publishDiagnostics"}: close time.busy=1.56µs time.idle=3.48µs
2026-05-30T13:27:51.994703Z  INFO handle_request{method="textDocument/foldingRange" id=755}: new
2026-05-30T13:27:51.994721Z  INFO handle_request{method="textDocument/foldingRange" id=755}: close time.busy=10.2µs time.idle=8.86µs
2026-05-30T13:27:52.144863Z  INFO handle_request{method="textDocument/documentSymbol" id=756}: new
2026-05-30T13:27:52.144953Z  INFO handle_request{method="textDocument/documentSymbol" id=756}: close time.busy=63.4µs time.idle=27.5µs
2026-05-30T13:27:52.144970Z  INFO handle_request{method="textDocument/documentSymbol" id=757}: new
2026-05-30T13:27:52.144980Z  INFO handle_request{method="textDocument/documentSymbol" id=757}: close time.busy=6.37µs time.idle=3.90µs
2026-05-30T13:27:52.145764Z  INFO handle_request{method="textDocument/foldingRange" id=758}: new
2026-05-30T13:27:52.145779Z  INFO handle_request{method="textDocument/foldingRange" id=758}: close time.busy=6.59µs time.idle=8.59µs
2026-05-30T13:27:53.816822Z  INFO handle_notification{method="textDocument/didChange"}: new
2026-05-30T13:27:53.816852Z  INFO handle_notification{method="textDocument/didChange"}: close time.busy=19.9µs time.idle=11.5µs
2026-05-30T13:27:53.956766Z  INFO handle_notification{method="textDocument/didChange"}: new
2026-05-30T13:27:53.956795Z  INFO handle_notification{method="textDocument/didChange"}: close time.busy=16.7µs time.idle=13.5µs
2026-05-30T13:27:54.109751Z  INFO handle_notification{method="textDocument/didChange"}: new
2026-05-30T13:27:54.109779Z  INFO handle_notification{method="textDocument/didChange"}: close time.busy=16.0µs time.idle=12.3µs
2026-05-30T13:27:54.309893Z  INFO pb_proj::upd: new
2026-05-30T13:27:54.310068Z  INFO pb_proj::upd: close time.busy=151µs time.idle=24.1µs
2026-05-30T13:27:54.310090Z  INFO GC: vers to remove: [Version(302)]
2026-05-30T13:27:54.310149Z  INFO send_notification{method="textDocument/publishDiagnostics"}: new
2026-05-30T13:27:54.310155Z  INFO send_notification{method="textDocument/publishDiagnostics"}: close time.busy=2.76µs time.idle=3.77µs
2026-05-30T13:27:54.310208Z  INFO send_notification{method="textDocument/publishDiagnostics"}: new
2026-05-30T13:27:54.310212Z  INFO send_notification{method="textDocument/publishDiagnostics"}: close time.busy=1.30µs time.idle=3.18µs
2026-05-30T13:27:54.310422Z  INFO handle_request{method="textDocument/foldingRange" id=759}: new
2026-05-30T13:27:54.310439Z  INFO handle_request{method="textDocument/foldingRange" id=759}: close time.busy=9.55µs time.idle=7.27µs
2026-05-30T13:27:54.409783Z  INFO handle_notification{method="textDocument/didChange"}: new
2026-05-30T13:27:54.409814Z  INFO handle_notification{method="textDocument/didChange"}: close time.busy=18.4µs time.idle=13.5µs
2026-05-30T13:27:54.609935Z  INFO pb_proj::upd: new
2026-05-30T13:27:54.610086Z  INFO pb_proj::upd: close time.busy=132µs time.idle=21.0µs
2026-05-30T13:27:54.610103Z  INFO GC: vers to remove: [Version(303)]
2026-05-30T13:27:54.610164Z  INFO send_notification{method="textDocument/publishDiagnostics"}: new
2026-05-30T13:27:54.610171Z  INFO send_notification{method="textDocument/publishDiagnostics"}: close time.busy=2.96µs time.idle=4.19µs
2026-05-30T13:27:54.610226Z  INFO send_notification{method="textDocument/publishDiagnostics"}: new
2026-05-30T13:27:54.610231Z  INFO send_notification{method="textDocument/publishDiagnostics"}: close time.busy=1.24µs time.idle=3.19µs
2026-05-30T13:27:54.610381Z  INFO handle_request{method="textDocument/foldingRange" id=760}: new
2026-05-30T13:27:54.610398Z  INFO handle_request{method="textDocument/foldingRange" id=760}: close time.busy=8.92µs time.idle=7.61µs
2026-05-30T13:27:54.760816Z  INFO handle_request{method="textDocument/documentSymbol" id=761}: new
2026-05-30T13:27:54.760843Z  INFO handle_request{method="textDocument/documentSymbol" id=761}: close time.busy=13.9µs time.idle=14.4µs
2026-05-30T13:27:54.760852Z  INFO handle_request{method="textDocument/documentSymbol" id=762}: new
2026-05-30T13:27:54.760856Z  INFO handle_request{method="textDocument/documentSymbol" id=762}: close time.busy=2.32µs time.idle=2.39µs
2026-05-30T13:27:54.761581Z  INFO handle_request{method="textDocument/foldingRange" id=763}: new
2026-05-30T13:27:54.761592Z  INFO handle_request{method="textDocument/foldingRange" id=763}: close time.busy=5.53µs time.idle=5.16µs
2026-05-30T13:27:54.763163Z  INFO handle_notification{method="textDocument/didChange"}: new
2026-05-30T13:27:54.763181Z  INFO handle_notification{method="textDocument/didChange"}: close time.busy=12.7µs time.idle=5.79µs
2026-05-30T13:27:54.814592Z  INFO handle_request{method="textDocument/completion" id=764}: new
2026-05-30T13:27:54.814612Z  INFO handle_request{method="textDocument/completion" id=764}: close time.busy=12.0µs time.idle=9.28µs
2026-05-30T13:27:54.814625Z  INFO pb_proj::upd: new
2026-05-30T13:27:54.814739Z  INFO pb_proj::upd: close time.busy=105µs time.idle=8.96µs
2026-05-30T13:27:54.814789Z  INFO send_notification{method="telemetry/event"}: new
2026-05-30T13:27:54.814797Z  INFO send_notification{method="telemetry/event"}: close time.busy=2.14µs time.idle=6.87µs
2026-05-30T13:27:54.835963Z  INFO handle_notification{method="textDocument/didChange"}: new
2026-05-30T13:27:54.835993Z  INFO handle_notification{method="textDocument/didChange"}: close time.busy=20.2µs time.idle=10.7µs
2026-05-30T13:27:54.990082Z  INFO handle_notification{method="textDocument/didChange"}: new
2026-05-30T13:27:54.990109Z  INFO handle_notification{method="textDocument/didChange"}: close time.busy=16.2µs time.idle=11.5µs
2026-05-30T13:27:55.190228Z  INFO pb_proj::upd: new
2026-05-30T13:27:55.190368Z  INFO pb_proj::upd: close time.busy=117µs time.idle=23.6µs
2026-05-30T13:27:55.190389Z  INFO GC: vers to remove: [Version(304), Version(305)]
2026-05-30T13:27:55.190447Z  INFO send_notification{method="textDocument/publishDiagnostics"}: new
2026-05-30T13:27:55.190453Z  INFO send_notification{method="textDocument/publishDiagnostics"}: close time.busy=2.82µs time.idle=3.93µs
2026-05-30T13:27:55.190521Z  INFO send_notification{method="textDocument/publishDiagnostics"}: new
2026-05-30T13:27:55.190530Z  INFO send_notification{method="textDocument/publishDiagnostics"}: close time.busy=2.34µs time.idle=6.74µs
2026-05-30T13:27:55.191255Z  INFO handle_request{method="textDocument/foldingRange" id=765}: new
2026-05-30T13:27:55.191275Z  INFO handle_request{method="textDocument/foldingRange" id=765}: close time.busy=9.53µs time.idle=10.6µs
2026-05-30T13:27:55.249988Z  INFO handle_notification{method="textDocument/didChange"}: new
2026-05-30T13:27:55.250019Z  INFO handle_notification{method="textDocument/didChange"}: close time.busy=17.4µs time.idle=15.0µs
2026-05-30T13:27:55.450131Z  INFO pb_proj::upd: new
2026-05-30T13:27:55.450341Z  INFO pb_proj::upd: close time.busy=184µs time.idle=27.0µs
2026-05-30T13:27:55.450362Z  INFO GC: vers to remove: [Version(306)]
2026-05-30T13:27:55.450431Z  INFO send_notification{method="textDocument/publishDiagnostics"}: new
2026-05-30T13:27:55.450443Z  INFO send_notification{method="textDocument/publishDiagnostics"}: close time.busy=3.34µs time.idle=8.81µs
2026-05-30T13:27:55.450490Z  INFO send_notification{method="textDocument/publishDiagnostics"}: new
2026-05-30T13:27:55.450495Z  INFO send_notification{method="textDocument/publishDiagnostics"}: close time.busy=1.63µs time.idle=3.32µs
2026-05-30T13:27:55.451179Z  INFO handle_request{method="textDocument/foldingRange" id=766}: new
2026-05-30T13:27:55.451198Z  INFO handle_request{method="textDocument/foldingRange" id=766}: close time.busy=9.76µs time.idle=9.53µs
2026-05-30T13:27:55.601347Z  INFO handle_request{method="textDocument/documentSymbol" id=767}: new
2026-05-30T13:27:55.601374Z  INFO handle_request{method="textDocument/documentSymbol" id=767}: close time.busy=15.8µs time.idle=13.0µs
2026-05-30T13:27:55.601384Z  INFO handle_request{method="textDocument/documentSymbol" id=768}: new
2026-05-30T13:27:55.601389Z  INFO handle_request{method="textDocument/documentSymbol" id=768}: close time.busy=2.53µs time.idle=2.85µs
2026-05-30T13:27:55.602128Z  INFO handle_request{method="textDocument/foldingRange" id=769}: new
2026-05-30T13:27:55.602141Z  INFO handle_request{method="textDocument/foldingRange" id=769}: close time.busy=5.77µs time.idle=7.50µs
2026-05-30T13:27:56.127992Z  INFO handle_request{method="textDocument/definition" id=770}: new
2026-05-30T13:27:56.128023Z  INFO handle_request{method="textDocument/definition" id=770}: close time.busy=16.1µs time.idle=15.5µs
2026-05-30T13:27:56.128075Z  INFO send_notification{method="telemetry/event"}: new
2026-05-30T13:27:56.128087Z  INFO send_notification{method="telemetry/event"}: close time.busy=2.40µs time.idle=9.66µs
2026-05-30T13:27:56.160844Z  INFO handle_request{method="textDocument/definition" id=771}: new
2026-05-30T13:27:56.160860Z  INFO handle_request{method="textDocument/definition" id=771}: close time.busy=8.45µs time.idle=8.45µs
2026-05-30T13:27:56.160902Z  INFO send_notification{method="telemetry/event"}: new
2026-05-30T13:27:56.160910Z  INFO send_notification{method="telemetry/event"}: close time.busy=1.58µs time.idle=7.36µs
2026-05-30T13:27:56.178902Z  INFO handle_notification{method="textDocument/didSave"}: new
2026-05-30T13:27:56.178917Z  INFO handle_notification{method="textDocument/didSave"}: close time.busy=6.30µs time.idle=9.06µs
2026-05-30T13:27:56.245093Z  INFO handle_request{method="textDocument/definition" id=772}: new
2026-05-30T13:27:56.245120Z  INFO handle_request{method="textDocument/definition" id=772}: close time.busy=16.1µs time.idle=11.7µs
2026-05-30T13:27:56.245161Z  INFO send_notification{method="telemetry/event"}: new
2026-05-30T13:27:56.245168Z  INFO send_notification{method="telemetry/event"}: close time.busy=1.92µs time.idle=6.20µs
2026-05-30T13:27:56.472937Z  INFO handle_notification{method="workspace/didChangeWatchedFiles"}: new
2026-05-30T13:27:56.472959Z  INFO handle_notification{method="workspace/didChangeWatchedFiles"}: close time.busy=9.46µs time.idle=12.9µs
2026-05-30T13:27:56.472971Z  INFO changes: {
  kind=Changed url=file:///home/maksim/Projects/Go/Project/sso/proto/permissions/permissions.proto
}
2026-05-30T13:27:56.673085Z  INFO pb_proj::upd: new
2026-05-30T13:27:56.673230Z  INFO pb_proj::upd: close time.busy=129µs time.idle=16.1µs
2026-05-30T13:27:56.673261Z  INFO GC: vers to remove: [Version(307)]
2026-05-30T13:27:56.673330Z  INFO send_notification{method="textDocument/publishDiagnostics"}: new
2026-05-30T13:27:56.673340Z  INFO send_notification{method="textDocument/publishDiagnostics"}: close time.busy=3.82µs time.idle=6.70µs
2026-05-30T13:27:56.673382Z  INFO send_notification{method="textDocument/publishDiagnostics"}: new
2026-05-30T13:27:56.673387Z  INFO send_notification{method="textDocument/publishDiagnostics"}: close time.busy=1.37µs time.idle=2.97µs
2026-05-30T13:27:57.761101Z  INFO handle_request{method="textDocument/foldingRange" id=773}: new
2026-05-30T13:27:57.761127Z  INFO handle_request{method="textDocument/foldingRange" id=773}: close time.busy=14.0µs time.idle=12.6µs
2026-05-30T13:27:57.865469Z  INFO handle_request{method="textDocument/documentSymbol" id=774}: new
2026-05-30T13:27:57.865496Z  INFO handle_request{method="textDocument/documentSymbol" id=774}: close time.busy=11.8µs time.idle=16.3µs
2026-05-30T13:28:00.679789Z  INFO handle_notification{method="textDocument/didChange"}: new
2026-05-30T13:28:00.679819Z  INFO handle_notification{method="textDocument/didChange"}: close time.busy=16.9µs time.idle=14.5µs
2026-05-30T13:28:00.879918Z  INFO pb_proj::upd: new
2026-05-30T13:28:00.880035Z  INFO pb_proj::upd: close time.busy=99.8µs time.idle=18.6µs
2026-05-30T13:28:00.880057Z  INFO GC: vers to remove: [Version(308)]
2026-05-30T13:28:00.880126Z  INFO send_notification{method="textDocument/publishDiagnostics"}: new
2026-05-30T13:28:00.880137Z  INFO send_notification{method="textDocument/publishDiagnostics"}: close time.busy=3.84µs time.idle=7.66µs
2026-05-30T13:28:00.880175Z  INFO send_notification{method="textDocument/publishDiagnostics"}: new
2026-05-30T13:28:00.880179Z  INFO send_notification{method="textDocument/publishDiagnostics"}: close time.busy=1.44µs time.idle=3.35µs
2026-05-30T13:28:00.882499Z  INFO handle_request{method="textDocument/foldingRange" id=775}: new
2026-05-30T13:28:00.882517Z  INFO handle_request{method="textDocument/foldingRange" id=775}: close time.busy=9.90µs time.idle=8.94µs
2026-05-30T13:28:01.033131Z  INFO handle_request{method="textDocument/documentSymbol" id=776}: new
2026-05-30T13:28:01.033164Z  INFO handle_request{method="textDocument/documentSymbol" id=776}: close time.busy=16.8µs time.idle=17.1µs
2026-05-30T13:28:01.033175Z  INFO handle_request{method="textDocument/documentSymbol" id=777}: new
2026-05-30T13:28:01.033181Z  INFO handle_request{method="textDocument/documentSymbol" id=777}: close time.busy=2.56µs time.idle=3.21µs
2026-05-30T13:28:01.050204Z  INFO handle_notification{method="textDocument/didChange"}: new
2026-05-30T13:28:01.050226Z  INFO handle_notification{method="textDocument/didChange"}: close time.busy=11.9µs time.idle=10.5µs
2026-05-30T13:28:01.250349Z  INFO pb_proj::upd: new
2026-05-30T13:28:01.250566Z  INFO pb_proj::upd: close time.busy=194µs time.idle=24.0µs
2026-05-30T13:28:01.250587Z  INFO GC: vers to remove: [Version(309)]
2026-05-30T13:28:01.250643Z  INFO send_notification{method="textDocument/publishDiagnostics"}: new
2026-05-30T13:28:01.250654Z  INFO send_notification{method="textDocument/publishDiagnostics"}: close time.busy=4.37µs time.idle=5.92µs
2026-05-30T13:28:01.250721Z  INFO send_notification{method="textDocument/publishDiagnostics"}: new
2026-05-30T13:28:01.250730Z  INFO send_notification{method="textDocument/publishDiagnostics"}: close time.busy=2.79µs time.idle=6.46µs
2026-05-30T13:28:01.251043Z  INFO handle_request{method="textDocument/foldingRange" id=778}: new
2026-05-30T13:28:01.251060Z  INFO handle_request{method="textDocument/foldingRange" id=778}: close time.busy=10.3µs time.idle=7.60µs
2026-05-30T13:28:01.401473Z  INFO handle_request{method="textDocument/documentSymbol" id=779}: new
2026-05-30T13:28:01.401500Z  INFO handle_request{method="textDocument/documentSymbol" id=779}: close time.busy=14.4µs time.idle=14.4µs
2026-05-30T13:28:01.401511Z  INFO handle_request{method="textDocument/documentSymbol" id=780}: new
2026-05-30T13:28:01.401517Z  INFO handle_request{method="textDocument/documentSymbol" id=780}: close time.busy=2.41µs time.idle=3.20µs
2026-05-30T13:28:01.425051Z  INFO handle_notification{method="textDocument/didChange"}: new
2026-05-30T13:28:01.425073Z  INFO handle_notification{method="textDocument/didChange"}: close time.busy=11.8µs time.idle=9.84µs
2026-05-30T13:28:01.625181Z  INFO pb_proj::upd: new
2026-05-30T13:28:01.625335Z  INFO pb_proj::upd: close time.busy=127µs time.idle=27.6µs
2026-05-30T13:28:01.625358Z  INFO GC: vers to remove: [Version(310)]
2026-05-30T13:28:01.625415Z  INFO send_notification{method="textDocument/publishDiagnostics"}: new
2026-05-30T13:28:01.625424Z  INFO send_notification{method="textDocument/publishDiagnostics"}: close time.busy=3.15µs time.idle=5.37µs
2026-05-30T13:28:01.625476Z  INFO send_notification{method="textDocument/publishDiagnostics"}: new
2026-05-30T13:28:01.625480Z  INFO send_notification{method="textDocument/publishDiagnostics"}: close time.busy=1.40µs time.idle=3.07µs
2026-05-30T13:28:01.625892Z  INFO handle_request{method="textDocument/foldingRange" id=781}: new
2026-05-30T13:28:01.625939Z  INFO handle_request{method="textDocument/foldingRange" id=781}: close time.busy=10.2µs time.idle=36.7µs
2026-05-30T13:28:01.776471Z  INFO handle_request{method="textDocument/documentSymbol" id=782}: new
2026-05-30T13:28:01.776495Z  INFO handle_request{method="textDocument/documentSymbol" id=782}: close time.busy=12.3µs time.idle=12.5µs
2026-05-30T13:28:01.776504Z  INFO handle_request{method="textDocument/documentSymbol" id=783}: new
2026-05-30T13:28:01.776508Z  INFO handle_request{method="textDocument/documentSymbol" id=783}: close time.busy=1.82µs time.idle=2.88µs
2026-05-30T13:28:03.753304Z  INFO handle_notification{method="textDocument/didChange"}: new
2026-05-30T13:28:03.753331Z  INFO handle_notification{method="textDocument/didChange"}: close time.busy=17.1µs time.idle=10.9µs
2026-05-30T13:28:03.953443Z  INFO pb_proj::upd: new
2026-05-30T13:28:03.953563Z  INFO pb_proj::upd: close time.busy=104µs time.idle=16.6µs
2026-05-30T13:28:03.953583Z  INFO GC: vers to remove: [Version(311)]
2026-05-30T13:28:03.953665Z  INFO send_notification{method="textDocument/publishDiagnostics"}: new
2026-05-30T13:28:03.953677Z  INFO send_notification{method="textDocument/publishDiagnostics"}: close time.busy=4.20µs time.idle=8.30µs
2026-05-30T13:28:03.953693Z  INFO send_notification{method="textDocument/publishDiagnostics"}: new
2026-05-30T13:28:03.953699Z  INFO send_notification{method="textDocument/publishDiagnostics"}: close time.busy=2.79µs time.idle=3.22µs
2026-05-30T13:28:03.954248Z  INFO handle_request{method="textDocument/foldingRange" id=784}: new
2026-05-30T13:28:03.954265Z  INFO handle_request{method="textDocument/foldingRange" id=784}: close time.busy=9.96µs time.idle=7.26µs
2026-05-30T13:28:04.104192Z  INFO handle_request{method="textDocument/documentSymbol" id=785}: new
2026-05-30T13:28:04.104214Z  INFO handle_request{method="textDocument/documentSymbol" id=785}: close time.busy=11.0µs time.idle=11.9µs
2026-05-30T13:28:04.104223Z  INFO handle_request{method="textDocument/documentSymbol" id=786}: new
2026-05-30T13:28:04.104229Z  INFO handle_request{method="textDocument/documentSymbol" id=786}: close time.busy=4.05µs time.idle=2.69µs
2026-05-30T13:28:04.114099Z  INFO handle_notification{method="textDocument/didChange"}: new
2026-05-30T13:28:04.114119Z  INFO handle_notification{method="textDocument/didChange"}: close time.busy=11.4µs time.idle=8.29µs
2026-05-30T13:28:04.314225Z  INFO pb_proj::upd: new
2026-05-30T13:28:04.314395Z  INFO pb_proj::upd: close time.busy=146µs time.idle=24.6µs
2026-05-30T13:28:04.314413Z  INFO GC: vers to remove: [Version(312)]
2026-05-30T13:28:04.314473Z  INFO send_notification{method="textDocument/publishDiagnostics"}: new
2026-05-30T13:28:04.314481Z  INFO send_notification{method="textDocument/publishDiagnostics"}: close time.busy=3.22µs time.idle=4.56µs
2026-05-30T13:28:04.314525Z  INFO send_notification{method="textDocument/publishDiagnostics"}: new
2026-05-30T13:28:04.314535Z  INFO send_notification{method="textDocument/publishDiagnostics"}: close time.busy=2.99µs time.idle=7.92µs
2026-05-30T13:28:04.314947Z  INFO handle_request{method="textDocument/foldingRange" id=787}: new
2026-05-30T13:28:04.314968Z  INFO handle_request{method="textDocument/foldingRange" id=787}: close time.busy=12.8µs time.idle=8.15µs
2026-05-30T13:28:04.413937Z  INFO handle_notification{method="textDocument/didChange"}: new
2026-05-30T13:28:04.413976Z  INFO handle_notification{method="textDocument/didChange"}: close time.busy=17.8µs time.idle=21.7µs
2026-05-30T13:28:04.614057Z  INFO pb_proj::upd: new
2026-05-30T13:28:04.614178Z  INFO pb_proj::upd: close time.busy=106µs time.idle=15.7µs
2026-05-30T13:28:04.614193Z  INFO GC: vers to remove: [Version(313)]
2026-05-30T13:28:04.614250Z  INFO send_notification{method="textDocument/publishDiagnostics"}: new
2026-05-30T13:28:04.614263Z  INFO send_notification{method="textDocument/publishDiagnostics"}: close time.busy=4.25µs time.idle=8.79µs
2026-05-30T13:28:04.614308Z  INFO send_notification{method="textDocument/publishDiagnostics"}: new
2026-05-30T13:28:04.614313Z  INFO send_notification{method="textDocument/publishDiagnostics"}: close time.busy=1.50µs time.idle=2.98µs
2026-05-30T13:28:04.614677Z  INFO handle_request{method="textDocument/foldingRange" id=788}: new
2026-05-30T13:28:04.614700Z  INFO handle_request{method="textDocument/foldingRange" id=788}: close time.busy=14.0µs time.idle=9.11µs
2026-05-30T13:28:04.764772Z  INFO handle_request{method="textDocument/documentSymbol" id=789}: new
2026-05-30T13:28:04.764794Z  INFO handle_request{method="textDocument/documentSymbol" id=789}: close time.busy=11.2µs time.idle=11.3µs
2026-05-30T13:28:04.764804Z  INFO handle_request{method="textDocument/documentSymbol" id=790}: new
2026-05-30T13:28:04.764812Z  INFO handle_request{method="textDocument/documentSymbol" id=790}: close time.busy=3.57µs time.idle=4.68µs
2026-05-30T13:28:06.873986Z  INFO handle_request{method="textDocument/hover" id=791}: new
2026-05-30T13:28:06.874035Z  INFO handle_request{method="textDocument/hover" id=791}: close time.busy=24.3µs time.idle=25.6µs
2026-05-30T13:28:08.314173Z  INFO handle_request{method="textDocument/foldingRange" id=792}: new
2026-05-30T13:28:08.314199Z  INFO handle_request{method="textDocument/foldingRange" id=792}: close time.busy=12.5µs time.idle=14.7µs
2026-05-30T13:28:08.412203Z  INFO handle_request{method="textDocument/documentSymbol" id=793}: new
2026-05-30T13:28:08.412227Z  INFO handle_request{method="textDocument/documentSymbol" id=793}: close time.busy=11.7µs time.idle=12.6µs
2026-05-30T13:28:08.412790Z  INFO handle_request{method="textDocument/foldingRange" id=794}: new
2026-05-30T13:28:08.412805Z  INFO handle_request{method="textDocument/foldingRange" id=794}: close time.busy=7.07µs time.idle=7.68µs
2026-05-30T13:28:09.570306Z  INFO handle_notification{method="textDocument/didChange"}: new
2026-05-30T13:28:09.570341Z  INFO handle_notification{method="textDocument/didChange"}: close time.busy=22.9µs time.idle=13.2µs
2026-05-30T13:28:09.675322Z  INFO handle_notification{method="textDocument/didChange"}: new
2026-05-30T13:28:09.675362Z  INFO handle_notification{method="textDocument/didChange"}: close time.busy=24.8µs time.idle=16.0µs
2026-05-30T13:28:09.767876Z  INFO handle_notification{method="textDocument/didChange"}: new
2026-05-30T13:28:09.767906Z  INFO handle_notification{method="textDocument/didChange"}: close time.busy=17.7µs time.idle=12.1µs
2026-05-30T13:28:09.819241Z  INFO handle_request{method="textDocument/completion" id=795}: new
2026-05-30T13:28:09.819265Z  INFO handle_request{method="textDocument/completion" id=795}: close time.busy=14.2µs time.idle=10.5µs
2026-05-30T13:28:09.819276Z  INFO pb_proj::upd: new
2026-05-30T13:28:09.819392Z  INFO pb_proj::upd: close time.busy=106µs time.idle=10.2µs
2026-05-30T13:28:09.819449Z  INFO send_notification{method="telemetry/event"}: new
2026-05-30T13:28:09.819460Z  INFO send_notification{method="telemetry/event"}: close time.busy=2.09µs time.idle=9.83µs
2026-05-30T13:28:09.948832Z  INFO handle_notification{method="textDocument/didChange"}: new
2026-05-30T13:28:09.948883Z  INFO handle_notification{method="textDocument/didChange"}: close time.busy=35.6µs time.idle=15.4µs
2026-05-30T13:28:10.128529Z  INFO handle_notification{method="textDocument/didChange"}: new
2026-05-30T13:28:10.128578Z  INFO handle_notification{method="textDocument/didChange"}: close time.busy=24.5µs time.idle=25.3µs
2026-05-30T13:28:10.328702Z  INFO pb_proj::upd: new
2026-05-30T13:28:10.328853Z  INFO pb_proj::upd: close time.busy=126µs time.idle=26.4µs
2026-05-30T13:28:10.328877Z  INFO GC: vers to remove: [Version(314), Version(315)]
2026-05-30T13:28:10.328936Z  INFO send_notification{method="textDocument/publishDiagnostics"}: new
2026-05-30T13:28:10.328953Z  INFO send_notification{method="textDocument/publishDiagnostics"}: close time.busy=6.85µs time.idle=10.9µs
2026-05-30T13:28:10.328965Z  INFO send_notification{method="textDocument/publishDiagnostics"}: new
2026-05-30T13:28:10.328969Z  INFO send_notification{method="textDocument/publishDiagnostics"}: close time.busy=210ns time.idle=4.24µs
2026-05-30T13:28:10.329660Z  INFO handle_request{method="textDocument/foldingRange" id=796}: new
2026-05-30T13:28:10.329681Z  INFO handle_request{method="textDocument/foldingRange" id=796}: close time.busy=11.6µs time.idle=10.1µs
2026-05-30T13:28:10.479250Z  INFO handle_request{method="textDocument/documentSymbol" id=797}: new
2026-05-30T13:28:10.479276Z  INFO handle_request{method="textDocument/documentSymbol" id=797}: close time.busy=13.3µs time.idle=14.2µs
2026-05-30T13:28:10.479520Z  INFO handle_request{method="textDocument/documentSymbol" id=798}: new
2026-05-30T13:28:10.479533Z  INFO handle_request{method="textDocument/documentSymbol" id=798}: close time.busy=6.83µs time.idle=6.82µs
2026-05-30T13:28:10.479867Z  INFO handle_request{method="textDocument/foldingRange" id=799}: new
2026-05-30T13:28:10.479878Z  INFO handle_request{method="textDocument/foldingRange" id=799}: close time.busy=4.11µs time.idle=6.99µs
2026-05-30T13:28:10.541901Z  INFO handle_notification{method="textDocument/didChange"}: new
2026-05-30T13:28:10.541927Z  INFO handle_notification{method="textDocument/didChange"}: close time.busy=17.0µs time.idle=9.00µs
2026-05-30T13:28:10.742056Z  INFO pb_proj::upd: new
2026-05-30T13:28:10.742331Z  INFO pb_proj::upd: close time.busy=251µs time.idle=24.6µs
2026-05-30T13:28:10.742351Z  INFO GC: vers to remove: [Version(316)]
2026-05-30T13:28:10.742410Z  INFO send_notification{method="textDocument/publishDiagnostics"}: new
2026-05-30T13:28:10.742417Z  INFO send_notification{method="textDocument/publishDiagnostics"}: close time.busy=2.73µs time.idle=4.36µs
2026-05-30T13:28:10.742447Z  INFO send_notification{method="textDocument/publishDiagnostics"}: new
2026-05-30T13:28:10.742452Z  INFO send_notification{method="textDocument/publishDiagnostics"}: close time.busy=1.48µs time.idle=4.15µs
2026-05-30T13:28:10.743212Z  INFO handle_request{method="textDocument/foldingRange" id=800}: new
2026-05-30T13:28:10.743230Z  INFO handle_request{method="textDocument/foldingRange" id=800}: close time.busy=10.5µs time.idle=7.92µs
2026-05-30T13:28:10.755755Z  INFO handle_notification{method="textDocument/didChange"}: new
2026-05-30T13:28:10.755778Z  INFO handle_notification{method="textDocument/didChange"}: close time.busy=14.5µs time.idle=8.25µs
2026-05-30T13:28:10.828763Z  INFO handle_notification{method="textDocument/didChange"}: new
2026-05-30T13:28:10.828790Z  INFO handle_notification{method="textDocument/didChange"}: close time.busy=16.1µs time.idle=11.7µs
2026-05-30T13:28:10.916042Z  INFO handle_notification{method="textDocument/didChange"}: new
2026-05-30T13:28:10.916068Z  INFO handle_notification{method="textDocument/didChange"}: close time.busy=14.8µs time.idle=12.4µs
2026-05-30T13:28:11.116167Z  INFO pb_proj::upd: new
2026-05-30T13:28:11.116269Z  INFO pb_proj::upd: close time.busy=86.6µs time.idle=16.1µs
2026-05-30T13:28:11.116290Z  INFO GC: vers to remove: [Version(317)]
2026-05-30T13:28:11.116357Z  INFO send_notification{method="textDocument/publishDiagnostics"}: new
2026-05-30T13:28:11.116368Z  INFO send_notification{method="textDocument/publishDiagnostics"}: close time.busy=4.02µs time.idle=7.07µs
2026-05-30T13:28:11.116391Z  INFO send_notification{method="textDocument/publishDiagnostics"}: new
2026-05-30T13:28:11.116394Z  INFO send_notification{method="textDocument/publishDiagnostics"}: close time.busy=250ns time.idle=2.87µs
2026-05-30T13:28:11.116828Z  INFO handle_request{method="textDocument/foldingRange" id=801}: new
2026-05-30T13:28:11.116845Z  INFO handle_request{method="textDocument/foldingRange" id=801}: close time.busy=9.29µs time.idle=8.22µs
2026-05-30T13:28:11.266844Z  INFO handle_request{method="textDocument/documentSymbol" id=802}: new
2026-05-30T13:28:11.266897Z  INFO handle_request{method="textDocument/documentSymbol" id=802}: close time.busy=39.4µs time.idle=13.7µs
2026-05-30T13:28:11.266913Z  INFO handle_request{method="textDocument/documentSymbol" id=803}: new
2026-05-30T13:28:11.266922Z  INFO handle_request{method="textDocument/documentSymbol" id=803}: close time.busy=4.96µs time.idle=4.06µs
2026-05-30T13:28:11.267524Z  INFO handle_request{method="textDocument/foldingRange" id=804}: new
2026-05-30T13:28:11.267535Z  INFO handle_request{method="textDocument/foldingRange" id=804}: close time.busy=5.61µs time.idle=5.53µs
2026-05-30T13:28:11.583821Z  INFO handle_notification{method="textDocument/didChange"}: new
2026-05-30T13:28:11.583858Z  INFO handle_notification{method="textDocument/didChange"}: close time.busy=21.9µs time.idle=15.5µs
2026-05-30T13:28:11.783957Z  INFO pb_proj::upd: new
2026-05-30T13:28:11.784075Z  INFO pb_proj::upd: close time.busy=102µs time.idle=17.3µs
2026-05-30T13:28:11.784097Z  INFO GC: vers to remove: [Version(318)]
2026-05-30T13:28:11.784167Z  INFO send_notification{method="textDocument/publishDiagnostics"}: new
2026-05-30T13:28:11.784178Z  INFO send_notification{method="textDocument/publishDiagnostics"}: close time.busy=3.75µs time.idle=7.12µs
2026-05-30T13:28:11.784189Z  INFO send_notification{method="textDocument/publishDiagnostics"}: new
2026-05-30T13:28:11.784194Z  INFO send_notification{method="textDocument/publishDiagnostics"}: close time.busy=280ns time.idle=5.08µs
2026-05-30T13:28:11.784737Z  INFO handle_request{method="textDocument/foldingRange" id=805}: new
2026-05-30T13:28:11.784752Z  INFO handle_request{method="textDocument/foldingRange" id=805}: close time.busy=9.04µs time.idle=6.09µs
2026-05-30T13:28:11.934650Z  INFO handle_request{method="textDocument/documentSymbol" id=806}: new
2026-05-30T13:28:11.934676Z  INFO handle_request{method="textDocument/documentSymbol" id=806}: close time.busy=13.8µs time.idle=12.4µs
2026-05-30T13:28:11.934687Z  INFO handle_request{method="textDocument/documentSymbol" id=807}: new
2026-05-30T13:28:11.934692Z  INFO handle_request{method="textDocument/documentSymbol" id=807}: close time.busy=2.78µs time.idle=2.75µs
2026-05-30T13:28:11.935287Z  INFO handle_request{method="textDocument/foldingRange" id=808}: new
2026-05-30T13:28:11.935296Z  INFO handle_request{method="textDocument/foldingRange" id=808}: close time.busy=5.48µs time.idle=4.46µs
2026-05-30T13:28:12.250991Z  INFO handle_notification{method="textDocument/didChange"}: new
2026-05-30T13:28:12.251018Z  INFO handle_notification{method="textDocument/didChange"}: close time.busy=16.9µs time.idle=10.9µs
2026-05-30T13:28:12.302336Z  INFO handle_request{method="textDocument/completion" id=809}: new
2026-05-30T13:28:12.302364Z  INFO handle_request{method="textDocument/completion" id=809}: close time.busy=15.9µs time.idle=13.7µs
2026-05-30T13:28:12.302379Z  INFO pb_proj::upd: new
2026-05-30T13:28:12.302483Z  INFO pb_proj::upd: close time.busy=94.7µs time.idle=9.27µs
2026-05-30T13:28:12.302545Z  INFO send_notification{method="telemetry/event"}: new
2026-05-30T13:28:12.302556Z  INFO send_notification{method="telemetry/event"}: close time.busy=2.18µs time.idle=8.61µs
2026-05-30T13:28:12.451552Z  INFO handle_request{method="textDocument/foldingRange" id=810}: new
2026-05-30T13:28:12.451572Z  INFO handle_request{method="textDocument/foldingRange" id=810}: close time.busy=10.5µs time.idle=9.87µs
2026-05-30T13:28:12.456981Z  INFO handle_notification{method="textDocument/didChange"}: new
2026-05-30T13:28:12.457000Z  INFO handle_notification{method="textDocument/didChange"}: close time.busy=12.9µs time.idle=5.79µs
2026-05-30T13:28:12.638153Z  INFO handle_notification{method="textDocument/didChange"}: new
2026-05-30T13:28:12.638180Z  INFO handle_notification{method="textDocument/didChange"}: close time.busy=16.6µs time.idle=11.7µs
2026-05-30T13:28:12.818717Z  INFO handle_notification{method="textDocument/didChange"}: new
2026-05-30T13:28:12.818744Z  INFO handle_notification{method="textDocument/didChange"}: close time.busy=17.0µs time.idle=11.0µs
2026-05-30T13:28:13.018793Z  INFO handle_notification{method="textDocument/didChange"}: new
2026-05-30T13:28:13.018827Z  INFO handle_notification{method="textDocument/didChange"}: close time.busy=21.6µs time.idle=13.8µs
2026-05-30T13:28:13.070373Z  INFO handle_request{method="textDocument/completion" id=811}: new
2026-05-30T13:28:13.070400Z  INFO handle_request{method="textDocument/completion" id=811}: close time.busy=14.6µs time.idle=12.0µs
2026-05-30T13:28:13.070411Z  INFO pb_proj::upd: new
2026-05-30T13:28:13.070584Z  INFO pb_proj::upd: close time.busy=164µs time.idle=9.53µs
2026-05-30T13:28:13.070641Z  INFO send_notification{method="telemetry/event"}: new
2026-05-30T13:28:13.070650Z  INFO send_notification{method="telemetry/event"}: close time.busy=2.22µs time.idle=7.59µs
2026-05-30T13:28:13.165423Z  INFO handle_notification{method="textDocument/didChange"}: new
2026-05-30T13:28:13.165461Z  INFO handle_notification{method="textDocument/didChange"}: close time.busy=21.5µs time.idle=17.5µs
2026-05-30T13:28:13.216478Z  INFO handle_request{method="textDocument/completion" id=812}: new
2026-05-30T13:28:13.216503Z  INFO handle_request{method="textDocument/completion" id=812}: close time.busy=14.4µs time.idle=11.9µs
2026-05-30T13:28:13.216516Z  INFO pb_proj::upd: new
2026-05-30T13:28:13.216601Z  INFO pb_proj::upd: close time.busy=77.5µs time.idle=8.69µs
2026-05-30T13:28:13.216667Z  INFO send_notification{method="telemetry/event"}: new
2026-05-30T13:28:13.216676Z  INFO send_notification{method="telemetry/event"}: close time.busy=2.29µs time.idle=6.85µs
2026-05-30T13:28:13.305438Z  INFO handle_notification{method="textDocument/didChange"}: new
2026-05-30T13:28:13.305468Z  INFO handle_notification{method="textDocument/didChange"}: close time.busy=19.0µs time.idle=11.3µs
2026-05-30T13:28:13.356581Z  INFO handle_request{method="textDocument/completion" id=813}: new
2026-05-30T13:28:13.356606Z  INFO handle_request{method="textDocument/completion" id=813}: close time.busy=14.4µs time.idle=11.6µs
2026-05-30T13:28:13.356683Z  INFO pb_proj::upd: new
2026-05-30T13:28:13.356787Z  INFO pb_proj::upd: close time.busy=95.9µs time.idle=9.50µs
2026-05-30T13:28:13.356925Z  INFO send_notification{method="telemetry/event"}: new
2026-05-30T13:28:13.356937Z  INFO send_notification{method="telemetry/event"}: close time.busy=2.56µs time.idle=10.1µs
2026-05-30T13:28:13.432807Z  INFO handle_notification{method="textDocument/didChange"}: new
2026-05-30T13:28:13.432838Z  INFO handle_notification{method="textDocument/didChange"}: close time.busy=20.0µs time.idle=11.3µs
2026-05-30T13:28:13.483896Z  INFO handle_request{method="textDocument/completion" id=814}: new
2026-05-30T13:28:13.483922Z  INFO handle_request{method="textDocument/completion" id=814}: close time.busy=15.1µs time.idle=11.4µs
2026-05-30T13:28:13.483937Z  INFO pb_proj::upd: new
2026-05-30T13:28:13.484060Z  INFO pb_proj::upd: close time.busy=115µs time.idle=8.74µs
2026-05-30T13:28:13.484116Z  INFO send_notification{method="telemetry/event"}: new
2026-05-30T13:28:13.484125Z  INFO send_notification{method="telemetry/event"}: close time.busy=2.40µs time.idle=7.40µs
2026-05-30T13:28:13.579921Z  INFO handle_notification{method="textDocument/didChange"}: new
2026-05-30T13:28:13.579973Z  INFO handle_notification{method="textDocument/didChange"}: close time.busy=25.5µs time.idle=28.3µs
2026-05-30T13:28:13.631072Z  INFO handle_request{method="textDocument/completion" id=815}: new
2026-05-30T13:28:13.631109Z  INFO handle_request{method="textDocument/completion" id=815}: close time.busy=20.3µs time.idle=18.3µs
2026-05-30T13:28:13.631125Z  INFO pb_proj::upd: new
2026-05-30T13:28:13.631284Z  INFO pb_proj::upd: close time.busy=150µs time.idle=9.36µs
2026-05-30T13:28:13.631350Z  INFO send_notification{method="telemetry/event"}: new
2026-05-30T13:28:13.631361Z  INFO send_notification{method="telemetry/event"}: close time.busy=2.40µs time.idle=9.01µs
2026-05-30T13:28:13.780581Z  INFO handle_request{method="textDocument/foldingRange" id=816}: new
2026-05-30T13:28:13.780609Z  INFO handle_request{method="textDocument/foldingRange" id=816}: close time.busy=13.9µs time.idle=14.6µs
2026-05-30T13:28:13.786006Z  INFO handle_notification{method="textDocument/didChange"}: new
2026-05-30T13:28:13.786047Z  INFO handle_notification{method="textDocument/didChange"}: close time.busy=22.8µs time.idle=20.0µs
2026-05-30T13:28:13.837256Z  INFO handle_request{method="textDocument/completion" id=817}: new
2026-05-30T13:28:13.837285Z  INFO handle_request{method="textDocument/completion" id=817}: close time.busy=15.9µs time.idle=13.6µs
2026-05-30T13:28:13.837302Z  INFO pb_proj::upd: new
2026-05-30T13:28:13.837478Z  INFO pb_proj::upd: close time.busy=167µs time.idle=9.41µs
2026-05-30T13:28:13.837550Z  INFO send_notification{method="telemetry/event"}: new
2026-05-30T13:28:13.837563Z  INFO send_notification{method="telemetry/event"}: close time.busy=3.60µs time.idle=9.91µs
2026-05-30T13:28:13.906443Z  INFO handle_notification{method="textDocument/didChange"}: new
2026-05-30T13:28:13.906477Z  INFO handle_notification{method="textDocument/didChange"}: close time.busy=21.6µs time.idle=13.7µs
2026-05-30T13:28:13.957652Z  INFO handle_request{method="textDocument/completion" id=818}: new
2026-05-30T13:28:13.957678Z  INFO handle_request{method="textDocument/completion" id=818}: close time.busy=14.8µs time.idle=12.1µs
2026-05-30T13:28:13.957767Z  INFO pb_proj::upd: new
2026-05-30T13:28:13.957849Z  INFO pb_proj::upd: close time.busy=73.4µs time.idle=8.29µs
2026-05-30T13:28:13.957921Z  INFO send_notification{method="telemetry/event"}: new
2026-05-30T13:28:13.957932Z  INFO send_notification{method="telemetry/event"}: close time.busy=3.92µs time.idle=7.61µs
2026-05-30T13:28:14.107208Z  INFO handle_request{method="textDocument/foldingRange" id=819}: new
2026-05-30T13:28:14.107233Z  INFO handle_request{method="textDocument/foldingRange" id=819}: close time.busy=12.6µs time.idle=13.1µs
2026-05-30T13:28:14.257469Z  INFO handle_request{method="textDocument/documentSymbol" id=820}: new
2026-05-30T13:28:14.257493Z  INFO handle_request{method="textDocument/documentSymbol" id=820}: close time.busy=13.2µs time.idle=12.0µs
2026-05-30T13:28:14.257507Z  INFO handle_request{method="textDocument/documentSymbol" id=821}: new
2026-05-30T13:28:14.257513Z  INFO handle_request{method="textDocument/documentSymbol" id=821}: close time.busy=2.79µs time.idle=3.17µs
2026-05-30T13:28:14.458218Z  INFO GC: vers to remove: [Version(319), Version(320), Version(321), Version(322), Version(323), Version(324), Version(325), Version(326)]
2026-05-30T13:28:14.458333Z  INFO send_notification{method="textDocument/publishDiagnostics"}: new
2026-05-30T13:28:14.458349Z  INFO send_notification{method="textDocument/publishDiagnostics"}: close time.busy=4.84µs time.idle=12.4µs
2026-05-30T13:28:14.458360Z  INFO send_notification{method="textDocument/publishDiagnostics"}: new
2026-05-30T13:28:14.458364Z  INFO send_notification{method="textDocument/publishDiagnostics"}: close time.busy=230ns time.idle=3.62µs
2026-05-30T13:28:14.486098Z  INFO handle_notification{method="textDocument/didChange"}: new
2026-05-30T13:28:14.486128Z  INFO handle_notification{method="textDocument/didChange"}: close time.busy=19.9µs time.idle=11.2µs
2026-05-30T13:28:14.686241Z  INFO pb_proj::upd: new
2026-05-30T13:28:14.686360Z  INFO pb_proj::upd: close time.busy=103µs time.idle=16.9µs
2026-05-30T13:28:14.686379Z  INFO GC: vers to remove: [Version(327)]
2026-05-30T13:28:14.686443Z  INFO send_notification{method="textDocument/publishDiagnostics"}: new
2026-05-30T13:28:14.686451Z  INFO send_notification{method="textDocument/publishDiagnostics"}: close time.busy=3.17µs time.idle=5.30µs
2026-05-30T13:28:14.686494Z  INFO send_notification{method="textDocument/publishDiagnostics"}: new
2026-05-30T13:28:14.686499Z  INFO send_notification{method="textDocument/publishDiagnostics"}: close time.busy=1.30µs time.idle=3.49µs
2026-05-30T13:28:14.686756Z  INFO handle_request{method="textDocument/foldingRange" id=822}: new
2026-05-30T13:28:14.686776Z  INFO handle_request{method="textDocument/foldingRange" id=822}: close time.busy=11.4µs time.idle=9.46µs
2026-05-30T13:28:14.748414Z  INFO handle_notification{method="textDocument/didChange"}: new
2026-05-30T13:28:14.748450Z  INFO handle_notification{method="textDocument/didChange"}: close time.busy=22.0µs time.idle=14.1µs
2026-05-30T13:28:14.948555Z  INFO pb_proj::upd: new
2026-05-30T13:28:14.948715Z  INFO pb_proj::upd: close time.busy=140µs time.idle=20.5µs
2026-05-30T13:28:14.948734Z  INFO GC: vers to remove: [Version(328)]
2026-05-30T13:28:14.948791Z  INFO handle_request{method="textDocument/foldingRange" id=823}: new
2026-05-30T13:28:14.948795Z  INFO send_notification{method="textDocument/publishDiagnostics"}: new
2026-05-30T13:28:14.948806Z  INFO send_notification{method="textDocument/publishDiagnostics"}: close time.busy=710ns time.idle=10.7µs
2026-05-30T13:28:14.948810Z  INFO handle_request{method="textDocument/foldingRange" id=823}: close time.busy=8.96µs time.idle=10.6µs
2026-05-30T13:28:14.948838Z  INFO send_notification{method="textDocument/publishDiagnostics"}: new
2026-05-30T13:28:14.948842Z  INFO send_notification{method="textDocument/publishDiagnostics"}: close time.busy=1.38µs time.idle=2.83µs
2026-05-30T13:28:15.014897Z  INFO handle_notification{method="textDocument/didChange"}: new
2026-05-30T13:28:15.014938Z  INFO handle_notification{method="textDocument/didChange"}: close time.busy=25.8µs time.idle=15.8µs
2026-05-30T13:28:15.215035Z  INFO pb_proj::upd: new
2026-05-30T13:28:15.215189Z  INFO pb_proj::upd: close time.busy=129µs time.idle=25.1µs
2026-05-30T13:28:15.215207Z  INFO GC: vers to remove: [Version(329)]
2026-05-30T13:28:15.215263Z  INFO send_notification{method="textDocument/publishDiagnostics"}: new
2026-05-30T13:28:15.215270Z  INFO send_notification{method="textDocument/publishDiagnostics"}: close time.busy=2.98µs time.idle=3.93µs
2026-05-30T13:28:15.215299Z  INFO send_notification{method="textDocument/publishDiagnostics"}: new
2026-05-30T13:28:15.215303Z  INFO send_notification{method="textDocument/publishDiagnostics"}: close time.busy=1.33µs time.idle=3.07µs
2026-05-30T13:28:15.215962Z  INFO handle_request{method="textDocument/foldingRange" id=824}: new
2026-05-30T13:28:15.215981Z  INFO handle_request{method="textDocument/foldingRange" id=824}: close time.busy=10.8µs time.idle=8.79µs
2026-05-30T13:28:15.366553Z  INFO handle_request{method="textDocument/documentSymbol" id=825}: new
2026-05-30T13:28:15.366581Z  INFO handle_request{method="textDocument/documentSymbol" id=825}: close time.busy=14.6µs time.idle=14.0µs
2026-05-30T13:28:15.366591Z  INFO handle_request{method="textDocument/documentSymbol" id=826}: new
2026-05-30T13:28:15.366598Z  INFO handle_request{method="textDocument/documentSymbol" id=826}: close time.busy=2.86µs time.idle=3.71µs
2026-05-30T13:28:15.706013Z  INFO handle_notification{method="textDocument/didChange"}: new
2026-05-30T13:28:15.706044Z  INFO handle_notification{method="textDocument/didChange"}: close time.busy=17.4µs time.idle=13.9µs
2026-05-30T13:28:15.906135Z  INFO pb_proj::upd: new
2026-05-30T13:28:15.906246Z  INFO pb_proj::upd: close time.busy=96.9µs time.idle=15.4µs
2026-05-30T13:28:15.906269Z  INFO GC: vers to remove: [Version(330)]
2026-05-30T13:28:15.906372Z  INFO send_notification{method="textDocument/publishDiagnostics"}: new
2026-05-30T13:28:15.906383Z  INFO send_notification{method="textDocument/publishDiagnostics"}: close time.busy=4.61µs time.idle=6.74µs
2026-05-30T13:28:15.906390Z  INFO send_notification{method="textDocument/publishDiagnostics"}: new
2026-05-30T13:28:15.906393Z  INFO send_notification{method="textDocument/publishDiagnostics"}: close time.busy=220ns time.idle=2.64µs
2026-05-30T13:28:15.906702Z  INFO handle_request{method="textDocument/foldingRange" id=827}: new
2026-05-30T13:28:15.906718Z  INFO handle_request{method="textDocument/foldingRange" id=827}: close time.busy=9.98µs time.idle=7.32µs
2026-05-30T13:28:16.056624Z  INFO handle_request{method="textDocument/documentSymbol" id=828}: new
2026-05-30T13:28:16.056648Z  INFO handle_request{method="textDocument/documentSymbol" id=828}: close time.busy=12.9µs time.idle=12.1µs
2026-05-30T13:28:16.056659Z  INFO handle_request{method="textDocument/documentSymbol" id=829}: new
2026-05-30T13:28:16.056666Z  INFO handle_request{method="textDocument/documentSymbol" id=829}: close time.busy=4.37µs time.idle=2.78µs
2026-05-30T13:28:18.111828Z  INFO handle_notification{method="textDocument/didChange"}: new
2026-05-30T13:28:18.111859Z  INFO handle_notification{method="textDocument/didChange"}: close time.busy=17.6µs time.idle=14.5µs
2026-05-30T13:28:18.311981Z  INFO pb_proj::upd: new
2026-05-30T13:28:18.312132Z  INFO pb_proj::upd: close time.busy=115µs time.idle=36.7µs
2026-05-30T13:28:18.312149Z  INFO GC: vers to remove: [Version(331)]
2026-05-30T13:28:18.312238Z  INFO send_notification{method="textDocument/publishDiagnostics"}: new
2026-05-30T13:28:18.312246Z  INFO send_notification{method="textDocument/publishDiagnostics"}: close time.busy=3.43µs time.idle=4.24µs
2026-05-30T13:28:18.312252Z  INFO send_notification{method="textDocument/publishDiagnostics"}: new
2026-05-30T13:28:18.312255Z  INFO send_notification{method="textDocument/publishDiagnostics"}: close time.busy=200ns time.idle=2.91µs
2026-05-30T13:28:18.312580Z  INFO handle_request{method="textDocument/foldingRange" id=830}: new
2026-05-30T13:28:18.312597Z  INFO handle_request{method="textDocument/foldingRange" id=830}: close time.busy=9.79µs time.idle=8.21µs
2026-05-30T13:28:18.425141Z  INFO handle_notification{method="textDocument/didChange"}: new
2026-05-30T13:28:18.425174Z  INFO handle_notification{method="textDocument/didChange"}: close time.busy=19.8µs time.idle=13.6µs
2026-05-30T13:28:18.462169Z  INFO handle_request{method="textDocument/documentSymbol" id=831}: new
2026-05-30T13:28:18.462191Z  INFO handle_request{method="textDocument/documentSymbol" id=831}: close time.busy=10.5µs time.idle=12.9µs
2026-05-30T13:28:18.462204Z  INFO pb_proj::upd: new
2026-05-30T13:28:18.462325Z  INFO pb_proj::upd: close time.busy=112µs time.idle=8.76µs
2026-05-30T13:28:18.625640Z  INFO handle_request{method="textDocument/foldingRange" id=832}: new
2026-05-30T13:28:18.625669Z  INFO handle_request{method="textDocument/foldingRange" id=832}: close time.busy=14.6µs time.idle=14.8µs
2026-05-30T13:28:18.776154Z  INFO handle_request{method="textDocument/documentSymbol" id=833}: new
2026-05-30T13:28:18.776180Z  INFO handle_request{method="textDocument/documentSymbol" id=833}: close time.busy=13.3µs time.idle=13.8µs
2026-05-30T13:28:18.776190Z  INFO handle_request{method="textDocument/documentSymbol" id=834}: new
2026-05-30T13:28:18.776196Z  INFO handle_request{method="textDocument/documentSymbol" id=834}: close time.busy=3.07µs time.idle=2.76µs
2026-05-30T13:28:18.976517Z  INFO GC: vers to remove: [Version(332)]
2026-05-30T13:28:18.976617Z  INFO send_notification{method="textDocument/publishDiagnostics"}: new
2026-05-30T13:28:18.976627Z  INFO send_notification{method="textDocument/publishDiagnostics"}: close time.busy=3.18µs time.idle=6.34µs
2026-05-30T13:28:18.976672Z  INFO send_notification{method="textDocument/publishDiagnostics"}: new
2026-05-30T13:28:18.976680Z  INFO send_notification{method="textDocument/publishDiagnostics"}: close time.busy=2.53µs time.idle=6.01µs
2026-05-30T13:28:19.226937Z  INFO handle_notification{method="textDocument/didChange"}: new
2026-05-30T13:28:19.226973Z  INFO handle_notification{method="textDocument/didChange"}: close time.busy=23.7µs time.idle=12.6µs
2026-05-30T13:28:19.427083Z  INFO pb_proj::upd: new
2026-05-30T13:28:19.427260Z  INFO pb_proj::upd: close time.busy=153µs time.idle=25.2µs
2026-05-30T13:28:19.427274Z  INFO GC: vers to remove: [Version(333)]
2026-05-30T13:28:19.427360Z  INFO send_notification{method="textDocument/publishDiagnostics"}: new
2026-05-30T13:28:19.427366Z  INFO send_notification{method="textDocument/publishDiagnostics"}: close time.busy=2.71µs time.idle=4.11µs
2026-05-30T13:28:19.427374Z  INFO send_notification{method="textDocument/publishDiagnostics"}: new
2026-05-30T13:28:19.427377Z  INFO send_notification{method="textDocument/publishDiagnostics"}: close time.busy=200ns time.idle=2.80µs
2026-05-30T13:28:19.427747Z  INFO handle_request{method="textDocument/foldingRange" id=835}: new
2026-05-30T13:28:19.427765Z  INFO handle_request{method="textDocument/foldingRange" id=835}: close time.busy=9.75µs time.idle=8.43µs
2026-05-30T13:28:19.577756Z  INFO handle_request{method="textDocument/documentSymbol" id=836}: new
2026-05-30T13:28:19.577789Z  INFO handle_request{method="textDocument/documentSymbol" id=836}: close time.busy=19.6µs time.idle=14.1µs
2026-05-30T13:28:19.577801Z  INFO handle_request{method="textDocument/documentSymbol" id=837}: new
2026-05-30T13:28:19.577806Z  INFO handle_request{method="textDocument/documentSymbol" id=837}: close time.busy=2.93µs time.idle=2.94µs
2026-05-30T13:28:19.960587Z  INFO handle_notification{method="textDocument/didChange"}: new
2026-05-30T13:28:19.960618Z  INFO handle_notification{method="textDocument/didChange"}: close time.busy=17.6µs time.idle=13.6µs
2026-05-30T13:28:20.160746Z  INFO pb_proj::upd: new
2026-05-30T13:28:20.160905Z  INFO pb_proj::upd: close time.busy=136µs time.idle=23.6µs
2026-05-30T13:28:20.160927Z  INFO GC: vers to remove: [Version(334)]
2026-05-30T13:28:20.161002Z  INFO send_notification{method="textDocument/publishDiagnostics"}: new
2026-05-30T13:28:20.161010Z  INFO send_notification{method="textDocument/publishDiagnostics"}: close time.busy=3.57µs time.idle=4.43µs
2026-05-30T13:28:20.161023Z  INFO send_notification{method="textDocument/publishDiagnostics"}: new
2026-05-30T13:28:20.161026Z  INFO send_notification{method="textDocument/publishDiagnostics"}: close time.busy=230ns time.idle=2.84µs
2026-05-30T13:28:20.161385Z  INFO handle_request{method="textDocument/foldingRange" id=838}: new
2026-05-30T13:28:20.161402Z  INFO handle_request{method="textDocument/foldingRange" id=838}: close time.busy=9.28µs time.idle=8.14µs
2026-05-30T13:28:20.213087Z  INFO handle_notification{method="textDocument/didChange"}: new
2026-05-30T13:28:20.213122Z  INFO handle_notification{method="textDocument/didChange"}: close time.busy=21.9µs time.idle=13.6µs
2026-05-30T13:28:20.413246Z  INFO pb_proj::upd: new
2026-05-30T13:28:20.413382Z  INFO pb_proj::upd: close time.busy=118µs time.idle=18.3µs
2026-05-30T13:28:20.413404Z  INFO GC: vers to remove: [Version(335)]
2026-05-30T13:28:20.413706Z  INFO send_notification{method="textDocument/publishDiagnostics"}: new
2026-05-30T13:28:20.413714Z  INFO send_notification{method="textDocument/publishDiagnostics"}: close time.busy=3.70µs time.idle=5.50µs
2026-05-30T13:28:20.413734Z  INFO send_notification{method="textDocument/publishDiagnostics"}: new
2026-05-30T13:28:20.413737Z  INFO send_notification{method="textDocument/publishDiagnostics"}: close time.busy=210ns time.idle=2.95µs
2026-05-30T13:28:20.414046Z  INFO handle_request{method="textDocument/foldingRange" id=839}: new
2026-05-30T13:28:20.414065Z  INFO handle_request{method="textDocument/foldingRange" id=839}: close time.busy=9.74µs time.idle=8.80µs
2026-05-30T13:28:20.493802Z  INFO handle_notification{method="textDocument/didChange"}: new
2026-05-30T13:28:20.493840Z  INFO handle_notification{method="textDocument/didChange"}: close time.busy=23.0µs time.idle=15.9µs
2026-05-30T13:28:20.694135Z  INFO pb_proj::upd: new
2026-05-30T13:28:20.694287Z  INFO pb_proj::upd: close time.busy=137µs time.idle=16.7µs
2026-05-30T13:28:20.694302Z  INFO GC: vers to remove: [Version(336)]
2026-05-30T13:28:20.694375Z  INFO send_notification{method="textDocument/publishDiagnostics"}: new
2026-05-30T13:28:20.694382Z  INFO send_notification{method="textDocument/publishDiagnostics"}: close time.busy=2.83µs time.idle=3.94µs
2026-05-30T13:28:20.694388Z  INFO send_notification{method="textDocument/publishDiagnostics"}: new
2026-05-30T13:28:20.694391Z  INFO send_notification{method="textDocument/publishDiagnostics"}: close time.busy=230ns time.idle=2.88µs
2026-05-30T13:28:20.694521Z  INFO handle_request{method="textDocument/foldingRange" id=840}: new
2026-05-30T13:28:20.694543Z  INFO handle_request{method="textDocument/foldingRange" id=840}: close time.busy=13.4µs time.idle=8.70µs
2026-05-30T13:28:20.844926Z  INFO handle_request{method="textDocument/documentSymbol" id=841}: new
2026-05-30T13:28:20.844953Z  INFO handle_request{method="textDocument/documentSymbol" id=841}: close time.busy=14.4µs time.idle=13.4µs
2026-05-30T13:28:20.844962Z  INFO handle_request{method="textDocument/documentSymbol" id=842}: new
2026-05-30T13:28:20.844968Z  INFO handle_request{method="textDocument/documentSymbol" id=842}: close time.busy=2.79µs time.idle=3.23µs
2026-05-30T13:28:21.165029Z  INFO handle_notification{method="textDocument/didSave"}: new
2026-05-30T13:28:21.165057Z  INFO handle_notification{method="textDocument/didSave"}: close time.busy=11.5µs time.idle=17.2µs
2026-05-30T13:28:21.488225Z  INFO handle_notification{method="workspace/didChangeWatchedFiles"}: new
2026-05-30T13:28:21.488250Z  INFO handle_notification{method="workspace/didChangeWatchedFiles"}: close time.busy=11.1µs time.idle=14.5µs
2026-05-30T13:28:21.488340Z  INFO changes: {
  kind=Changed url=file:///home/maksim/Projects/Go/Project/sso/proto/permissions/permissions.proto
}
2026-05-30T13:28:21.688469Z  INFO pb_proj::upd: new
2026-05-30T13:28:21.688636Z  INFO pb_proj::upd: close time.busy=153µs time.idle=14.1µs
2026-05-30T13:28:21.688656Z  INFO GC: vers to remove: [Version(337)]
2026-05-30T13:28:21.688739Z  INFO send_notification{method="textDocument/publishDiagnostics"}: new
2026-05-30T13:28:21.688748Z  INFO send_notification{method="textDocument/publishDiagnostics"}: close time.busy=2.27µs time.idle=6.48µs
2026-05-30T13:28:21.688755Z  INFO send_notification{method="textDocument/publishDiagnostics"}: new
2026-05-30T13:28:21.688759Z  INFO send_notification{method="textDocument/publishDiagnostics"}: close time.busy=370ns time.idle=4.00µs
2026-05-30T13:28:23.513893Z  INFO handle_request{method="textDocument/foldingRange" id=843}: new
2026-05-30T13:28:23.513920Z  INFO handle_request{method="textDocument/foldingRange" id=843}: close time.busy=13.8µs time.idle=13.2µs
2026-05-30T13:28:23.614120Z  INFO handle_request{method="textDocument/documentSymbol" id=844}: new
2026-05-30T13:28:23.614142Z  INFO handle_request{method="textDocument/documentSymbol" id=844}: close time.busy=11.8µs time.idle=11.5µs
2026-05-30T13:28:24.528144Z  INFO handle_request{method="textDocument/hover" id=845}: new
2026-05-30T13:28:24.528172Z  INFO handle_request{method="textDocument/hover" id=845}: close time.busy=15.0µs time.idle=13.7µs
2026-05-30T13:28:24.728202Z  INFO handle_request{method="textDocument/hover" id=846}: new
2026-05-30T13:28:24.728226Z  INFO handle_request{method="textDocument/hover" id=846}: close time.busy=12.6µs time.idle=11.9µs
2026-05-30T13:28:25.447007Z  INFO handle_request{method="textDocument/hover" id=847}: new
2026-05-30T13:28:25.447037Z  INFO handle_request{method="textDocument/hover" id=847}: close time.busy=16.2µs time.idle=14.1µs
2026-05-30T13:28:28.646625Z  INFO handle_request{method="textDocument/hover" id=848}: new
2026-05-30T13:28:28.646659Z  INFO handle_request{method="textDocument/hover" id=848}: close time.busy=20.4µs time.idle=14.4µs
2026-05-30T13:28:28.978048Z  INFO handle_request{method="textDocument/definition" id=849}: new
2026-05-30T13:28:28.978080Z  INFO handle_request{method="textDocument/definition" id=849}: close time.busy=17.5µs time.idle=15.4µs
2026-05-30T13:28:28.978130Z  INFO send_notification{method="telemetry/event"}: new
2026-05-30T13:28:28.978139Z  INFO send_notification{method="telemetry/event"}: close time.busy=2.64µs time.idle=7.22µs
2026-05-30T13:28:29.172467Z  INFO handle_notification{method="textDocument/didChange"}: new
2026-05-30T13:28:29.172500Z  INFO handle_notification{method="textDocument/didChange"}: close time.busy=20.6µs time.idle=13.1µs
2026-05-30T13:28:29.372614Z  INFO pb_proj::upd: new
2026-05-30T13:28:29.372719Z  INFO pb_proj::upd: close time.busy=85.0µs time.idle=20.6µs
2026-05-30T13:28:29.372744Z  INFO GC: vers to remove: [Version(338)]
2026-05-30T13:28:29.372845Z  INFO send_notification{method="textDocument/publishDiagnostics"}: new
2026-05-30T13:28:29.372856Z  INFO send_notification{method="textDocument/publishDiagnostics"}: close time.busy=4.50µs time.idle=6.51µs
2026-05-30T13:28:29.372867Z  INFO send_notification{method="textDocument/publishDiagnostics"}: new
2026-05-30T13:28:29.372883Z  INFO send_notification{method="textDocument/publishDiagnostics"}: close time.busy=1.96µs time.idle=14.0µs
2026-05-30T13:28:29.373784Z  INFO handle_request{method="textDocument/foldingRange" id=850}: new
2026-05-30T13:28:29.373803Z  INFO handle_request{method="textDocument/foldingRange" id=850}: close time.busy=11.2µs time.idle=8.00µs
2026-05-30T13:28:29.431080Z  INFO handle_notification{method="textDocument/didChange"}: new
2026-05-30T13:28:29.431112Z  INFO handle_notification{method="textDocument/didChange"}: close time.busy=17.9µs time.idle=14.8µs
2026-05-30T13:28:29.631224Z  INFO pb_proj::upd: new
2026-05-30T13:28:29.631380Z  INFO pb_proj::upd: close time.busy=131µs time.idle=25.8µs
2026-05-30T13:28:29.631405Z  INFO GC: vers to remove: [Version(339)]
2026-05-30T13:28:29.631477Z  INFO send_notification{method="textDocument/publishDiagnostics"}: new
2026-05-30T13:28:29.631485Z  INFO send_notification{method="textDocument/publishDiagnostics"}: close time.busy=3.09µs time.idle=4.25µs
2026-05-30T13:28:29.631491Z  INFO send_notification{method="textDocument/publishDiagnostics"}: new
2026-05-30T13:28:29.631494Z  INFO send_notification{method="textDocument/publishDiagnostics"}: close time.busy=150ns time.idle=2.56µs
2026-05-30T13:28:29.632011Z  INFO handle_request{method="textDocument/foldingRange" id=851}: new
2026-05-30T13:28:29.632031Z  INFO handle_request{method="textDocument/foldingRange" id=851}: close time.busy=10.3µs time.idle=9.13µs
2026-05-30T13:28:29.685254Z  INFO handle_notification{method="textDocument/didChange"}: new
2026-05-30T13:28:29.685285Z  INFO handle_notification{method="textDocument/didChange"}: close time.busy=18.4µs time.idle=13.6µs
2026-05-30T13:28:29.885401Z  INFO pb_proj::upd: new
2026-05-30T13:28:29.885547Z  INFO pb_proj::upd: close time.busy=121µs time.idle=27.1µs
2026-05-30T13:28:29.885569Z  INFO GC: vers to remove: [Version(340)]
2026-05-30T13:28:29.885650Z  INFO send_notification{method="textDocument/publishDiagnostics"}: new
2026-05-30T13:28:29.885662Z  INFO send_notification{method="textDocument/publishDiagnostics"}: close time.busy=2.97µs time.idle=9.11µs
2026-05-30T13:28:29.885669Z  INFO send_notification{method="textDocument/publishDiagnostics"}: new
2026-05-30T13:28:29.885672Z  INFO send_notification{method="textDocument/publishDiagnostics"}: close time.busy=180ns time.idle=3.27µs
2026-05-30T13:28:29.886152Z  INFO handle_request{method="textDocument/foldingRange" id=852}: new
2026-05-30T13:28:29.886171Z  INFO handle_request{method="textDocument/foldingRange" id=852}: close time.busy=10.2µs time.idle=9.28µs
2026-05-30T13:28:30.036710Z  INFO handle_request{method="textDocument/documentSymbol" id=853}: new
2026-05-30T13:28:30.036739Z  INFO handle_request{method="textDocument/documentSymbol" id=853}: close time.busy=14.8µs time.idle=15.1µs
2026-05-30T13:28:30.036749Z  INFO handle_request{method="textDocument/documentSymbol" id=854}: new
2026-05-30T13:28:30.036757Z  INFO handle_request{method="textDocument/documentSymbol" id=854}: close time.busy=4.04µs time.idle=3.44µs
2026-05-30T13:28:30.174385Z  INFO handle_notification{method="textDocument/didSave"}: new
2026-05-30T13:28:30.174408Z  INFO handle_notification{method="textDocument/didSave"}: close time.busy=9.07µs time.idle=15.0µs
2026-05-30T13:28:30.467608Z  INFO handle_notification{method="workspace/didChangeWatchedFiles"}: new
2026-05-30T13:28:30.467633Z  INFO handle_notification{method="workspace/didChangeWatchedFiles"}: close time.busy=11.7µs time.idle=14.4µs
2026-05-30T13:28:30.467641Z  INFO changes: {
  kind=Changed url=file:///home/maksim/Projects/Go/Project/sso/proto/sso/sso.proto
}
2026-05-30T13:28:30.668003Z  INFO pb_proj::upd: new
2026-05-30T13:28:30.668116Z  INFO pb_proj::upd: close time.busy=98.9µs time.idle=14.4µs
2026-05-30T13:28:30.668134Z  INFO GC: vers to remove: [Version(341)]
2026-05-30T13:28:30.668223Z  INFO send_notification{method="textDocument/publishDiagnostics"}: new
2026-05-30T13:28:30.668230Z  INFO send_notification{method="textDocument/publishDiagnostics"}: close time.busy=2.28µs time.idle=5.10µs
2026-05-30T13:28:30.668236Z  INFO send_notification{method="textDocument/publishDiagnostics"}: new
2026-05-30T13:28:30.668239Z  INFO send_notification{method="textDocument/publishDiagnostics"}: close time.busy=150ns time.idle=3.07µs
2026-05-30T13:28:31.624042Z  INFO handle_request{method="textDocument/foldingRange" id=855}: new
2026-05-30T13:28:31.624068Z  INFO handle_request{method="textDocument/foldingRange" id=855}: close time.busy=13.0µs time.idle=14.2µs
2026-05-30T13:28:31.724319Z  INFO handle_request{method="textDocument/documentSymbol" id=856}: new
2026-05-30T13:28:31.724341Z  INFO handle_request{method="textDocument/documentSymbol" id=856}: close time.busy=9.51µs time.idle=11.8µs
2026-05-30T13:28:32.984192Z  INFO handle_notification{method="textDocument/didChange"}: new
2026-05-30T13:28:32.984233Z  INFO handle_notification{method="textDocument/didChange"}: close time.busy=22.5µs time.idle=19.0µs
2026-05-30T13:28:33.089041Z  INFO handle_notification{method="textDocument/didChange"}: new
2026-05-30T13:28:33.089069Z  INFO handle_notification{method="textDocument/didChange"}: close time.busy=16.1µs time.idle=12.9µs
2026-05-30T13:28:33.218926Z  INFO handle_notification{method="textDocument/didChange"}: new
2026-05-30T13:28:33.218962Z  INFO handle_notification{method="textDocument/didChange"}: close time.busy=18.0µs time.idle=19.2µs
2026-05-30T13:28:33.419088Z  INFO pb_proj::upd: new
2026-05-30T13:28:33.419244Z  INFO pb_proj::upd: close time.busy=128µs time.idle=28.2µs
2026-05-30T13:28:33.419264Z  INFO GC: vers to remove: [Version(342)]
2026-05-30T13:28:33.419353Z  INFO send_notification{method="textDocument/publishDiagnostics"}: new
2026-05-30T13:28:33.419364Z  INFO send_notification{method="textDocument/publishDiagnostics"}: close time.busy=2.85µs time.idle=8.51µs
2026-05-30T13:28:33.419372Z  INFO send_notification{method="textDocument/publishDiagnostics"}: new
2026-05-30T13:28:33.419375Z  INFO send_notification{method="textDocument/publishDiagnostics"}: close time.busy=220ns time.idle=3.06µs
2026-05-30T13:28:33.419722Z  INFO handle_request{method="textDocument/foldingRange" id=857}: new
2026-05-30T13:28:33.419747Z  INFO handle_request{method="textDocument/foldingRange" id=857}: close time.busy=12.3µs time.idle=12.6µs
2026-05-30T13:28:33.569654Z  INFO handle_request{method="textDocument/documentSymbol" id=858}: new
2026-05-30T13:28:33.569683Z  INFO handle_request{method="textDocument/documentSymbol" id=858}: close time.busy=16.4µs time.idle=14.5µs
2026-05-30T13:28:33.569694Z  INFO handle_request{method="textDocument/documentSymbol" id=859}: new
2026-05-30T13:28:33.569704Z  INFO handle_request{method="textDocument/documentSymbol" id=859}: close time.busy=7.21µs time.idle=2.87µs
2026-05-30T13:28:33.848385Z  INFO handle_request{method="textDocument/definition" id=860}: new
2026-05-30T13:28:33.848419Z  INFO handle_request{method="textDocument/definition" id=860}: close time.busy=20.0µs time.idle=15.6µs
2026-05-30T13:28:33.848884Z  INFO send_notification{method="telemetry/event"}: new
2026-05-30T13:28:33.848894Z  INFO send_notification{method="telemetry/event"}: close time.busy=2.31µs time.idle=8.30µs
2026-05-30T13:28:33.928527Z  INFO handle_request{method="textDocument/definition" id=861}: new
2026-05-30T13:28:33.928559Z  INFO handle_request{method="textDocument/definition" id=861}: close time.busy=16.8µs time.idle=15.8µs
2026-05-30T13:28:33.929034Z  INFO send_notification{method="telemetry/event"}: new
2026-05-30T13:28:33.929045Z  INFO send_notification{method="telemetry/event"}: close time.busy=2.32µs time.idle=8.69µs
2026-05-30T13:28:33.934306Z  INFO handle_notification{method="textDocument/didSave"}: new
2026-05-30T13:28:33.934317Z  INFO handle_notification{method="textDocument/didSave"}: close time.busy=5.05µs time.idle=6.80µs
2026-05-30T13:28:34.259085Z  INFO handle_notification{method="workspace/didChangeWatchedFiles"}: new
2026-05-30T13:28:34.259111Z  INFO handle_notification{method="workspace/didChangeWatchedFiles"}: close time.busy=12.6µs time.idle=14.6µs
2026-05-30T13:28:34.259217Z  INFO changes: {
  kind=Changed url=file:///home/maksim/Projects/Go/Project/sso/proto/permissions/permissions.proto
}
2026-05-30T13:28:34.459361Z  INFO pb_proj::upd: new
2026-05-30T13:28:34.459493Z  INFO pb_proj::upd: close time.busy=116µs time.idle=17.1µs
2026-05-30T13:28:34.459513Z  INFO GC: vers to remove: [Version(343)]
2026-05-30T13:28:34.459601Z  INFO send_notification{method="textDocument/publishDiagnostics"}: new
2026-05-30T13:28:34.459613Z  INFO send_notification{method="textDocument/publishDiagnostics"}: close time.busy=3.92µs time.idle=8.64µs
2026-05-30T13:28:34.459622Z  INFO send_notification{method="textDocument/publishDiagnostics"}: new
2026-05-30T13:28:34.459627Z  INFO send_notification{method="textDocument/publishDiagnostics"}: close time.busy=340ns time.idle=4.51µs
2026-05-30T13:28:35.411341Z  INFO handle_request{method="textDocument/hover" id=862}: new
2026-05-30T13:28:35.411373Z  INFO handle_request{method="textDocument/hover" id=862}: close time.busy=16.8µs time.idle=16.7µs
2026-05-30T13:28:38.907128Z  INFO handle_request{method="textDocument/foldingRange" id=863}: new
2026-05-30T13:28:38.907153Z  INFO handle_request{method="textDocument/foldingRange" id=863}: close time.busy=12.2µs time.idle=14.0µs
2026-05-30T13:28:39.007333Z  INFO handle_request{method="textDocument/documentSymbol" id=864}: new
2026-05-30T13:28:39.007355Z  INFO handle_request{method="textDocument/documentSymbol" id=864}: close time.busy=11.1µs time.idle=10.7µs
2026-05-30T13:28:46.698551Z  INFO handle_notification{method="workspace/didChangeWatchedFiles"}: new
2026-05-30T13:28:46.698584Z  INFO handle_notification{method="workspace/didChangeWatchedFiles"}: close time.busy=13.2µs time.idle=20.7µs
2026-05-30T13:28:46.698613Z  INFO changes: {
  kind=Created url=file:///home/maksim/Projects/Go/Project/sso/gen/go/sso
}
2026-05-30T13:28:46.898778Z  INFO pb_proj::upd: new
2026-05-30T13:28:46.898946Z  INFO pb_proj::upd: close time.busy=153µs time.idle=16.1µs
2026-05-30T13:28:46.898965Z  INFO GC: vers to remove: [Version(344)]
2026-05-30T13:28:46.899055Z  INFO send_notification{method="textDocument/publishDiagnostics"}: new
2026-05-30T13:28:46.899062Z  INFO send_notification{method="textDocument/publishDiagnostics"}: close time.busy=2.94µs time.idle=4.33µs
2026-05-30T13:28:46.899069Z  INFO send_notification{method="textDocument/publishDiagnostics"}: new
2026-05-30T13:28:46.899072Z  INFO send_notification{method="textDocument/publishDiagnostics"}: close time.busy=250ns time.idle=2.80µs
2026-05-30T13:29:42.256317Z  INFO handle_request{method="textDocument/foldingRange" id=865}: new
2026-05-30T13:29:42.256343Z  INFO handle_request{method="textDocument/foldingRange" id=865}: close time.busy=14.3µs time.idle=13.1µs
2026-05-30T13:29:42.356544Z  INFO handle_request{method="textDocument/documentSymbol" id=866}: new
2026-05-30T13:29:42.356568Z  INFO handle_request{method="textDocument/documentSymbol" id=866}: close time.busy=11.8µs time.idle=12.3µs
2026-05-30T13:29:42.361288Z  INFO handle_notification{method="workspace/didChangeWatchedFiles"}: new
2026-05-30T13:29:42.361307Z  INFO handle_notification{method="workspace/didChangeWatchedFiles"}: close time.busy=9.71µs time.idle=9.31µs
2026-05-30T13:29:42.361318Z  INFO changes: {
  kind=Deleted url=file:///home/maksim/Projects/Go/Project/sso/gen/go/sso
}
2026-05-30T13:29:42.561423Z  INFO pb_proj::upd: new
2026-05-30T13:29:42.562039Z  INFO pb_proj::upd: close time.busy=604µs time.idle=12.2µs
2026-05-30T13:29:42.562055Z  INFO GC: vers to remove: [Version(345)]
2026-05-30T13:29:42.562150Z  INFO send_notification{method="textDocument/publishDiagnostics"}: new
2026-05-30T13:29:42.562160Z  INFO send_notification{method="textDocument/publishDiagnostics"}: close time.busy=2.42µs time.idle=8.23µs
2026-05-30T13:29:42.562167Z  INFO send_notification{method="textDocument/publishDiagnostics"}: new
2026-05-30T13:29:42.562170Z  INFO send_notification{method="textDocument/publishDiagnostics"}: close time.busy=250ns time.idle=2.72µs
2026-05-30T13:30:12.121091Z  INFO handle_notification{method="workspace/didChangeWatchedFiles"}: new
2026-05-30T13:30:12.121123Z  INFO handle_notification{method="workspace/didChangeWatchedFiles"}: close time.busy=16.2µs time.idle=16.8µs
2026-05-30T13:30:12.121141Z  INFO changes: {
  kind=Created url=file:///home/maksim/Projects/Go/Project/sso/gen/go/sso
  kind=Created url=file:///home/maksim/Projects/Go/Project/sso/gen/go/sso/sso_grpc.pb.go
}
2026-05-30T13:30:12.321332Z  INFO pb_proj::upd: new
2026-05-30T13:30:12.321464Z  INFO pb_proj::upd: close time.busy=112µs time.idle=21.0µs
2026-05-30T13:30:12.321484Z  INFO GC: vers to remove: [Version(346)]
2026-05-30T13:30:12.321578Z  INFO send_notification{method="textDocument/publishDiagnostics"}: new
2026-05-30T13:30:12.321586Z  INFO send_notification{method="textDocument/publishDiagnostics"}: close time.busy=4.61µs time.idle=3.96µs
2026-05-30T13:30:12.321592Z  INFO send_notification{method="textDocument/publishDiagnostics"}: new
2026-05-30T13:30:12.321595Z  INFO send_notification{method="textDocument/publishDiagnostics"}: close time.busy=240ns time.idle=2.89µs
2026-05-30T13:30:24.443530Z  INFO handle_notification{method="workspace/didChangeWatchedFiles"}: new
2026-05-30T13:30:24.443560Z  INFO handle_notification{method="workspace/didChangeWatchedFiles"}: close time.busy=14.2µs time.idle=16.5µs
2026-05-30T13:30:24.443584Z  INFO changes: {
  kind=Deleted url=file:///home/maksim/Projects/Go/Project/sso/gen/go/sso
}
2026-05-30T13:30:24.643682Z  INFO pb_proj::upd: new
2026-05-30T13:30:24.643933Z  INFO pb_proj::upd: close time.busy=233µs time.idle=19.3µs
2026-05-30T13:30:24.643955Z  INFO GC: vers to remove: [Version(347)]
2026-05-30T13:30:24.644038Z  INFO send_notification{method="textDocument/publishDiagnostics"}: new
2026-05-30T13:30:24.644044Z  INFO send_notification{method="textDocument/publishDiagnostics"}: close time.busy=2.95µs time.idle=3.70µs
2026-05-30T13:30:24.644050Z  INFO send_notification{method="textDocument/publishDiagnostics"}: new
2026-05-30T13:30:24.644053Z  INFO send_notification{method="textDocument/publishDiagnostics"}: close time.busy=240ns time.idle=2.67µs
2026-05-30T13:31:08.888232Z  INFO handle_notification{method="workspace/didChangeWatchedFiles"}: new
2026-05-30T13:31:08.888267Z  INFO handle_notification{method="workspace/didChangeWatchedFiles"}: close time.busy=19.6µs time.idle=15.9µs
2026-05-30T13:31:08.888282Z  INFO changes: {
  kind=Created url=file:///home/maksim/Projects/Go/Project/sso/gen/go/permissions
  kind=Created url=file:///home/maksim/Projects/Go/Project/sso/gen/go/sso
  kind=Created url=file:///home/maksim/Projects/Go/Project/sso/gen/go/sso/sso_grpc.pb.go
}
2026-05-30T13:31:09.088497Z  INFO pb_proj::upd: new
2026-05-30T13:31:09.088615Z  INFO pb_proj::upd: close time.busy=102µs time.idle=17.1µs
2026-05-30T13:31:09.088636Z  INFO GC: vers to remove: [Version(348)]
2026-05-30T13:31:09.088719Z  INFO send_notification{method="textDocument/publishDiagnostics"}: new
2026-05-30T13:31:09.088726Z  INFO send_notification{method="textDocument/publishDiagnostics"}: close time.busy=2.87µs time.idle=4.96µs
2026-05-30T13:31:09.088732Z  INFO send_notification{method="textDocument/publishDiagnostics"}: new
2026-05-30T13:31:09.088735Z  INFO send_notification{method="textDocument/publishDiagnostics"}: close time.busy=280ns time.idle=2.61µs
2026-05-30T13:32:32.707130Z  INFO handle_request{method="textDocument/foldingRange" id=867}: new
2026-05-30T13:32:32.707157Z  INFO handle_request{method="textDocument/foldingRange" id=867}: close time.busy=14.4µs time.idle=13.3µs
2026-05-30T13:32:32.807467Z  INFO handle_request{method="textDocument/documentSymbol" id=868}: new
2026-05-30T13:32:32.807494Z  INFO handle_request{method="textDocument/documentSymbol" id=868}: close time.busy=13.2µs time.idle=14.4µs
2026-05-30T13:32:38.329939Z  INFO handle_request{method="textDocument/foldingRange" id=869}: new
2026-05-30T13:32:38.329965Z  INFO handle_request{method="textDocument/foldingRange" id=869}: close time.busy=13.9µs time.idle=13.0µs
2026-05-30T13:32:38.430535Z  INFO handle_request{method="textDocument/documentSymbol" id=870}: new
2026-05-30T13:32:38.430564Z  INFO handle_request{method="textDocument/documentSymbol" id=870}: close time.busy=13.1µs time.idle=16.0µs
2026-05-30T13:32:40.042985Z  INFO handle_request{method="textDocument/hover" id=871}: new
2026-05-30T13:32:40.043015Z  INFO handle_request{method="textDocument/hover" id=871}: close time.busy=16.6µs time.idle=14.4µs
2026-05-30T13:32:41.170781Z  INFO handle_request{method="textDocument/foldingRange" id=872}: new
2026-05-30T13:32:41.170808Z  INFO handle_request{method="textDocument/foldingRange" id=872}: close time.busy=13.6µs time.idle=14.1µs
2026-05-30T13:32:41.271054Z  INFO handle_request{method="textDocument/documentSymbol" id=873}: new
2026-05-30T13:32:41.271074Z  INFO handle_request{method="textDocument/documentSymbol" id=873}: close time.busy=9.55µs time.idle=11.4µs
2026-05-30T13:32:43.604106Z  INFO handle_request{method="textDocument/foldingRange" id=874}: new
2026-05-30T13:32:43.604138Z  INFO handle_request{method="textDocument/foldingRange" id=874}: close time.busy=12.6µs time.idle=20.2µs
2026-05-30T13:32:43.704457Z  INFO handle_request{method="textDocument/documentSymbol" id=875}: new
2026-05-30T13:32:43.704477Z  INFO handle_request{method="textDocument/documentSymbol" id=875}: close time.busy=8.97µs time.idle=11.7µs
2026-05-30T13:32:45.342525Z  INFO handle_request{method="textDocument/foldingRange" id=876}: new
2026-05-30T13:32:45.342559Z  INFO handle_request{method="textDocument/foldingRange" id=876}: close time.busy=13.8µs time.idle=20.6µs
2026-05-30T13:32:45.442888Z  INFO handle_request{method="textDocument/documentSymbol" id=877}: new
2026-05-30T13:32:45.442913Z  INFO handle_request{method="textDocument/documentSymbol" id=877}: close time.busy=12.4µs time.idle=13.2µs
2026-05-30T13:32:47.364000Z  INFO handle_request{method="textDocument/foldingRange" id=878}: new
2026-05-30T13:32:47.364024Z  INFO handle_request{method="textDocument/foldingRange" id=878}: close time.busy=12.3µs time.idle=12.9µs
2026-05-30T13:32:47.464310Z  INFO handle_request{method="textDocument/documentSymbol" id=879}: new
2026-05-30T13:32:47.464335Z  INFO handle_request{method="textDocument/documentSymbol" id=879}: close time.busy=11.7µs time.idle=13.4µs
2026-05-30T13:32:48.742519Z  INFO handle_request{method="textDocument/hover" id=880}: new
2026-05-30T13:32:48.742549Z  INFO handle_request{method="textDocument/hover" id=880}: close time.busy=15.6µs time.idle=15.1µs
2026-05-30T13:32:48.976242Z  INFO handle_request{method="textDocument/hover" id=881}: new
2026-05-30T13:32:48.976270Z  INFO handle_request{method="textDocument/hover" id=881}: close time.busy=14.4µs time.idle=14.8µs
2026-05-30T13:33:42.143285Z  INFO handle_request{method="textDocument/foldingRange" id=882}: new
2026-05-30T13:33:42.143311Z  INFO handle_request{method="textDocument/foldingRange" id=882}: close time.busy=14.0µs time.idle=13.4µs
2026-05-30T13:33:42.243763Z  INFO handle_request{method="textDocument/documentSymbol" id=883}: new
2026-05-30T13:33:42.243793Z  INFO handle_request{method="textDocument/documentSymbol" id=883}: close time.busy=16.0µs time.idle=15.2µs
2026-05-30T13:33:44.211771Z  INFO handle_request{method="textDocument/foldingRange" id=884}: new
2026-05-30T13:33:44.211800Z  INFO handle_request{method="textDocument/foldingRange" id=884}: close time.busy=15.4µs time.idle=14.0µs
2026-05-30T13:33:44.312148Z  INFO handle_request{method="textDocument/documentSymbol" id=885}: new
2026-05-30T13:33:44.312177Z  INFO handle_request{method="textDocument/documentSymbol" id=885}: close time.busy=16.7µs time.idle=14.2µs
2026-05-30T13:36:45.586211Z  INFO handle_request{method="textDocument/foldingRange" id=886}: new
2026-05-30T13:36:45.586235Z  INFO handle_request{method="textDocument/foldingRange" id=886}: close time.busy=12.8µs time.idle=12.4µs
2026-05-30T13:36:45.686679Z  INFO handle_request{method="textDocument/documentSymbol" id=887}: new
2026-05-30T13:36:45.686701Z  INFO handle_request{method="textDocument/documentSymbol" id=887}: close time.busy=11.7µs time.idle=10.9µs
2026-05-30T13:36:47.768545Z  INFO handle_notification{method="textDocument/didChange"}: new
2026-05-30T13:36:47.768580Z  INFO handle_notification{method="textDocument/didChange"}: close time.busy=23.4µs time.idle=12.8µs
2026-05-30T13:36:47.968668Z  INFO pb_proj::upd: new
2026-05-30T13:36:47.968806Z  INFO pb_proj::upd: close time.busy=122µs time.idle=16.9µs
2026-05-30T13:36:47.968821Z  INFO GC: vers to remove: [Version(349)]
2026-05-30T13:36:47.968916Z  INFO send_notification{method="textDocument/publishDiagnostics"}: new
2026-05-30T13:36:47.968926Z  INFO send_notification{method="textDocument/publishDiagnostics"}: close time.busy=2.68µs time.idle=7.59µs
2026-05-30T13:36:47.968935Z  INFO send_notification{method="textDocument/publishDiagnostics"}: new
2026-05-30T13:36:47.968939Z  INFO send_notification{method="textDocument/publishDiagnostics"}: close time.busy=820ns time.idle=2.96µs
2026-05-30T13:36:47.970696Z  INFO handle_request{method="textDocument/foldingRange" id=888}: new
2026-05-30T13:36:47.970714Z  INFO handle_request{method="textDocument/foldingRange" id=888}: close time.busy=9.86µs time.idle=8.27µs
2026-05-30T13:36:48.008053Z  INFO handle_request{method="textDocument/definition" id=889}: new
2026-05-30T13:36:48.008076Z  INFO handle_request{method="textDocument/definition" id=889}: close time.busy=13.6µs time.idle=9.43µs
2026-05-30T13:36:48.008113Z  INFO send_notification{method="telemetry/event"}: new
2026-05-30T13:36:48.008122Z  INFO send_notification{method="telemetry/event"}: close time.busy=2.22µs time.idle=7.14µs
2026-05-30T13:36:48.120607Z  INFO handle_request{method="textDocument/documentSymbol" id=890}: new
2026-05-30T13:36:48.120630Z  INFO handle_request{method="textDocument/documentSymbol" id=890}: close time.busy=11.0µs time.idle=11.6µs
2026-05-30T13:36:48.120638Z  INFO handle_request{method="textDocument/documentSymbol" id=891}: new
2026-05-30T13:36:48.120644Z  INFO handle_request{method="textDocument/documentSymbol" id=891}: close time.busy=2.97µs time.idle=2.69µs
2026-05-30T13:36:48.192997Z  INFO handle_request{method="textDocument/hover" id=892}: new
2026-05-30T13:36:48.193017Z  INFO handle_request{method="textDocument/hover" id=892}: close time.busy=9.78µs time.idle=10.3µs
2026-05-30T13:36:49.326432Z  INFO handle_request{method="textDocument/definition" id=893}: new
2026-05-30T13:36:49.326462Z  INFO handle_request{method="textDocument/definition" id=893}: close time.busy=16.3µs time.idle=15.0µs
2026-05-30T13:36:49.326513Z  INFO send_notification{method="telemetry/event"}: new
2026-05-30T13:36:49.326522Z  INFO send_notification{method="telemetry/event"}: close time.busy=2.07µs time.idle=7.38µs
2026-05-30T13:36:49.564861Z  INFO handle_notification{method="textDocument/didChange"}: new
2026-05-30T13:36:49.564900Z  INFO handle_notification{method="textDocument/didChange"}: close time.busy=20.9µs time.idle=19.0µs
2026-05-30T13:36:49.764997Z  INFO pb_proj::upd: new
2026-05-30T13:36:49.765072Z  INFO handle_request{method="textDocument/foldingRange" id=894}: new
2026-05-30T13:36:49.765096Z  INFO handle_request{method="textDocument/foldingRange" id=894}: close time.busy=12.5µs time.idle=12.0µs
2026-05-30T13:36:49.765119Z  INFO pb_proj::upd: close time.busy=106µs time.idle=16.2µs
2026-05-30T13:36:49.765138Z  INFO GC: vers to remove: [Version(350)]
2026-05-30T13:36:49.765215Z  INFO send_notification{method="textDocument/publishDiagnostics"}: new
2026-05-30T13:36:49.765221Z  INFO send_notification{method="textDocument/publishDiagnostics"}: close time.busy=1.94µs time.idle=4.06µs
2026-05-30T13:36:49.765227Z  INFO send_notification{method="textDocument/publishDiagnostics"}: new
2026-05-30T13:36:49.765230Z  INFO send_notification{method="textDocument/publishDiagnostics"}: close time.busy=240ns time.idle=3.20µs
2026-05-30T13:36:49.914741Z  INFO handle_request{method="textDocument/documentSymbol" id=895}: new
2026-05-30T13:36:49.914769Z  INFO handle_request{method="textDocument/documentSymbol" id=895}: close time.busy=14.0µs time.idle=14.0µs
2026-05-30T13:36:49.914778Z  INFO handle_request{method="textDocument/documentSymbol" id=896}: new
2026-05-30T13:36:49.914788Z  INFO handle_request{method="textDocument/documentSymbol" id=896}: close time.busy=6.83µs time.idle=3.08µs
2026-05-30T13:36:50.769048Z  INFO handle_notification{method="textDocument/didChange"}: new
2026-05-30T13:36:50.769081Z  INFO handle_notification{method="textDocument/didChange"}: close time.busy=18.8µs time.idle=15.3µs
2026-05-30T13:36:50.969165Z  INFO pb_proj::upd: new
2026-05-30T13:36:50.969354Z  INFO pb_proj::upd: close time.busy=172µs time.idle=17.5µs
2026-05-30T13:36:50.969374Z  INFO GC: vers to remove: [Version(351)]
2026-05-30T13:36:50.969425Z  INFO send_notification{method="textDocument/publishDiagnostics"}: new
2026-05-30T13:36:50.969437Z  INFO send_notification{method="textDocument/publishDiagnostics"}: close time.busy=4.25µs time.idle=7.90µs
2026-05-30T13:36:50.969447Z  INFO send_notification{method="textDocument/publishDiagnostics"}: new
2026-05-30T13:36:50.969451Z  INFO send_notification{method="textDocument/publishDiagnostics"}: close time.busy=180ns time.idle=3.47µs
2026-05-30T13:36:50.970951Z  INFO handle_request{method="textDocument/foldingRange" id=897}: new
2026-05-30T13:36:50.970966Z  INFO handle_request{method="textDocument/foldingRange" id=897}: close time.busy=9.86µs time.idle=4.76µs
2026-05-30T13:36:51.121288Z  INFO handle_request{method="textDocument/documentSymbol" id=898}: new
2026-05-30T13:36:51.121312Z  INFO handle_request{method="textDocument/documentSymbol" id=898}: close time.busy=12.6µs time.idle=11.0µs
2026-05-30T13:36:51.121326Z  INFO handle_request{method="textDocument/documentSymbol" id=899}: new
2026-05-30T13:36:51.121340Z  INFO handle_request{method="textDocument/documentSymbol" id=899}: close time.busy=8.17µs time.idle=5.56µs
2026-05-30T13:36:51.122354Z  INFO handle_request{method="textDocument/foldingRange" id=900}: new
2026-05-30T13:36:51.122376Z  INFO handle_request{method="textDocument/foldingRange" id=900}: close time.busy=12.3µs time.idle=9.40µs
2026-05-30T13:36:51.368982Z  INFO handle_notification{method="textDocument/didChange"}: new
2026-05-30T13:36:51.369012Z  INFO handle_notification{method="textDocument/didChange"}: close time.busy=17.2µs time.idle=13.7µs
2026-05-30T13:36:51.409397Z  INFO handle_notification{method="textDocument/didChange"}: new
2026-05-30T13:36:51.409420Z  INFO handle_notification{method="textDocument/didChange"}: close time.busy=13.8µs time.idle=9.75µs
2026-05-30T13:36:51.450039Z  INFO handle_notification{method="textDocument/didChange"}: new
2026-05-30T13:36:51.450061Z  INFO handle_notification{method="textDocument/didChange"}: close time.busy=13.2µs time.idle=9.90µs
2026-05-30T13:36:51.491181Z  INFO handle_notification{method="textDocument/didChange"}: new
2026-05-30T13:36:51.491209Z  INFO handle_notification{method="textDocument/didChange"}: close time.busy=15.2µs time.idle=13.3µs
2026-05-30T13:36:51.531458Z  INFO handle_notification{method="textDocument/didChange"}: new
2026-05-30T13:36:51.531482Z  INFO handle_notification{method="textDocument/didChange"}: close time.busy=12.8µs time.idle=11.4µs
2026-05-30T13:36:51.572021Z  INFO handle_notification{method="textDocument/didChange"}: new
2026-05-30T13:36:51.572044Z  INFO handle_notification{method="textDocument/didChange"}: close time.busy=13.8µs time.idle=9.62µs
2026-05-30T13:36:51.612973Z  INFO handle_notification{method="textDocument/didChange"}: new
2026-05-30T13:36:51.612997Z  INFO handle_notification{method="textDocument/didChange"}: close time.busy=14.0µs time.idle=10.5µs
2026-05-30T13:36:51.654120Z  INFO handle_notification{method="textDocument/didChange"}: new
2026-05-30T13:36:51.654143Z  INFO handle_notification{method="textDocument/didChange"}: close time.busy=12.8µs time.idle=9.79µs
2026-05-30T13:36:51.694742Z  INFO handle_notification{method="textDocument/didChange"}: new
2026-05-30T13:36:51.694766Z  INFO handle_notification{method="textDocument/didChange"}: close time.busy=13.9µs time.idle=10.4µs
2026-05-30T13:36:51.735793Z  INFO handle_notification{method="textDocument/didChange"}: new
2026-05-30T13:36:51.735817Z  INFO handle_notification{method="textDocument/didChange"}: close time.busy=14.8µs time.idle=10.4µs
2026-05-30T13:36:51.776173Z  INFO handle_notification{method="textDocument/didChange"}: new
2026-05-30T13:36:51.776197Z  INFO handle_notification{method="textDocument/didChange"}: close time.busy=14.5µs time.idle=10.4µs
2026-05-30T13:36:51.817024Z  INFO handle_notification{method="textDocument/didChange"}: new
2026-05-30T13:36:51.817048Z  INFO handle_notification{method="textDocument/didChange"}: close time.busy=14.0µs time.idle=10.4µs
2026-05-30T13:36:51.857268Z  INFO handle_notification{method="textDocument/didChange"}: new
2026-05-30T13:36:51.857294Z  INFO handle_notification{method="textDocument/didChange"}: close time.busy=14.1µs time.idle=12.2µs
2026-05-30T13:36:51.897817Z  INFO handle_notification{method="textDocument/didChange"}: new
2026-05-30T13:36:51.897843Z  INFO handle_notification{method="textDocument/didChange"}: close time.busy=16.1µs time.idle=10.5µs
2026-05-30T13:36:51.938626Z  INFO handle_notification{method="textDocument/didChange"}: new
2026-05-30T13:36:51.938650Z  INFO handle_notification{method="textDocument/didChange"}: close time.busy=13.8µs time.idle=11.1µs
2026-05-30T13:36:52.050327Z  INFO handle_notification{method="textDocument/didChange"}: new
2026-05-30T13:36:52.050359Z  INFO handle_notification{method="textDocument/didChange"}: close time.busy=17.7µs time.idle=14.1µs
2026-05-30T13:36:52.190435Z  INFO handle_notification{method="textDocument/didChange"}: new
2026-05-30T13:36:52.190467Z  INFO handle_notification{method="textDocument/didChange"}: close time.busy=19.0µs time.idle=13.7µs
2026-05-30T13:36:52.390580Z  INFO pb_proj::upd: new
2026-05-30T13:36:52.390794Z  INFO pb_proj::upd: close time.busy=197µs time.idle=17.5µs
2026-05-30T13:36:52.390814Z  INFO GC: vers to remove: [Version(352)]
2026-05-30T13:36:52.390859Z  INFO send_notification{method="textDocument/publishDiagnostics"}: new
2026-05-30T13:36:52.390873Z  INFO send_notification{method="textDocument/publishDiagnostics"}: close time.busy=3.02µs time.idle=11.1µs
2026-05-30T13:36:52.390916Z  INFO send_notification{method="textDocument/publishDiagnostics"}: new
2026-05-30T13:36:52.390920Z  INFO send_notification{method="textDocument/publishDiagnostics"}: close time.busy=1.40µs time.idle=3.02µs
2026-05-30T13:36:52.391170Z  INFO handle_request{method="textDocument/foldingRange" id=901}: new
2026-05-30T13:36:52.391183Z  INFO handle_request{method="textDocument/foldingRange" id=901}: close time.busy=9.04µs time.idle=4.27µs
2026-05-30T13:36:52.538122Z  INFO handle_notification{method="textDocument/didChange"}: new
2026-05-30T13:36:52.538160Z  INFO handle_notification{method="textDocument/didChange"}: close time.busy=23.1µs time.idle=15.3µs
2026-05-30T13:36:52.549098Z  INFO handle_request{method="textDocument/documentSymbol" id=902}: new
2026-05-30T13:36:52.549139Z  INFO handle_request{method="textDocument/documentSymbol" id=902}: close time.busy=17.8µs time.idle=23.8µs
2026-05-30T13:36:52.549158Z  INFO pb_proj::upd: new
2026-05-30T13:36:52.549645Z  INFO pb_proj::upd: close time.busy=477µs time.idle=10.5µs
2026-05-30T13:36:52.738882Z  INFO handle_request{method="textDocument/foldingRange" id=903}: new
2026-05-30T13:36:52.738941Z  INFO handle_request{method="textDocument/foldingRange" id=903}: close time.busy=13.2µs time.idle=46.5µs
2026-05-30T13:36:52.767453Z  INFO handle_notification{method="textDocument/didChange"}: new
2026-05-30T13:36:52.767473Z  INFO handle_notification{method="textDocument/didChange"}: close time.busy=12.6µs time.idle=8.18µs
2026-05-30T13:36:52.967578Z  INFO pb_proj::upd: new
2026-05-30T13:36:52.967770Z  INFO handle_request{method="textDocument/foldingRange" id=904}: new
2026-05-30T13:36:52.967766Z  INFO pb_proj::upd: close time.busy=171µs time.idle=18.2µs
2026-05-30T13:36:52.967789Z  INFO handle_request{method="textDocument/foldingRange" id=904}: close time.busy=9.92µs time.idle=9.60µs
2026-05-30T13:36:52.967798Z  INFO GC: vers to remove: [Version(353), Version(354)]
2026-05-30T13:36:52.967906Z  INFO send_notification{method="textDocument/publishDiagnostics"}: new
2026-05-30T13:36:52.967914Z  INFO send_notification{method="textDocument/publishDiagnostics"}: close time.busy=2.33µs time.idle=6.06µs
2026-05-30T13:36:52.967923Z  INFO send_notification{method="textDocument/publishDiagnostics"}: new
2026-05-30T13:36:52.967929Z  INFO send_notification{method="textDocument/publishDiagnostics"}: close time.busy=1.71µs time.idle=4.64µs
2026-05-30T13:36:53.117828Z  INFO handle_request{method="textDocument/documentSymbol" id=905}: new
2026-05-30T13:36:53.117854Z  INFO handle_request{method="textDocument/documentSymbol" id=905}: close time.busy=14.0µs time.idle=13.2µs
2026-05-30T13:36:53.117863Z  INFO handle_request{method="textDocument/documentSymbol" id=906}: new
2026-05-30T13:36:53.117876Z  INFO handle_request{method="textDocument/documentSymbol" id=906}: close time.busy=9.63µs time.idle=2.70µs
2026-05-30T13:36:53.440741Z  INFO handle_request{method="textDocument/definition" id=907}: new
2026-05-30T13:36:53.440770Z  INFO handle_request{method="textDocument/definition" id=907}: close time.busy=16.5µs time.idle=12.7µs
2026-05-30T13:36:53.440813Z  INFO send_notification{method="telemetry/event"}: new
2026-05-30T13:36:53.440822Z  INFO send_notification{method="telemetry/event"}: close time.busy=2.13µs time.idle=7.24µs
2026-05-30T13:36:53.692896Z  INFO handle_notification{method="textDocument/didSave"}: new
2026-05-30T13:36:53.692915Z  INFO handle_notification{method="textDocument/didSave"}: close time.busy=8.08µs time.idle=11.5µs
2026-05-30T13:36:53.724042Z  INFO handle_request{method="textDocument/definition" id=908}: new
2026-05-30T13:36:53.724069Z  INFO handle_request{method="textDocument/definition" id=908}: close time.busy=15.4µs time.idle=12.1µs
2026-05-30T13:36:53.724108Z  INFO send_notification{method="telemetry/event"}: new
2026-05-30T13:36:53.724116Z  INFO send_notification{method="telemetry/event"}: close time.busy=2.11µs time.idle=6.26µs
2026-05-30T13:36:53.790461Z  INFO handle_request{method="textDocument/definition" id=909}: new
2026-05-30T13:36:53.790484Z  INFO handle_request{method="textDocument/definition" id=909}: close time.busy=12.1µs time.idle=11.4µs
2026-05-30T13:36:53.790519Z  INFO send_notification{method="telemetry/event"}: new
2026-05-30T13:36:53.790525Z  INFO send_notification{method="telemetry/event"}: close time.busy=2.13µs time.idle=4.64µs
2026-05-30T13:36:53.807325Z  INFO handle_request{method="textDocument/definition" id=910}: new
2026-05-30T13:36:53.807340Z  INFO handle_request{method="textDocument/definition" id=910}: close time.busy=7.97µs time.idle=7.49µs
2026-05-30T13:36:53.807375Z  INFO send_notification{method="telemetry/event"}: new
2026-05-30T13:36:53.807385Z  INFO send_notification{method="telemetry/event"}: close time.busy=2.22µs time.idle=8.22µs
2026-05-30T13:36:53.985061Z  INFO handle_notification{method="workspace/didChangeWatchedFiles"}: new
2026-05-30T13:36:53.985083Z  INFO handle_notification{method="workspace/didChangeWatchedFiles"}: close time.busy=11.2µs time.idle=11.8µs
2026-05-30T13:36:53.985094Z  INFO changes: {
  kind=Changed url=file:///home/maksim/Projects/Go/Project/sso/proto/sso/sso.proto
}
2026-05-30T13:36:54.185218Z  INFO pb_proj::upd: new
2026-05-30T13:36:54.185338Z  INFO pb_proj::upd: close time.busy=107µs time.idle=13.1µs
2026-05-30T13:36:54.185360Z  INFO GC: vers to remove: [Version(355)]
2026-05-30T13:36:54.185439Z  INFO send_notification{method="textDocument/publishDiagnostics"}: new
2026-05-30T13:36:54.185446Z  INFO send_notification{method="textDocument/publishDiagnostics"}: close time.busy=2.65µs time.idle=4.57µs
2026-05-30T13:36:54.185452Z  INFO send_notification{method="textDocument/publishDiagnostics"}: new
2026-05-30T13:36:54.185454Z  INFO send_notification{method="textDocument/publishDiagnostics"}: close time.busy=210ns time.idle=2.42µs
2026-05-30T13:36:55.036694Z  INFO handle_request{method="textDocument/foldingRange" id=911}: new
2026-05-30T13:36:55.036719Z  INFO handle_request{method="textDocument/foldingRange" id=911}: close time.busy=12.3µs time.idle=13.1µs
2026-05-30T13:36:55.136967Z  INFO handle_request{method="textDocument/documentSymbol" id=912}: new
2026-05-30T13:36:55.136991Z  INFO handle_request{method="textDocument/documentSymbol" id=912}: close time.busy=11.4µs time.idle=12.7µs
2026-05-30T13:36:56.024282Z  INFO handle_request{method="textDocument/hover" id=913}: new
2026-05-30T13:36:56.024311Z  INFO handle_request{method="textDocument/hover" id=913}: close time.busy=15.8µs time.idle=14.4µs
2026-05-30T13:36:56.507442Z  INFO handle_request{method="textDocument/hover" id=914}: new
2026-05-30T13:36:56.507471Z  INFO handle_request{method="textDocument/hover" id=914}: close time.busy=15.3µs time.idle=14.7µs
2026-05-30T13:37:03.773997Z  INFO handle_request{method="textDocument/hover" id=915}: new
2026-05-30T13:37:03.774026Z  INFO handle_request{method="textDocument/hover" id=915}: close time.busy=16.1µs time.idle=14.2µs
2026-05-30T13:37:03.940566Z  INFO handle_request{method="textDocument/hover" id=916}: new
2026-05-30T13:37:03.940595Z  INFO handle_request{method="textDocument/hover" id=916}: close time.busy=15.7µs time.idle=14.7µs
2026-05-30T13:37:05.627289Z  INFO handle_request{method="textDocument/hover" id=917}: new
2026-05-30T13:37:05.627320Z  INFO handle_request{method="textDocument/hover" id=917}: close time.busy=15.6µs time.idle=16.1µs
2026-05-30T13:37:06.052613Z  INFO handle_request{method="textDocument/hover" id=918}: new
2026-05-30T13:37:06.052641Z  INFO handle_request{method="textDocument/hover" id=918}: close time.busy=15.2µs time.idle=14.0µs
2026-05-30T13:37:07.258175Z  INFO handle_request{method="textDocument/hover" id=919}: new
2026-05-30T13:37:07.258206Z  INFO handle_request{method="textDocument/hover" id=919}: close time.busy=15.7µs time.idle=15.9µs
2026-05-30T13:37:07.444831Z  INFO handle_request{method="textDocument/hover" id=920}: new
2026-05-30T13:37:07.444860Z  INFO handle_request{method="textDocument/hover" id=920}: close time.busy=15.4µs time.idle=14.7µs
2026-05-30T13:37:09.290149Z  INFO handle_notification{method="textDocument/didChange"}: new
2026-05-30T13:37:09.290180Z  INFO handle_notification{method="textDocument/didChange"}: close time.busy=17.2µs time.idle=14.9µs
2026-05-30T13:37:09.490278Z  INFO pb_proj::upd: new
2026-05-30T13:37:09.490497Z  INFO pb_proj::upd: close time.busy=201µs time.idle=18.4µs
2026-05-30T13:37:09.490513Z  INFO GC: vers to remove: [Version(356)]
2026-05-30T13:37:09.490601Z  INFO send_notification{method="textDocument/publishDiagnostics"}: new
2026-05-30T13:37:09.490614Z  INFO send_notification{method="textDocument/publishDiagnostics"}: close time.busy=3.73µs time.idle=9.73µs
2026-05-30T13:37:09.490622Z  INFO send_notification{method="textDocument/publishDiagnostics"}: new
2026-05-30T13:37:09.490625Z  INFO send_notification{method="textDocument/publishDiagnostics"}: close time.busy=220ns time.idle=3.04µs
2026-05-30T13:37:09.491326Z  INFO handle_request{method="textDocument/foldingRange" id=921}: new
2026-05-30T13:37:09.491347Z  INFO handle_request{method="textDocument/foldingRange" id=921}: close time.busy=10.5µs time.idle=10.0µs
2026-05-30T13:37:09.641833Z  INFO handle_request{method="textDocument/documentSymbol" id=922}: new
2026-05-30T13:37:09.641850Z  INFO handle_request{method="textDocument/documentSymbol" id=922}: close time.busy=7.90µs time.idle=9.01µs
2026-05-30T13:37:09.641857Z  INFO handle_request{method="textDocument/documentSymbol" id=923}: new
2026-05-30T13:37:09.641864Z  INFO handle_request{method="textDocument/documentSymbol" id=923}: close time.busy=4.30µs time.idle=2.66µs
2026-05-30T13:37:10.029854Z  INFO handle_notification{method="textDocument/didSave"}: new
2026-05-30T13:37:10.029889Z  INFO handle_notification{method="textDocument/didSave"}: close time.busy=9.18µs time.idle=27.2µs
2026-05-30T13:37:10.322634Z  INFO handle_notification{method="workspace/didChangeWatchedFiles"}: new
2026-05-30T13:37:10.322660Z  INFO handle_notification{method="workspace/didChangeWatchedFiles"}: close time.busy=12.3µs time.idle=14.4µs
2026-05-30T13:37:10.322684Z  INFO changes: {
  kind=Changed url=file:///home/maksim/Projects/Go/Project/sso/proto/permissions/permissions.proto
}
2026-05-30T13:37:10.522813Z  INFO pb_proj::upd: new
2026-05-30T13:37:10.522966Z  INFO pb_proj::upd: close time.busy=140µs time.idle=13.3µs
2026-05-30T13:37:10.522987Z  INFO GC: vers to remove: [Version(357)]
2026-05-30T13:37:10.523090Z  INFO send_notification{method="textDocument/publishDiagnostics"}: new
2026-05-30T13:37:10.523102Z  INFO send_notification{method="textDocument/publishDiagnostics"}: close time.busy=2.42µs time.idle=9.31µs
2026-05-30T13:37:10.523109Z  INFO send_notification{method="textDocument/publishDiagnostics"}: new
2026-05-30T13:37:10.523111Z  INFO send_notification{method="textDocument/publishDiagnostics"}: close time.busy=210ns time.idle=2.67µs
2026-05-30T13:37:29.234213Z  INFO handle_notification{method="workspace/didChangeWatchedFiles"}: new
2026-05-30T13:37:29.234238Z  INFO handle_notification{method="workspace/didChangeWatchedFiles"}: close time.busy=13.2µs time.idle=12.9µs
2026-05-30T13:37:29.234262Z  INFO changes: {
  kind=Deleted url=file:///home/maksim/Projects/Go/Project/sso/gen/go/permissions
}
2026-05-30T13:37:29.434374Z  INFO pb_proj::upd: new
2026-05-30T13:37:29.434467Z  INFO pb_proj::upd: close time.busy=78.7µs time.idle=15.5µs
2026-05-30T13:37:29.434492Z  INFO GC: vers to remove: [Version(358)]
2026-05-30T13:37:29.434590Z  INFO send_notification{method="textDocument/publishDiagnostics"}: new
2026-05-30T13:37:29.434599Z  INFO send_notification{method="textDocument/publishDiagnostics"}: close time.busy=3.70µs time.idle=6.26µs
2026-05-30T13:37:29.434606Z  INFO send_notification{method="textDocument/publishDiagnostics"}: new
2026-05-30T13:37:29.434609Z  INFO send_notification{method="textDocument/publishDiagnostics"}: close time.busy=220ns time.idle=2.77µs
2026-05-30T13:37:33.510665Z  INFO handle_notification{method="workspace/didChangeWatchedFiles"}: new
2026-05-30T13:37:33.510694Z  INFO handle_notification{method="workspace/didChangeWatchedFiles"}: close time.busy=14.7µs time.idle=15.3µs
2026-05-30T13:37:33.510714Z  INFO changes: {
  kind=Deleted url=file:///home/maksim/Projects/Go/Project/sso/gen/go/sso
}
2026-05-30T13:37:33.710839Z  INFO pb_proj::upd: new
2026-05-30T13:37:33.710996Z  INFO pb_proj::upd: close time.busy=143µs time.idle=14.3µs
2026-05-30T13:37:33.711019Z  INFO GC: vers to remove: [Version(359)]
2026-05-30T13:37:33.711116Z  INFO send_notification{method="textDocument/publishDiagnostics"}: new
2026-05-30T13:37:33.711128Z  INFO send_notification{method="textDocument/publishDiagnostics"}: close time.busy=4.60µs time.idle=7.51µs
2026-05-30T13:37:33.711137Z  INFO send_notification{method="textDocument/publishDiagnostics"}: new
2026-05-30T13:37:33.711141Z  INFO send_notification{method="textDocument/publishDiagnostics"}: close time.busy=200ns time.idle=3.79µs
2026-05-30T13:37:37.512424Z  INFO handle_notification{method="workspace/didChangeWatchedFiles"}: new
2026-05-30T13:37:37.512465Z  INFO handle_notification{method="workspace/didChangeWatchedFiles"}: close time.busy=19.4µs time.idle=21.5µs
2026-05-30T13:37:37.512490Z  INFO changes: {
  kind=Created url=file:///home/maksim/Projects/Go/Project/sso/gen/go/permissions
  kind=Created url=file:///home/maksim/Projects/Go/Project/sso/gen/go/permissions/permissions_grpc.pb.go
  kind=Created url=file:///home/maksim/Projects/Go/Project/sso/gen/go/sso
  kind=Created url=file:///home/maksim/Projects/Go/Project/sso/gen/go/sso/sso_grpc.pb.go
}
2026-05-30T13:37:37.712965Z  INFO pb_proj::upd: new
2026-05-30T13:37:37.713098Z  INFO pb_proj::upd: close time.busy=116µs time.idle=17.2µs
2026-05-30T13:37:37.713116Z  INFO GC: vers to remove: [Version(360)]
2026-05-30T13:37:37.713201Z  INFO send_notification{method="textDocument/publishDiagnostics"}: new
2026-05-30T13:37:37.713213Z  INFO send_notification{method="textDocument/publishDiagnostics"}: close time.busy=4.32µs time.idle=7.48µs
2026-05-30T13:37:37.713221Z  INFO send_notification{method="textDocument/publishDiagnostics"}: new
2026-05-30T13:37:37.713227Z  INFO send_notification{method="textDocument/publishDiagnostics"}: close time.busy=1.42µs time.idle=4.63µs
2026-05-30T13:41:03.551713Z  INFO handle_notification{method="workspace/didChangeWatchedFiles"}: new
2026-05-30T13:41:03.551739Z  INFO handle_notification{method="workspace/didChangeWatchedFiles"}: close time.busy=12.4µs time.idle=13.8µs
2026-05-30T13:41:03.551751Z  INFO changes: {
  kind=Created url=file:///home/maksim/Projects/Go/Project/sso/internal/services/permissions/permissions.go
}
2026-05-30T13:41:03.752112Z  INFO pb_proj::upd: new
2026-05-30T13:41:03.752295Z  INFO pb_proj::upd: close time.busy=159µs time.idle=25.3µs
2026-05-30T13:41:03.752317Z  INFO GC: vers to remove: [Version(361)]
2026-05-30T13:41:03.752401Z  INFO send_notification{method="textDocument/publishDiagnostics"}: new
2026-05-30T13:41:03.752408Z  INFO send_notification{method="textDocument/publishDiagnostics"}: close time.busy=3.63µs time.idle=3.95µs
2026-05-30T13:41:03.752414Z  INFO send_notification{method="textDocument/publishDiagnostics"}: new
2026-05-30T13:41:03.752418Z  INFO send_notification{method="textDocument/publishDiagnostics"}: close time.busy=240ns time.idle=3.03µs
2026-05-30T13:49:08.017452Z  INFO handle_request{method="shutdown" id=924}: new
2026-05-30T13:49:08.017473Z  INFO handle_request{method="shutdown" id=924}: close time.busy=6.59µs time.idle=15.1µs
